soil_moisture_(%),env_temperature_(°C),env_humidity_(%),plants_temp_(°C),plants_hum_(%),light_intensity_(lux),power_(W),soil_moisture_baseline,max_anomaly_detected,label
99.98,14.59,42.05,13.52,45.36,7359.44,1.1,67.91,27.26,EXCESS_WATER
51.17,27.59,43.8,21.91,40.98,73966.7,2.53,45.69,24.22,OK
71.91,16.46,54.6,15.66,57.21,157285.8,5.21,89.74,33.76,WATER
36.57,17.73,87.38,19.69,87.93,157285.8,6.05,40.07,33.24,WATER
63.31,6.66,86.52,6.26,89.91,157285.8,5.56,72.99,24.0,LOW_TEMP_ALERT
83.35,23.49,77.22,19.43,75.42,0.0,0.0,81.72,30.4,NIGHT_OK
64.53,40.74,86.41,36.01,100.0,23892.77,0.87,60.61,30.49,NOT_ABLE_TO_VENTILATE
32.81,29.19,71.17,27.32,78.52,2494.83,0.6,36.76,33.62,NOT_ABLE_TO_WATER
17.86,24.37,87.54,20.36,81.46,157285.8,4.2,18.35,43.61,ANOMALY_DETECTED
74.53,25.81,24.3,26.85,20.49,157285.8,5.76,73.87,29.26,OK
23.23,44.95,19.83,46.13,18.62,44615.7,1.29,21.04,34.09,NOT_ABLE_TO_WATER
5.57,21.72,48.59,21.6,48.21,107431.16,3.65,23.35,26.0,WATER
94.04,18.3,86.93,16.66,97.72,157285.8,5.88,93.0,34.55,OK
75.87,11.64,91.28,12.44,87.58,4510.52,0.0,44.44,31.23,FUNGI_ALERT_EXCESS_WATER
61.53,39.52,50.98,39.82,70.35,18801.15,0.29,68.0,35.29,NOT_ABLE_TO_VENTILATE
15.19,31.4,34.24,32.76,50.83,0.0,0.0,58.89,36.92,NOT_ABLE_TO_WATER
57.99,37.41,84.52,36.17,82.55,157285.8,5.58,63.35,33.38,VENTILATE
20.58,31.92,33.23,29.99,35.64,0.0,0.0,21.2,29.2,NOT_ABLE_TO_WATER
48.3,14.38,79.35,13.97,82.51,0.0,0.0,51.98,25.37,LOW_TEMP_ALERT
22.23,19.14,46.49,14.99,50.16,126409.4,3.77,13.58,28.65,WATER
41.73,7.61,88.66,5.17,95.25,157285.8,6.18,81.47,33.34,WATER
10.62,40.33,92.38,42.86,100.0,17838.31,0.76,17.72,31.23,NOT_ABLE_TO_WATER
92.41,38.92,67.48,40.6,68.42,123084.1,4.02,93.42,30.05,VENTILATE
30.88,42.66,34.51,38.02,44.12,157285.8,5.71,33.1,26.69,WATER
10.23,19.72,29.98,19.99,42.74,128488.03,3.47,87.74,32.69,WATER
83.21,44.95,85.46,45.16,88.12,0.0,0.0,64.91,31.04,FUNGI_ALERT_EXCESS_WATER
60.61,14.61,70.08,10.67,78.99,32422.89,1.66,60.7,27.04,LOW_TEMP_ALERT
24.01,9.91,20.5,4.99,30.98,0.0,0.0,33.56,30.0,NOT_ABLE_TO_WATER
42.27,34.02,16.44,33.35,10.46,0.0,0.0,72.07,35.4,NOT_ABLE_TO_WATER
70.86,20.51,87.77,19.11,91.16,30672.11,1.78,56.21,29.05,FUNGI_ALERT_EXCESS_WATER
36.62,26.13,39.77,24.65,50.15,157285.8,5.05,41.89,29.26,WATER
74.42,16.96,56.22,18.37,52.68,157285.8,4.66,74.78,35.85,OK
84.99,8.27,93.97,3.38,88.65,6689.29,0.28,82.05,24.0,LOW_TEMP_ALERT
42.62,41.62,56.22,43.04,76.35,157285.8,4.8,84.32,36.09,WATER
53.84,10.27,31.69,8.39,28.9,77.15,0.0,17.49,34.35,EXCESS_WATER
35.62,11.95,66.76,12.0,68.48,0.0,0.0,33.57,30.84,NOT_ABLE_TO_WATER
57.48,33.42,40.47,31.21,46.05,157285.8,5.39,60.69,31.91,OK
77.65,19.48,88.98,16.73,100.0,0.0,0.0,55.63,26.69,FUNGI_ALERT_EXCESS_WATER
24.66,22.58,35.25,20.36,38.95,0.0,0.0,28.05,25.4,NOT_ABLE_TO_WATER
88.99,22.52,33.06,20.88,49.41,64805.0,2.48,89.5,27.97,OK
77.63,31.85,78.63,30.95,75.51,0.0,0.0,30.41,26.65,FUNGI_ALERT_EXCESS_WATER
23.14,15.64,93.85,12.06,100.0,7725.19,0.84,12.0,28.27,NOT_ABLE_TO_WATER
21.12,38.94,16.72,33.79,25.57,157285.8,5.23,12.64,30.51,WATER
29.86,39.86,21.24,40.99,28.75,157285.8,5.59,33.58,29.16,WATER
33.86,44.15,43.19,40.37,60.2,50717.46,1.43,29.47,33.44,NOT_ABLE_TO_WATER
58.98,33.94,74.04,34.02,85.61,0.0,0.0,64.38,32.06,NIGHT_OK
22.75,13.15,60.43,7.53,66.5,0.0,0.0,32.17,31.8,NOT_ABLE_TO_WATER
8.63,29.87,69.93,28.7,75.06,47916.97,1.78,11.4,33.6,NOT_ABLE_TO_WATER
19.5,43.45,24.28,38.96,26.82,0.0,0.0,22.19,43.88,NOT_ABLE_TO_WATER
48.88,13.67,69.6,9.95,78.64,157285.8,5.75,46.05,29.58,LOW_TEMP_ALERT
97.01,6.52,86.42,6.47,88.68,0.0,0.0,12.31,34.16,FUNGI_ALERT_EXCESS_WATER
41.63,25.67,24.49,23.65,26.3,0.0,0.0,46.21,25.54,NIGHT_OK
74.23,25.75,41.0,21.35,37.97,157285.8,6.13,75.08,35.63,OK
57.2,18.16,82.71,16.42,76.95,25073.38,0.61,52.35,33.85,OK
26.7,30.87,74.02,28.31,81.75,0.0,0.0,52.91,35.69,NOT_ABLE_TO_WATER
85.82,14.19,25.25,9.58,28.8,40138.36,0.63,86.05,28.65,LOW_TEMP_ALERT
26.02,32.79,93.78,30.26,100.0,157285.8,5.1,29.76,29.28,WATER
97.2,18.71,45.72,16.24,49.16,18949.53,0.0,33.14,31.2,EXCESS_WATER
0.42,18.05,29.34,15.85,37.61,0.0,0.0,31.7,29.25,NOT_ABLE_TO_WATER
54.52,21.76,74.26,19.56,76.95,7845.38,0.85,61.37,29.76,LOW_LIGHT
20.52,12.12,54.4,8.98,53.78,0.0,0.0,24.19,33.54,NOT_ABLE_TO_WATER
70.63,44.16,75.29,44.66,84.09,157285.8,5.0,14.06,27.37,FUNGI_ALERT_EXCESS_WATER
75.3,22.55,18.42,22.42,32.58,135585.94,4.99,17.5,35.02,EXCESS_WATER
91.71,40.58,35.98,39.85,41.43,157285.8,4.19,88.98,27.54,VENTILATE
91.71,9.8,49.75,9.32,50.85,4946.12,0.0,88.78,26.96,LOW_TEMP_ALERT
74.34,43.44,52.69,42.7,64.51,0.0,0.0,32.46,34.37,FUNGI_ALERT_EXCESS_WATER
15.71,43.85,59.08,45.79,53.97,148190.21,4.98,92.0,31.68,WATER
62.22,14.35,92.35,10.57,91.9,32891.61,0.58,62.44,25.91,LOW_TEMP_ALERT
67.9,31.01,87.6,26.56,90.2,6261.02,0.73,72.33,29.14,LOW_LIGHT
19.67,26.17,56.65,23.47,59.97,157285.8,5.06,64.57,27.59,WATER
29.57,19.38,44.57,19.17,34.35,26389.74,0.62,22.67,35.69,NOT_ABLE_TO_WATER
67.87,40.94,24.89,38.85,34.74,101680.66,3.06,71.66,31.93,HYDRIC_STRESS_ALERT
96.4,22.78,43.87,21.71,42.6,0.0,0.0,70.0,39.31,FUNGI_ALERT_EXCESS_WATER
31.1,37.64,43.24,35.48,53.53,0.0,0.0,33.55,35.94,NOT_ABLE_TO_WATER
66.67,18.5,91.28,19.28,89.36,34976.28,0.41,68.12,31.65,OK
81.54,41.2,86.4,43.78,89.53,0.0,0.0,33.59,25.3,FUNGI_ALERT_EXCESS_WATER
57.06,22.19,28.68,21.63,33.97,11712.8,0.76,60.21,30.94,OK
19.92,8.16,91.87,8.21,92.88,157285.8,5.38,22.43,30.51,WATER
70.95,30.12,49.32,28.08,68.93,157285.8,4.46,57.89,35.11,EXCESS_WATER
34.46,40.05,47.37,36.74,54.76,2930.58,0.02,27.95,31.9,NOT_ABLE_TO_WATER
41.9,35.43,68.08,35.96,71.93,0.0,0.0,43.13,33.51,NIGHT_OK
77.15,32.93,22.93,31.11,36.58,18072.41,1.08,73.39,29.6,OK
49.34,17.67,20.99,15.32,27.83,157285.8,5.7,51.69,29.26,OK
39.93,14.51,94.68,12.96,95.12,1485.62,0.49,39.97,28.43,NOT_ABLE_TO_WATER
99.29,27.67,42.97,25.03,48.44,157285.8,4.98,61.9,33.46,EXCESS_WATER
96.79,43.78,23.28,44.45,32.83,0.0,0.0,87.62,29.12,HYDRIC_STRESS_ALERT
56.1,24.73,28.62,22.45,24.92,0.0,0.0,28.79,26.04,FUNGI_ALERT_EXCESS_WATER
10.08,38.47,32.36,36.08,40.8,16031.66,0.0,85.95,29.7,NOT_ABLE_TO_WATER
75.74,33.07,20.25,30.97,34.09,39356.83,1.06,76.85,36.17,OK
54.98,16.01,48.43,12.55,62.3,0.0,0.0,53.93,32.45,LOW_TEMP_ALERT
5.36,21.37,66.82,18.85,90.02,47533.74,1.89,77.08,29.51,NOT_ABLE_TO_WATER
87.43,24.51,31.38,20.47,51.23,0.0,0.0,87.32,27.36,NIGHT_OK
72.74,34.95,49.5,34.68,43.81,157285.8,4.73,79.66,32.65,OK
78.29,6.78,15.95,2.71,15.87,9265.75,0.11,81.31,33.56,LOW_TEMP_ALERT
70.33,44.74,89.55,44.4,100.0,29470.64,0.8,64.25,29.93,NOT_ABLE_TO_VENTILATE
65.83,27.89,40.75,25.63,45.69,157285.8,5.4,74.26,37.94,ANOMALY_DETECTED
20.87,12.97,38.12,11.14,57.39,157285.8,5.55,18.44,29.97,WATER
93.81,44.2,40.92,43.07,40.64,48169.75,1.27,87.75,30.08,NOT_ABLE_TO_VENTILATE
90.57,15.31,83.65,13.12,88.8,0.0,0.0,12.52,32.67,FUNGI_ALERT_EXCESS_WATER
31.47,43.74,33.34,45.54,48.38,157285.8,5.2,37.34,27.42,WATER
79.97,12.11,24.9,11.2,16.47,103863.31,2.83,74.98,34.36,LOW_TEMP_ALERT
4.05,32.23,54.98,30.08,55.31,28594.72,1.72,15.03,24.0,NOT_ABLE_TO_WATER
43.2,43.44,63.37,41.02,88.55,0.0,0.0,33.39,30.87,NOT_ABLE_TO_VENTILATE
25.74,10.59,31.89,10.63,49.81,55226.73,2.36,23.4,32.15,WATER
96.15,12.8,41.44,13.71,50.59,157285.8,5.8,65.34,26.28,EXCESS_WATER
32.31,7.5,37.62,6.9,37.65,28418.7,1.93,32.63,25.66,NOT_ABLE_TO_WATER
97.62,9.64,25.49,11.91,17.7,0.0,0.0,93.04,33.41,LOW_TEMP_ALERT
80.37,22.9,63.63,19.71,63.06,0.0,0.0,51.15,27.63,FUNGI_ALERT_EXCESS_WATER
18.44,28.05,31.77,27.99,47.47,0.0,0.0,17.67,29.32,NOT_ABLE_TO_WATER
20.19,11.86,38.76,11.18,38.09,152669.86,4.29,92.64,34.08,WATER
25.73,7.33,84.12,9.17,86.57,44112.43,1.8,57.73,33.36,NOT_ABLE_TO_WATER
40.63,35.53,46.56,37.68,56.83,157285.8,5.75,34.53,27.51,VENTILATE
27.32,23.48,33.51,21.5,53.94,57009.86,0.72,37.13,29.51,NOT_ABLE_TO_WATER
64.95,7.87,17.78,9.19,18.77,157285.8,5.65,60.88,31.14,LOW_TEMP_ALERT
85.14,6.18,61.63,1.84,71.44,34949.78,1.17,75.87,24.21,LOW_TEMP_ALERT
36.19,15.98,31.94,14.11,41.16,48920.59,1.75,29.99,30.38,NOT_ABLE_TO_WATER
17.79,23.19,34.68,21.76,26.66,157285.8,6.77,14.56,45.84,ANOMALY_DETECTED
70.16,43.32,45.2,45.4,36.87,0.0,0.0,71.96,26.26,NOT_ABLE_TO_VENTILATE
92.73,37.01,25.24,32.33,29.62,16741.76,0.34,93.98,29.68,OK
58.11,16.19,38.89,14.24,60.27,67870.88,2.19,62.2,32.02,LOW_TEMP_ALERT
29.99,32.82,58.12,31.8,91.46,157285.8,4.91,33.74,44.73,ANOMALY_DETECTED
19.38,42.38,53.39,39.01,53.35,0.0,0.0,28.1,29.98,NOT_ABLE_TO_WATER
71.03,28.13,75.67,25.71,76.79,157285.8,4.42,74.23,30.26,OK
31.52,27.75,47.46,25.27,49.89,29819.74,0.93,82.06,31.38,NOT_ABLE_TO_WATER
20.75,14.66,55.59,12.73,53.63,0.0,0.0,43.78,28.37,NOT_ABLE_TO_WATER
63.67,29.02,56.51,28.16,69.42,157285.8,6.2,65.85,35.24,OK
46.13,17.33,46.36,15.19,41.56,37055.28,1.1,45.87,31.89,OK
71.44,16.69,77.43,15.25,99.96,0.0,0.0,73.65,26.34,NIGHT_OK
46.32,31.35,43.48,32.1,60.66,1255.48,0.84,43.5,31.37,LOW_LIGHT
46.74,19.17,54.35,19.21,57.5,157285.8,5.56,43.28,30.73,OK
12.35,14.17,40.77,14.58,38.84,0.0,0.0,12.29,33.32,NOT_ABLE_TO_WATER
78.74,33.74,66.7,31.89,65.14,151926.0,4.62,84.27,44.22,ANOMALY_DETECTED
44.13,35.55,68.44,36.45,76.51,7940.4,0.44,22.12,32.1,EXCESS_WATER
6.16,19.98,35.94,15.54,43.78,56321.61,0.85,10.57,29.9,NOT_ABLE_TO_WATER
50.73,24.9,88.77,22.39,82.92,7731.07,0.4,42.05,30.28,LOW_LIGHT
87.18,26.98,67.45,25.87,63.12,117055.96,3.99,92.01,34.11,OK
18.68,28.5,78.63,23.08,80.07,14863.1,0.6,15.72,37.94,ANOMALY_DETECTED
49.03,10.39,47.45,8.71,52.03,0.0,0.0,38.69,32.52,FUNGI_ALERT_EXCESS_WATER
53.36,20.01,39.24,18.74,31.59,16445.02,0.61,63.79,33.9,NOT_ABLE_TO_WATER
82.83,nan,25.96,36.36,29.12,0.0,0.0,59.47,32.16,INSUFFICIENT_DATA
77.65,22.93,22.61,23.25,25.64,157285.8,6.19,80.21,28.59,OK
75.8,17.76,60.94,16.53,70.74,32496.39,0.67,89.53,36.36,OK
67.37,37.28,56.68,38.88,53.29,157285.8,5.31,60.63,27.29,VENTILATE
35.93,12.25,90.09,11.19,84.37,0.0,0.0,29.85,28.2,NOT_ABLE_TO_WATER
98.45,28.98,16.21,25.54,15.24,157285.8,5.22,30.69,42.03,ANOMALY_DETECTED
74.94,9.57,23.25,7.76,35.99,326.68,0.0,76.71,24.0,LOW_TEMP_ALERT
21.83,44.13,81.29,42.42,90.33,38573.38,1.39,18.1,34.62,NOT_ABLE_TO_WATER
48.18,19.24,49.19,15.39,58.02,0.0,0.0,47.1,32.33,NIGHT_OK
80.71,27.04,60.06,25.31,57.31,157285.8,4.58,82.06,30.72,OK
84.81,21.18,65.7,21.19,57.59,36798.72,1.73,32.43,29.58,EXCESS_WATER
85.94,24.24,25.72,19.96,36.88,0.0,nan,80.5,30.15,INSUFFICIENT_DATA
94.67,16.02,42.57,15.64,61.1,3539.36,0.46,85.21,30.42,LOW_LIGHT
9.93,43.07,89.44,40.61,100.0,148843.05,4.63,10.64,26.74,WATER
75.48,21.23,40.14,19.86,54.47,157285.8,6.04,73.18,29.15,OK
28.86,22.89,38.71,20.55,34.18,6513.9,0.0,24.39,32.7,NOT_ABLE_TO_WATER
82.74,35.14,46.84,31.6,51.06,157285.8,5.28,85.54,27.88,OK
21.57,24.36,25.65,19.42,34.08,157285.8,5.65,15.22,27.03,WATER
13.67,13.94,18.42,15.43,14.15,0.0,0.0,14.97,27.03,NOT_ABLE_TO_WATER
72.3,18.47,26.45,18.58,40.94,0.0,0.0,38.17,37.24,FUNGI_ALERT_EXCESS_WATER
89.26,5.48,27.7,6.91,25.02,0.0,0.0,88.43,36.84,LOW_TEMP_ALERT
61.59,17.42,94.0,10.37,88.03,136927.31,5.33,68.21,31.77,LOW_TEMP_ALERT
42.05,35.5,35.9,32.21,52.07,0.0,0.0,42.91,26.56,NIGHT_OK
30.18,6.79,84.38,6.26,94.49,0.0,0.0,29.18,31.96,NOT_ABLE_TO_WATER
65.45,40.98,61.64,36.04,69.94,0.0,0.0,60.64,32.66,NOT_ABLE_TO_VENTILATE
64.35,13.92,90.9,11.02,100.0,0.0,0.0,56.89,29.48,LOW_TEMP_ALERT
19.35,43.52,86.5,39.58,83.82,0.0,0.0,21.26,28.17,NOT_ABLE_TO_WATER
99.17,41.9,64.09,41.25,71.34,22893.72,0.61,70.57,27.08,EXCESS_WATER
71.95,22.06,48.34,21.41,50.93,13278.45,0.49,74.88,29.66,OK
89.62,24.38,50.21,21.39,48.16,2791.41,0.0,26.25,31.63,EXCESS_WATER
91.24,32.77,35.43,32.47,44.37,0.0,0.0,24.31,27.07,FUNGI_ALERT_EXCESS_WATER
56.28,38.81,17.97,37.55,18.12,157285.8,5.54,56.53,35.95,HYDRIC_STRESS_ALERT
55.78,22.06,59.04,20.71,60.82,0.0,0.0,78.36,32.33,NOT_ABLE_TO_WATER
44.49,35.58,94.26,36.67,94.47,nan,0.0,40.59,29.19,INSUFFICIENT_DATA
75.28,23.24,86.38,21.52,94.67,0.0,0.0,74.59,26.96,NIGHT_OK
38.07,11.4,57.43,8.85,48.9,135440.9,3.72,18.67,31.92,WATER
96.71,43.94,45.89,45.93,60.67,43430.49,1.68,49.16,40.68,ANOMALY_DETECTED
83.12,7.94,50.88,7.0,54.29,157285.8,5.24,72.87,29.14,EXCESS_WATER
44.24,16.14,33.85,13.26,45.27,0.0,0.0,45.28,33.4,LOW_TEMP_ALERT
10.21,30.56,82.21,27.99,96.1,157285.8,4.56,47.19,30.24,WATER
92.41,21.32,40.71,20.82,59.43,0.0,0.0,89.11,42.69,NIGHT_OK
33.47,18.3,48.2,13.93,59.11,157285.8,4.77,25.69,30.85,WATER
88.01,24.61,82.96,22.11,87.51,0.0,0.0,91.48,27.0,NIGHT_OK
52.8,36.03,93.77,31.51,100.0,157285.8,6.07,13.32,45.14,ANOMALY_DETECTED
51.09,6.66,27.0,6.26,33.16,71354.65,0.09,50.65,26.62,LOW_TEMP_ALERT
2.52,38.37,75.35,39.5,89.12,0.0,0.0,74.46,29.74,NOT_ABLE_TO_WATER
24.43,7.76,34.48,6.88,55.0,50939.76,1.54,27.6,30.9,NOT_ABLE_TO_WATER
48.42,6.39,74.63,5.43,91.29,35013.89,0.08,43.36,35.51,LOW_TEMP_ALERT
10.71,34.08,18.64,36.44,27.12,157285.8,6.65,31.33,25.86,WATER
60.11,18.02,58.27,19.69,60.22,0.0,0.0,69.44,33.19,NIGHT_OK
53.63,19.93,82.56,21.69,86.98,7126.25,0.27,51.18,25.92,LOW_LIGHT
54.74,43.96,37.54,41.0,53.28,0.0,0.0,87.23,29.72,NOT_ABLE_TO_WATER
77.36,36.89,25.44,36.63,32.64,157285.8,4.09,70.55,32.14,VENTILATE
41.84,12.98,30.82,11.33,37.2,9887.24,0.72,45.9,30.13,LOW_TEMP_ALERT
84.99,27.81,78.06,27.14,86.88,0.0,0.0,52.18,36.21,FUNGI_ALERT_EXCESS_WATER
51.6,27.67,74.53,24.79,83.11,157285.8,5.21,58.7,29.3,OK
25.2,16.54,66.03,15.57,78.34,0.0,0.0,51.05,28.45,NOT_ABLE_TO_WATER
81.68,15.15,83.2,14.52,83.25,43312.62,1.03,77.4,29.11,LOW_TEMP_ALERT
69.33,42.22,51.15,40.24,51.81,0.0,0.0,71.31,31.37,NOT_ABLE_TO_VENTILATE
82.7,36.1,92.2,34.35,99.84,157285.8,4.93,93.17,30.6,OK
65.5,25.59,85.83,25.44,90.83,0.0,0.0,66.18,26.34,NIGHT_OK
27.6,31.95,32.12,27.99,44.2,0.0,0.0,13.06,28.29,NOT_ABLE_TO_WATER
41.2,25.54,86.34,23.78,79.64,58332.13,1.66,44.89,33.37,OK
56.55,16.36,62.13,11.4,53.85,91367.69,3.43,60.55,35.72,LOW_TEMP_ALERT
20.24,25.33,86.62,25.23,100.0,0.0,0.0,18.49,29.04,NOT_ABLE_TO_WATER
43.39,38.67,81.37,37.17,76.37,5600.35,0.47,35.43,27.94,NOT_ABLE_TO_VENTILATE
63.35,6.18,70.06,6.54,73.18,40943.41,0.09,60.49,31.76,LOW_TEMP_ALERT
18.72,10.1,17.54,9.1,37.34,5165.45,0.45,18.13,35.07,NOT_ABLE_TO_WATER
35.64,32.06,16.35,32.25,14.58,26528.23,0.58,89.92,27.14,NOT_ABLE_TO_WATER
62.91,18.13,64.92,17.92,65.0,0.0,0.0,65.71,27.41,NIGHT_OK
28.71,37.21,84.32,35.83,92.34,6082.87,0.17,29.75,28.6,NOT_ABLE_TO_WATER
36.78,10.87,30.62,7.11,38.45,6239.58,0.3,40.92,26.31,NOT_ABLE_TO_WATER
11.3,19.32,30.0,17.94,35.47,0.0,0.0,10.73,30.69,NOT_ABLE_TO_WATER
98.19,23.51,80.2,21.27,93.02,0.0,0.0,28.88,27.1,FUNGI_ALERT_EXCESS_WATER
14.81,33.94,45.81,34.55,45.86,0.0,0.0,23.78,28.28,NOT_ABLE_TO_WATER
16.7,12.14,93.11,12.54,98.58,113822.24,3.4,10.04,38.26,ANOMALY_DETECTED
26.01,44.7,24.85,43.2,17.48,0.0,0.0,23.73,29.88,NOT_ABLE_TO_WATER
99.05,38.27,74.61,38.82,82.93,12771.79,0.49,94.91,26.59,NOT_ABLE_TO_VENTILATE
74.9,40.55,31.75,39.88,27.71,7513.43,0.41,78.58,29.78,NOT_ABLE_TO_VENTILATE
35.88,41.9,44.19,43.06,40.77,0.0,0.0,44.58,32.61,NOT_ABLE_TO_WATER
12.03,25.05,88.68,21.09,89.49,0.0,0.0,10.56,31.19,NOT_ABLE_TO_WATER
80.92,16.33,81.72,11.94,85.54,0.0,0.0,56.15,31.08,FUNGI_ALERT_EXCESS_WATER
49.57,40.88,44.13,39.77,38.67,157285.8,5.15,52.52,31.53,VENTILATE
53.64,23.13,52.06,19.06,60.6,0.0,0.0,76.22,34.05,NOT_ABLE_TO_WATER
27.53,40.14,43.76,39.45,50.23,0.0,0.0,24.96,25.98,NOT_ABLE_TO_WATER
85.78,15.99,91.25,14.95,97.85,157285.8,6.82,83.89,36.87,LOW_TEMP_ALERT
21.7,36.01,22.54,37.41,39.11,7080.67,0.13,25.76,30.68,NOT_ABLE_TO_WATER
49.28,40.7,89.41,36.95,100.0,3882.29,0.23,66.51,25.41,NOT_ABLE_TO_WATER
43.02,43.0,68.96,42.41,64.73,8264.82,0.3,40.14,36.8,NOT_ABLE_TO_VENTILATE
89.31,18.14,70.86,15.49,82.27,19329.77,0.97,81.81,29.41,OK
55.04,32.97,31.52,32.22,22.04,0.0,0.0,59.41,34.67,NIGHT_OK
81.42,28.92,16.43,27.71,32.5,83889.34,2.38,80.78,29.3,OK
52.29,36.56,76.66,36.85,86.22,5753.83,0.24,18.07,24.03,FUNGI_ALERT_EXCESS_WATER
33.34,8.42,22.99,6.08,20.05,0.0,0.0,85.63,29.09,NOT_ABLE_TO_WATER
18.63,27.34,41.95,25.86,54.69,149767.92,5.75,53.58,28.79,WATER
51.91,28.92,78.32,26.46,93.67,0.0,0.0,59.7,24.48,NIGHT_OK
55.85,26.36,35.01,21.88,28.01,133687.12,4.9,44.01,29.25,EXCESS_WATER
41.15,42.31,17.11,38.97,19.31,96594.71,4.33,43.14,35.92,HYDRIC_STRESS_ALERT
17.48,30.01,15.34,27.8,16.83,147687.65,4.42,12.63,37.42,ANOMALY_DETECTED
88.59,40.55,28.25,39.88,37.98,0.0,0.0,49.7,34.08,FUNGI_ALERT_EXCESS_WATER
39.2,5.67,52.88,4.85,48.47,0.0,0.0,38.2,38.45,NOT_ABLE_TO_WATER
89.73,42.64,62.5,37.12,78.76,0.0,0.0,77.09,26.25,FUNGI_ALERT_EXCESS_WATER
55.68,35.45,39.49,34.47,35.31,68984.85,3.33,55.76,36.31,OK
17.6,31.37,89.15,26.9,94.29,157285.8,5.07,13.46,27.0,WATER
31.72,8.93,49.06,6.32,37.38,0.0,0.0,34.12,27.93,NOT_ABLE_TO_WATER
100.0,29.83,52.74,27.04,40.68,0.0,0.0,91.93,28.05,NIGHT_OK
35.34,5.66,90.09,6.92,100.0,0.0,0.0,40.38,29.95,NOT_ABLE_TO_WATER
83.99,28.57,31.09,25.85,38.84,7055.21,0.8,84.0,27.17,LOW_LIGHT
17.62,9.67,80.19,7.18,79.77,157285.8,5.52,83.75,29.2,WATER
96.44,43.5,24.79,40.37,20.42,0.0,0.0,69.94,37.67,FUNGI_ALERT_EXCESS_WATER
67.92,8.26,18.31,4.46,17.06,9147.35,0.63,63.47,37.82,ANOMALY_DETECTED
44.51,35.25,89.07,34.5,87.93,157285.8,5.55,42.41,24.0,OK
11.71,31.34,29.37,30.14,31.51,62553.67,2.43,13.98,30.53,WATER
81.08,37.83,79.82,35.34,87.13,139011.93,4.54,80.71,38.67,ANOMALY_DETECTED
51.22,8.67,27.79,13.67,38.37,0.0,0.0,55.06,30.91,LOW_TEMP_ALERT
63.06,6.56,20.61,4.36,36.67,157285.8,4.45,59.08,31.29,LOW_TEMP_ALERT
78.56,8.41,56.79,4.12,56.69,0.0,0.0,49.72,29.23,FUNGI_ALERT_EXCESS_WATER
77.87,41.17,88.65,39.04,84.57,0.0,0.0,75.54,29.71,NOT_ABLE_TO_VENTILATE
76.68,17.85,88.79,13.48,99.88,157285.8,5.68,60.48,34.04,FUNGI_ALERT_EXCESS_WATER
68.46,40.88,31.93,39.27,36.28,37632.32,0.7,82.13,34.66,NOT_ABLE_TO_WATER
62.63,40.47,51.8,38.37,46.93,73568.62,0.14,56.56,34.98,NOT_ABLE_TO_VENTILATE
18.32,20.27,73.01,19.28,66.07,157285.8,0.11,85.97,26.28,NOT_ABLE_TO_WATER
17.35,14.43,46.15,12.22,58.05,152937.57,5.37,24.01,24.0,WATER
4.35,28.42,75.79,29.07,86.54,0.0,0.0,41.02,31.32,NOT_ABLE_TO_WATER
81.69,5.17,19.87,2.6,34.28,0.0,0.0,78.06,36.8,LOW_TEMP_ALERT
59.6,25.62,51.18,22.24,48.63,0.0,0.0,67.81,24.54,NIGHT_OK
30.14,39.3,16.66,37.17,21.94,0.0,0.0,52.59,24.77,NOT_ABLE_TO_WATER
13.28,7.24,20.78,3.41,21.09,123771.7,4.72,16.95,27.7,WATER
41.5,25.61,47.53,21.14,38.31,45593.23,1.0,35.54,24.0,OK
8.5,10.36,70.25,7.76,79.5,0.0,0.0,11.82,32.02,NOT_ABLE_TO_WATER
97.76,26.21,68.5,25.16,84.79,157285.8,5.43,26.78,34.04,FUNGI_ALERT_EXCESS_WATER
6.81,20.29,88.85,17.69,85.14,0.0,0.0,10.87,35.57,NOT_ABLE_TO_WATER
64.18,26.42,15.26,23.96,25.53,0.0,0.0,66.39,25.97,NIGHT_OK
41.95,29.62,92.72,27.17,95.74,4021.18,0.09,37.63,34.35,LOW_LIGHT
15.97,22.53,16.57,18.42,24.04,156467.22,5.58,21.25,30.22,WATER
42.18,22.09,54.78,22.88,58.21,127461.46,4.06,40.68,30.41,OK
51.68,38.33,59.59,40.21,70.3,0.0,0.0,26.3,31.46,FUNGI_ALERT_EXCESS_WATER
47.61,36.06,68.64,37.3,68.6,0.0,0.0,42.11,38.93,NOT_ABLE_TO_VENTILATE
7.56,21.68,63.5,19.93,69.27,22605.14,0.96,19.03,36.56,NOT_ABLE_TO_WATER
61.62,40.88,71.24,39.31,73.03,157285.8,0.08,45.67,29.15,FUNGI_ALERT_EXCESS_WATER
71.08,11.51,50.56,10.2,60.19,74762.27,1.96,29.55,42.42,ANOMALY_DETECTED
98.08,27.0,40.79,27.78,39.4,8187.37,0.74,56.39,29.72,EXCESS_WATER
27.88,5.56,81.12,5.28,81.23,105645.48,4.49,33.47,35.23,WATER
17.98,42.72,58.93,42.41,45.2,157285.8,5.38,14.63,30.32,WATER
51.26,28.36,45.17,23.67,51.21,0.0,0.0,85.39,31.11,NOT_ABLE_TO_WATER
77.43,31.38,62.16,30.71,73.13,31942.38,1.04,nan,32.48,INSUFFICIENT_DATA
67.79,36.64,72.04,33.47,87.26,5760.91,0.18,49.07,30.08,FUNGI_ALERT_EXCESS_WATER
36.21,28.04,72.49,24.05,73.6,23043.85,0.21,31.88,31.96,NOT_ABLE_TO_WATER
29.02,37.97,61.01,34.67,58.91,101043.19,3.13,24.03,30.64,WATER
57.31,18.48,19.47,19.12,27.16,0.0,0.0,53.3,30.07,NIGHT_OK
67.09,11.12,55.95,6.34,64.92,20424.23,1.01,64.04,32.49,LOW_TEMP_ALERT
44.89,10.21,85.25,12.34,82.45,96988.26,3.85,39.52,33.06,LOW_TEMP_ALERT
6.78,30.0,51.59,26.24,59.59,157285.8,5.59,16.83,24.0,WATER
23.27,44.25,71.22,43.37,88.14,145494.42,3.93,18.4,31.58,WATER
81.96,8.61,71.96,6.95,80.85,19385.49,0.75,77.46,24.94,LOW_TEMP_ALERT
7.41,19.67,36.68,12.11,49.4,3485.15,0.0,56.09,25.45,NOT_ABLE_TO_WATER
45.15,44.36,69.93,40.23,73.36,0.0,0.0,45.52,28.69,NOT_ABLE_TO_VENTILATE
8.27,20.63,73.84,21.81,82.08,157285.8,5.57,73.0,26.71,WATER
20.18,28.0,17.1,29.05,13.86,100304.32,3.16,17.02,30.97,WATER
17.69,12.08,39.88,12.38,42.69,31865.53,1.15,84.94,45.17,ANOMALY_DETECTED
94.61,17.0,58.81,17.07,56.52,21371.1,0.0,58.61,29.76,EXCESS_WATER
72.94,31.29,29.75,33.73,28.33,157285.8,6.23,73.22,34.48,OK
98.77,26.47,70.37,27.45,80.05,24720.7,0.79,51.61,30.75,FUNGI_ALERT_EXCESS_WATER
46.6,34.55,87.73,36.92,88.95,10531.03,0.0,40.07,28.92,NOT_ABLE_TO_VENTILATE
47.76,38.37,47.07,36.03,63.17,0.0,0.0,49.47,33.23,NOT_ABLE_TO_VENTILATE
95.85,22.75,73.7,23.77,83.36,6338.13,0.43,91.91,28.21,LOW_LIGHT
44.92,9.19,31.16,7.15,34.07,41468.43,1.8,53.91,32.85,LOW_TEMP_ALERT
34.59,36.66,84.17,33.43,81.24,0.0,0.0,40.36,28.63,NOT_ABLE_TO_WATER
11.93,44.28,49.72,45.43,48.36,67662.93,2.27,11.32,32.19,WATER
37.95,11.32,66.15,9.07,64.62,nan,0.0,40.91,34.85,INSUFFICIENT_DATA
2.57,36.09,52.47,33.14,72.06,0.0,0.0,36.85,24.8,NOT_ABLE_TO_WATER
58.25,23.68,62.66,23.07,59.37,0.0,0.0,47.84,29.46,FUNGI_ALERT_EXCESS_WATER
79.16,23.74,22.29,21.12,17.27,0.0,0.0,46.97,27.01,FUNGI_ALERT_EXCESS_WATER
50.65,43.01,76.34,40.17,81.36,157285.8,4.59,44.76,27.17,VENTILATE
21.62,21.58,74.74,18.92,89.68,0.0,0.0,20.15,28.14,NOT_ABLE_TO_WATER
27.21,15.74,21.36,18.39,27.38,19648.65,0.01,25.93,27.94,NOT_ABLE_TO_WATER
85.5,18.12,26.32,19.57,24.44,0.0,0.0,80.58,29.01,NIGHT_OK
35.02,14.08,64.13,11.8,65.83,157285.8,4.85,92.69,24.71,WATER
95.59,44.61,17.99,43.46,25.82,43224.12,1.54,76.07,26.67,EXCESS_WATER
65.77,41.27,49.88,41.27,58.09,44586.09,0.15,27.91,34.63,EXCESS_WATER
80.62,11.11,55.85,13.14,67.05,0.0,0.0,47.43,24.0,FUNGI_ALERT_EXCESS_WATER
47.6,11.91,55.71,6.64,62.2,0.0,0.0,49.99,26.83,LOW_TEMP_ALERT
46.28,25.21,88.8,22.48,100.0,0.0,0.0,34.54,24.83,FUNGI_ALERT_EXCESS_WATER
30.4,20.45,29.5,14.7,25.43,157285.8,4.95,43.95,35.08,WATER
70.72,19.22,76.05,13.06,74.69,0.0,0.0,43.07,33.1,FUNGI_ALERT_EXCESS_WATER
42.6,16.22,47.87,17.8,69.78,0.0,0.0,31.68,27.71,FUNGI_ALERT_EXCESS_WATER
36.16,25.49,93.44,21.3,100.0,8297.44,0.4,44.01,29.68,NOT_ABLE_TO_WATER
65.49,24.31,75.3,21.07,86.41,157285.8,5.08,68.6,38.85,ANOMALY_DETECTED
58.89,26.68,93.88,24.4,100.0,146346.03,4.05,63.67,29.6,OK
44.8,42.55,71.19,40.74,71.15,104866.07,3.01,50.78,26.14,VENTILATE
62.71,32.25,73.66,31.83,79.22,0.0,0.0,94.1,24.89,NOT_ABLE_TO_WATER
60.44,37.12,88.65,35.0,84.11,8308.78,0.09,46.19,26.23,FUNGI_ALERT_EXCESS_WATER
78.96,18.85,17.19,17.05,30.58,0.0,0.0,46.49,28.64,FUNGI_ALERT_EXCESS_WATER
95.69,39.75,70.43,38.88,71.36,157285.8,5.61,85.21,32.33,FUNGI_ALERT_EXCESS_WATER
59.21,30.31,58.87,31.76,65.37,2851.12,0.97,62.54,24.57,LOW_LIGHT
55.93,44.01,81.05,43.22,87.52,5406.4,0.04,48.49,36.51,NOT_ABLE_TO_VENTILATE
88.89,36.82,89.01,33.08,88.62,113752.97,3.0,36.41,43.9,ANOMALY_DETECTED
86.59,25.81,81.37,23.07,85.81,157285.8,5.69,84.59,30.61,OK
70.74,31.75,84.83,27.95,95.08,0.0,0.0,43.97,25.49,FUNGI_ALERT_EXCESS_WATER
68.09,24.53,82.7,20.4,86.2,157285.8,5.7,66.14,36.2,OK
97.74,41.16,91.27,40.96,99.5,2019.72,0.0,81.83,33.31,FUNGI_ALERT_EXCESS_WATER
92.99,37.04,36.68,35.16,34.6,0.0,0.0,92.05,26.14,NIGHT_OK
42.65,25.99,38.25,23.91,44.89,0.0,0.0,45.08,33.73,NIGHT_OK
52.39,12.21,68.05,10.63,63.47,157285.8,4.95,56.8,28.61,LOW_TEMP_ALERT
1.34,35.77,31.51,35.45,41.93,157285.8,5.87,34.8,24.0,WATER
22.26,43.63,51.72,42.32,57.17,157285.8,4.46,24.3,29.3,WATER
76.12,38.44,18.97,34.55,29.71,0.0,0.0,75.93,45.69,HYDRIC_STRESS_ALERT
31.84,24.77,56.67,23.52,71.93,0.0,0.0,29.79,32.68,NOT_ABLE_TO_WATER
43.08,41.9,69.66,40.48,61.52,0.0,0.0,43.68,34.83,NOT_ABLE_TO_VENTILATE
35.22,36.72,24.0,33.91,32.09,19409.17,0.7,44.63,25.97,NOT_ABLE_TO_WATER
60.86,44.61,81.74,43.87,80.51,157285.8,5.87,63.36,32.55,VENTILATE
39.17,21.01,84.36,20.26,92.9,40029.81,1.74,43.67,44.3,ANOMALY_DETECTED
77.41,38.16,47.13,38.1,60.55,14117.75,0.05,82.74,43.89,ANOMALY_DETECTED
22.32,43.33,89.97,42.1,100.0,0.0,0.0,19.61,29.03,NOT_ABLE_TO_WATER
26.74,7.6,45.33,9.47,45.43,0.0,0.0,12.04,nan,INSUFFICIENT_DATA
51.15,9.5,42.0,9.19,35.55,0.0,0.0,57.17,39.44,LOW_TEMP_ALERT
15.04,13.06,56.92,11.11,66.23,26190.72,1.25,28.72,37.85,ANOMALY_DETECTED
29.73,31.48,39.5,31.22,42.92,157285.8,4.92,57.76,27.41,WATER
91.84,5.83,47.92,5.09,45.13,7172.39,0.19,87.79,27.53,LOW_TEMP_ALERT
52.66,20.25,59.89,18.93,75.92,0.0,0.0,51.32,24.0,NIGHT_OK
18.28,36.22,92.91,33.73,100.0,7675.24,0.07,17.52,24.03,NOT_ABLE_TO_WATER
4.46,41.78,72.78,41.15,75.09,0.0,0.0,38.81,26.06,NOT_ABLE_TO_WATER
86.86,10.93,88.63,6.2,78.5,0.0,0.0,83.86,32.46,LOW_TEMP_ALERT
71.59,27.96,40.79,27.32,23.07,7194.15,0.21,55.54,33.43,EXCESS_WATER
85.79,26.03,28.85,22.6,33.67,157285.8,5.23,89.83,28.26,OK
1.55,10.21,57.9,7.75,75.33,54495.01,1.55,93.88,27.97,NOT_ABLE_TO_WATER
21.33,14.52,57.62,12.97,69.89,0.0,0.0,56.18,34.84,NOT_ABLE_TO_WATER
40.94,6.13,78.72,6.26,85.54,0.0,0.0,33.62,28.78,LOW_TEMP_ALERT
36.75,22.79,70.91,18.26,76.2,0.0,0.0,19.74,27.51,NOT_ABLE_TO_WATER
33.65,28.14,31.97,28.51,32.99,0.0,0.0,37.78,37.5,NOT_ABLE_TO_WATER
28.87,41.58,77.09,40.32,80.96,0.0,0.0,26.16,27.43,NOT_ABLE_TO_WATER
73.81,22.2,40.75,17.43,34.6,157285.8,5.17,74.6,26.82,OK
92.42,41.26,65.4,40.83,75.67,157285.8,4.68,33.27,30.27,EXCESS_WATER
12.71,8.71,40.29,6.72,47.27,81701.84,2.87,16.74,30.85,WATER
72.77,12.53,75.23,12.48,77.15,157285.8,4.49,72.5,29.33,LOW_TEMP_ALERT
56.31,14.01,29.67,9.82,25.29,7322.85,0.32,57.34,30.37,LOW_TEMP_ALERT
15.63,17.89,18.67,16.7,30.48,157285.8,6.28,10.37,32.66,WATER
58.1,11.95,25.61,7.12,30.32,2632.65,0.06,73.2,28.9,NOT_ABLE_TO_WATER
81.28,33.9,19.28,30.46,15.7,112082.25,3.9,85.08,36.61,OK
43.47,20.49,26.86,19.68,19.73,0.0,0.0,20.15,33.66,FUNGI_ALERT_EXCESS_WATER
17.9,22.29,73.46,20.7,70.62,157285.8,4.88,22.16,31.06,WATER
97.41,17.8,54.07,16.55,49.87,84287.61,2.62,15.3,31.52,EXCESS_WATER
47.77,32.54,70.86,30.61,72.59,0.0,0.0,39.82,25.11,NIGHT_OK
91.73,6.9,74.56,8.51,69.34,0.0,0.0,11.33,28.0,FUNGI_ALERT_EXCESS_WATER
61.63,16.04,27.55,12.5,45.37,23634.27,0.88,61.2,44.15,ANOMALY_DETECTED
17.11,19.86,47.83,17.07,49.34,157285.8,6.22,16.12,32.72,WATER
71.87,10.41,35.18,5.73,49.91,0.0,0.0,72.1,30.03,LOW_TEMP_ALERT
59.42,8.81,28.19,8.18,36.25,0.0,0.0,59.47,31.19,LOW_TEMP_ALERT
70.83,22.18,33.38,18.1,37.52,0.0,0.0,69.09,27.07,NIGHT_OK
76.99,14.91,46.89,12.57,56.19,0.0,0.0,76.42,30.91,LOW_TEMP_ALERT
85.35,29.37,63.51,28.95,73.04,15524.56,1.04,90.48,24.57,OK
50.55,10.71,67.6,9.2,72.34,0.0,0.0,41.06,30.28,LOW_TEMP_ALERT
47.81,36.2,87.96,37.83,90.63,125229.92,4.45,43.56,34.93,VENTILATE
40.14,11.73,77.22,10.45,82.86,0.0,0.0,48.91,32.99,LOW_TEMP_ALERT
35.34,31.94,77.45,28.82,85.85,157285.8,6.21,42.44,27.96,WATER
43.25,31.79,77.15,27.42,71.91,0.0,0.0,44.16,27.9,NIGHT_OK
53.94,17.94,74.96,15.17,96.67,0.0,0.0,51.3,28.83,NIGHT_OK
40.92,25.27,32.42,19.62,35.47,0.0,0.0,42.33,24.41,NIGHT_OK
62.28,33.77,48.18,32.67,46.68,28212.94,0.79,63.96,31.74,OK
13.78,16.58,31.46,13.23,44.12,9747.31,0.68,18.74,29.68,NOT_ABLE_TO_WATER
72.07,32.09,75.49,32.86,80.52,41806.01,1.75,76.95,29.19,OK
13.57,12.99,82.24,16.57,87.83,0.0,0.0,18.02,28.16,NOT_ABLE_TO_WATER
77.55,31.11,59.13,30.71,76.45,144237.68,5.57,55.0,33.81,EXCESS_WATER
44.97,24.96,80.67,21.56,85.55,126828.71,4.02,36.45,28.96,OK
78.64,22.24,17.7,23.28,12.95,0.0,0.0,76.47,32.08,NIGHT_OK
75.5,29.82,93.46,26.16,100.0,138162.26,4.6,73.78,28.2,OK
55.95,23.44,18.19,18.42,17.48,157285.8,5.73,59.1,37.87,ANOMALY_DETECTED
1.35,40.72,91.83,40.12,100.0,157285.8,5.37,31.03,30.63,WATER
27.84,26.08,37.39,25.58,53.54,92547.03,2.81,21.43,35.56,WATER
51.68,36.65,80.38,35.02,87.51,157285.8,0.07,59.62,33.69,OK
54.8,8.04,64.16,6.26,68.11,0.0,0.0,62.23,27.65,LOW_TEMP_ALERT
46.27,18.77,77.33,17.88,76.08,157285.8,5.86,90.46,29.49,WATER
38.37,37.5,56.66,35.19,65.0,0.0,0.0,58.14,29.86,NOT_ABLE_TO_WATER
23.84,33.65,84.61,34.31,100.0,9966.12,0.18,28.64,36.03,NOT_ABLE_TO_WATER
82.27,13.41,59.61,12.31,61.83,157285.8,5.68,42.7,28.69,EXCESS_WATER
23.97,6.34,83.73,4.63,95.22,157285.8,5.79,25.95,34.53,WATER
20.18,7.51,77.75,6.42,85.8,3305.66,0.0,19.86,30.85,NOT_ABLE_TO_WATER
86.61,27.57,16.96,23.7,26.42,0.0,0.0,88.33,42.22,NIGHT_OK
19.79,13.79,26.89,14.01,27.99,2040.39,0.0,64.84,25.59,NOT_ABLE_TO_WATER
97.97,18.22,38.05,15.9,47.33,0.0,0.0,93.01,39.17,NIGHT_OK
77.55,42.21,36.41,38.14,41.39,0.0,0.0,72.66,35.58,NOT_ABLE_TO_VENTILATE
34.34,33.49,58.33,32.01,74.13,7133.31,0.7,39.51,30.25,NOT_ABLE_TO_WATER
48.02,20.69,34.45,21.94,48.75,157285.8,4.67,52.57,30.47,OK
86.07,17.2,35.36,15.61,43.37,0.0,0.0,90.31,29.81,NIGHT_OK
88.66,41.0,18.31,38.18,39.09,7016.14,0.03,28.02,27.43,EXCESS_WATER
90.54,38.68,23.84,35.55,30.29,0.0,0.0,83.32,28.46,HYDRIC_STRESS_ALERT
69.79,11.97,93.23,11.39,100.0,68098.27,2.22,59.34,24.0,FUNGI_ALERT_EXCESS_WATER
43.96,15.17,86.44,12.41,100.0,0.0,0.0,40.12,26.36,LOW_TEMP_ALERT
27.37,35.95,37.38,34.39,37.55,6003.5,0.71,36.16,28.36,NOT_ABLE_TO_WATER
65.05,38.2,51.05,35.26,47.51,157285.8,5.32,31.53,27.85,EXCESS_WATER
62.26,23.22,43.46,20.19,48.03,157285.8,5.42,62.16,29.52,OK
61.16,13.28,52.64,11.77,58.24,157285.8,5.57,42.07,32.87,EXCESS_WATER
18.67,26.13,75.51,26.09,80.4,157285.8,4.99,21.02,32.71,WATER
90.25,8.66,65.23,5.22,64.02,157285.8,5.29,90.27,35.58,LOW_TEMP_ALERT
65.91,25.65,50.43,23.07,66.98,157285.8,5.24,57.4,32.4,OK
81.12,7.27,46.26,6.82,54.37,114320.21,4.14,79.13,29.6,LOW_TEMP_ALERT
83.67,42.38,31.47,44.81,38.14,150966.13,5.34,72.81,29.15,EXCESS_WATER
19.8,44.13,53.24,44.89,46.72,0.0,0.0,11.77,28.52,NOT_ABLE_TO_WATER
83.74,32.5,35.27,34.94,35.3,111272.72,2.68,24.01,33.63,EXCESS_WATER
99.93,11.11,22.24,10.16,13.77,26109.55,1.22,49.13,31.94,EXCESS_WATER
34.71,16.48,25.29,13.46,18.61,72099.47,2.03,67.94,30.63,WATER
12.27,17.68,23.44,16.56,30.47,9475.0,0.0,14.94,31.97,NOT_ABLE_TO_WATER
26.92,15.33,80.15,13.72,99.81,157285.8,0.12,51.8,28.39,NOT_ABLE_TO_WATER
1.12,40.57,94.8,40.72,87.24,0.0,0.0,12.06,30.02,NOT_ABLE_TO_WATER
24.16,19.14,90.83,16.01,89.3,78570.91,2.46,39.33,25.01,WATER
20.22,14.35,60.87,14.78,62.5,0.0,0.0,84.55,29.91,NOT_ABLE_TO_WATER
55.31,14.86,51.25,15.02,66.61,12420.8,0.9,49.65,26.3,OK
78.31,22.73,84.76,22.51,98.0,0.0,0.0,81.94,27.58,NIGHT_OK
74.11,9.49,17.23,11.2,22.84,48344.8,1.97,61.33,24.97,EXCESS_WATER
49.88,11.89,37.65,10.4,49.35,7159.63,0.0,53.94,33.54,LOW_TEMP_ALERT
84.26,18.64,65.38,16.57,84.28,157285.8,5.76,38.43,36.0,FUNGI_ALERT_EXCESS_WATER
48.72,37.29,81.15,38.12,97.36,4054.51,0.37,46.42,33.43,NOT_ABLE_TO_VENTILATE
70.53,8.04,94.39,8.01,94.35,0.0,0.0,68.51,29.25,LOW_TEMP_ALERT
25.44,41.47,88.77,43.48,96.45,0.0,0.0,46.56,31.25,NOT_ABLE_TO_WATER
69.89,41.82,94.75,40.93,79.26,7016.05,0.0,68.08,32.15,NOT_ABLE_TO_VENTILATE
96.04,9.44,82.39,6.88,93.63,109352.08,3.54,34.14,41.35,ANOMALY_DETECTED
56.58,12.2,48.89,7.6,53.96,0.0,0.0,90.49,31.6,NOT_ABLE_TO_WATER
6.66,26.6,70.02,24.17,69.81,157285.8,5.17,62.78,28.89,WATER
46.28,15.03,76.03,12.64,71.0,156736.87,5.69,49.62,30.96,LOW_TEMP_ALERT
17.95,35.96,24.77,32.26,33.63,0.0,0.0,20.02,31.04,NOT_ABLE_TO_WATER
72.48,29.87,28.73,29.25,25.35,78969.52,3.05,66.65,24.0,OK
44.68,16.26,66.03,18.43,62.94,24456.59,0.42,50.95,34.36,OK
8.76,32.81,32.47,31.16,42.98,0.0,0.0,91.62,36.67,NOT_ABLE_TO_WATER
73.46,35.69,61.82,31.5,65.51,0.0,0.0,85.61,26.0,NOT_ABLE_TO_WATER
28.04,42.73,56.2,38.54,58.26,0.0,0.0,60.59,32.29,NOT_ABLE_TO_WATER
74.03,30.57,56.73,26.3,81.72,157285.8,4.93,70.73,29.78,OK
8.8,24.8,38.87,27.06,37.22,5188.67,0.13,41.24,29.75,NOT_ABLE_TO_WATER
18.56,42.96,69.16,39.82,69.18,0.0,0.0,53.9,25.05,NOT_ABLE_TO_WATER
30.45,29.24,33.71,27.45,45.18,157285.8,5.04,29.29,45.9,ANOMALY_DETECTED
8.04,7.75,26.71,5.59,22.29,0.0,0.0,14.74,35.38,NOT_ABLE_TO_WATER
14.4,23.28,72.12,20.41,78.89,25979.56,1.07,11.05,34.96,NOT_ABLE_TO_WATER
34.06,44.06,56.61,44.44,69.91,157285.8,6.09,77.25,30.45,WATER
95.94,31.66,86.33,31.35,82.82,48565.52,1.45,31.17,27.13,FUNGI_ALERT_EXCESS_WATER
87.41,9.79,46.26,9.35,54.81,52043.15,1.58,91.36,28.21,LOW_TEMP_ALERT
84.06,28.4,63.53,27.15,67.17,0.0,0.0,91.82,30.29,NIGHT_OK
71.66,12.48,15.03,6.56,18.54,0.0,0.0,76.27,33.46,LOW_TEMP_ALERT
68.52,26.08,92.25,25.25,99.06,0.0,0.0,43.22,33.91,FUNGI_ALERT_EXCESS_WATER
34.92,41.9,73.89,42.35,80.54,146165.44,4.55,35.31,31.1,WATER
37.18,nan,73.29,28.0,69.34,6443.66,0.17,92.29,24.0,INSUFFICIENT_DATA
63.3,nan,71.32,43.59,65.29,4150.12,0.0,66.95,25.13,INSUFFICIENT_DATA
58.33,12.98,47.45,8.67,58.47,43847.89,1.74,29.45,29.33,EXCESS_WATER
14.62,34.97,68.95,32.84,62.74,4301.57,0.0,12.43,27.04,NOT_ABLE_TO_WATER
18.62,23.32,49.36,20.3,64.81,567.34,0.27,62.82,29.42,NOT_ABLE_TO_WATER
24.6,29.73,66.91,25.64,64.64,5161.3,0.97,28.57,32.58,NOT_ABLE_TO_WATER
55.81,21.92,37.46,19.22,35.28,157285.8,4.59,52.18,34.49,OK
85.64,26.83,59.56,25.68,75.05,119726.77,4.19,68.59,27.27,EXCESS_WATER
93.14,15.39,23.34,14.84,30.56,0.0,0.0,87.7,30.12,LOW_TEMP_ALERT
63.14,8.35,22.56,4.6,25.1,nan,0.0,60.92,26.25,INSUFFICIENT_DATA
74.63,39.85,39.09,38.17,41.43,7567.88,0.17,77.07,29.24,NOT_ABLE_TO_VENTILATE
15.7,13.99,61.44,12.98,69.54,0.0,0.0,15.44,33.43,NOT_ABLE_TO_WATER
nan,18.57,34.96,16.19,30.83,0.0,0.0,65.52,27.97,INSUFFICIENT_DATA
60.0,25.87,94.01,22.7,100.0,0.0,0.0,59.66,31.97,NIGHT_OK
60.57,31.19,51.5,31.24,56.4,41594.03,1.82,61.49,31.66,OK
51.46,22.06,41.14,19.27,47.64,0.0,0.0,54.96,32.17,NIGHT_OK
44.41,32.73,60.39,31.9,66.77,0.0,0.0,49.32,44.66,NIGHT_OK
20.49,17.67,62.74,16.44,79.49,0.0,0.0,81.74,30.08,NOT_ABLE_TO_WATER
52.55,35.71,32.87,33.79,36.57,157285.8,4.8,51.28,30.68,OK
14.76,27.11,63.39,24.6,67.44,11260.3,0.15,13.46,26.44,NOT_ABLE_TO_WATER
70.39,8.31,60.01,7.78,68.11,1127.93,0.0,69.9,26.66,LOW_TEMP_ALERT
56.81,16.63,16.04,17.15,34.44,133654.92,3.63,58.5,31.09,OK
50.66,38.16,80.42,36.02,83.16,157285.8,4.83,41.99,26.6,VENTILATE
91.97,19.29,33.46,19.13,42.78,157285.8,6.15,80.42,25.93,EXCESS_WATER
43.57,17.76,71.47,17.68,70.39,42998.08,0.76,47.15,30.11,OK
64.03,12.54,64.7,11.47,73.64,0.0,0.0,74.98,31.13,NOT_ABLE_TO_WATER
62.53,32.05,62.39,28.83,60.5,0.0,0.0,71.42,37.96,NIGHT_OK
86.47,14.71,43.03,14.29,48.39,157285.8,5.52,40.37,40.6,ANOMALY_DETECTED
25.54,31.97,38.92,32.0,48.4,92572.39,3.71,25.7,28.93,WATER
63.69,39.76,79.23,42.02,72.88,426.32,0.33,68.37,30.48,NOT_ABLE_TO_VENTILATE
13.22,42.6,31.13,39.97,33.18,2822.51,0.0,14.52,27.8,NOT_ABLE_TO_WATER
39.64,30.14,61.53,27.67,81.57,0.0,0.0,43.4,28.77,NOT_ABLE_TO_WATER
86.01,44.39,62.68,43.49,83.93,157285.8,5.26,88.17,24.89,VENTILATE
38.43,29.96,58.24,25.29,48.78,143813.28,5.23,39.73,41.72,ANOMALY_DETECTED
71.84,11.05,21.65,7.58,39.58,21938.04,1.0,74.54,32.36,LOW_TEMP_ALERT
59.94,42.76,28.43,40.88,32.33,157285.8,4.87,84.59,24.11,WATER
19.84,44.19,90.8,43.27,100.0,157285.8,5.79,66.4,34.54,WATER
14.2,31.84,89.85,33.11,86.98,64888.41,1.78,15.23,25.44,NOT_ABLE_TO_WATER
31.53,30.58,61.14,30.96,71.74,157285.8,5.53,33.19,27.37,WATER
96.83,7.63,31.54,5.44,42.53,0.0,0.0,22.53,29.35,FUNGI_ALERT_EXCESS_WATER
91.49,35.41,84.89,35.52,93.88,0.0,0.0,86.24,36.5,NIGHT_OK
74.91,34.29,64.58,32.21,71.7,0.0,0.0,71.46,30.27,NIGHT_OK
87.22,16.93,68.16,17.27,79.5,157285.8,5.01,92.07,24.0,OK
48.26,26.6,55.07,25.24,57.11,157285.8,6.28,15.89,28.46,EXCESS_WATER
15.07,8.48,90.88,4.8,91.72,0.0,0.0,18.46,33.08,NOT_ABLE_TO_WATER
70.7,6.32,78.42,2.69,78.12,157285.8,4.31,19.08,29.27,FUNGI_ALERT_EXCESS_WATER
17.93,20.99,91.02,21.6,100.0,0.0,0.0,18.93,31.79,NOT_ABLE_TO_WATER
89.79,31.1,65.7,28.15,69.26,9829.19,0.14,82.36,26.26,LOW_LIGHT
64.33,24.21,79.44,26.23,89.23,5482.68,1.07,63.99,34.6,LOW_LIGHT
24.89,43.81,57.88,44.46,54.4,157285.8,4.06,81.09,35.02,WATER
79.48,18.93,20.14,15.5,15.4,92091.75,2.9,23.73,30.49,EXCESS_WATER
31.54,21.4,25.71,18.16,43.56,143545.84,4.33,25.61,27.44,WATER
89.64,6.17,22.14,5.01,14.3,25595.23,0.42,92.04,33.08,LOW_TEMP_ALERT
54.02,26.96,77.12,24.63,81.58,157285.8,5.85,55.83,27.12,OK
49.52,15.68,29.85,12.74,27.72,0.0,0.0,46.57,29.37,LOW_TEMP_ALERT
24.55,6.14,88.8,5.32,93.39,0.0,0.0,57.89,32.33,NOT_ABLE_TO_WATER
60.66,27.09,49.95,23.55,50.15,2843.46,0.12,57.74,26.28,LOW_LIGHT
54.49,20.04,48.17,18.48,51.01,146398.27,4.64,71.71,25.51,WATER
72.5,44.73,77.01,45.67,94.07,157285.8,5.8,75.13,45.95,ANOMALY_DETECTED
17.66,33.7,90.93,34.76,96.52,0.0,0.0,16.83,36.42,NOT_ABLE_TO_WATER
12.29,11.55,79.53,10.37,81.99,0.0,0.0,14.06,40.52,NOT_ABLE_TO_WATER
97.46,42.24,54.13,40.59,70.63,157285.8,5.21,76.74,28.6,EXCESS_WATER
69.96,7.96,86.87,7.3,88.85,0.0,0.0,75.01,31.5,LOW_TEMP_ALERT
92.85,34.42,85.11,33.65,78.5,0.0,0.0,89.59,35.33,NIGHT_OK
93.19,22.14,43.35,21.65,42.2,102400.89,3.29,67.11,31.37,EXCESS_WATER
48.64,15.53,59.26,12.38,62.36,0.0,0.0,18.39,31.97,FUNGI_ALERT_EXCESS_WATER
68.76,5.17,69.61,4.1,65.19,1256.15,0.0,45.42,30.14,EXCESS_WATER
47.5,32.31,41.22,31.55,55.5,0.0,0.0,63.71,29.98,NOT_ABLE_TO_WATER
58.38,17.84,68.5,18.65,72.78,0.0,0.0,27.43,30.23,FUNGI_ALERT_EXCESS_WATER
61.16,36.65,77.04,36.89,85.76,4776.51,0.0,64.46,36.98,NOT_ABLE_TO_VENTILATE
22.05,14.31,22.72,14.38,26.61,157285.8,5.83,18.75,31.04,WATER
30.85,14.89,42.07,13.83,44.63,157285.8,5.77,72.15,39.72,ANOMALY_DETECTED
22.14,9.03,91.26,6.39,89.69,26073.83,0.74,49.7,44.15,ANOMALY_DETECTED
76.35,5.07,52.2,2.03,73.99,0.0,0.0,85.0,37.42,LOW_TEMP_ALERT
80.37,11.86,nan,13.03,82.62,0.0,0.0,75.04,36.74,INSUFFICIENT_DATA
68.16,30.64,39.66,28.81,56.15,157285.8,6.67,64.49,34.8,OK
22.89,21.33,86.94,23.44,97.16,0.0,0.0,11.1,39.68,NOT_ABLE_TO_WATER
23.03,35.49,65.41,31.28,59.76,8872.96,0.18,15.72,34.86,NOT_ABLE_TO_WATER
58.98,19.51,39.82,18.45,32.36,0.0,0.0,58.81,33.35,NIGHT_OK
73.5,41.76,79.74,37.93,82.59,12115.0,0.11,75.72,33.28,NOT_ABLE_TO_VENTILATE
51.95,28.71,74.87,nan,79.68,0.0,0.0,60.5,24.0,INSUFFICIENT_DATA
51.62,40.36,29.83,40.04,38.59,10548.2,0.0,87.51,29.69,NOT_ABLE_TO_WATER
39.19,18.57,35.26,19.05,36.12,157285.8,5.36,32.6,27.19,WATER
88.75,18.65,56.18,18.29,67.69,0.0,0.0,31.44,33.4,FUNGI_ALERT_EXCESS_WATER
37.16,12.16,73.94,12.59,84.95,157285.8,5.89,41.87,30.46,WATER
82.88,22.9,87.62,20.21,100.0,149383.23,6.22,62.64,29.55,FUNGI_ALERT_EXCESS_WATER
70.4,30.23,47.73,30.15,44.93,157285.8,4.68,76.36,30.68,OK
30.25,8.54,51.03,5.5,55.5,157285.8,4.08,29.36,38.39,ANOMALY_DETECTED
59.91,38.37,45.52,35.1,47.35,0.0,0.0,57.52,25.8,NOT_ABLE_TO_VENTILATE
74.65,36.37,77.21,35.16,83.79,2866.41,0.08,nan,26.15,INSUFFICIENT_DATA
56.87,13.35,50.68,12.15,61.82,0.0,0.0,60.71,34.36,LOW_TEMP_ALERT
29.39,32.21,68.59,30.17,66.09,119527.77,3.87,29.45,44.16,ANOMALY_DETECTED
56.83,37.94,55.48,35.54,68.3,157285.8,5.02,59.3,34.74,VENTILATE
48.88,17.81,46.26,17.76,43.38,6518.62,0.0,40.21,31.31,LOW_LIGHT
52.26,32.39,58.7,32.67,63.08,9483.73,0.02,57.96,34.88,LOW_LIGHT
70.96,15.05,77.51,16.03,89.78,0.0,0.0,70.26,29.69,NIGHT_OK
36.22,9.35,17.16,10.54,19.56,0.0,0.0,43.64,26.31,NOT_ABLE_TO_WATER
88.78,43.75,33.5,42.26,34.84,45415.13,1.38,92.46,29.44,NOT_ABLE_TO_VENTILATE
58.02,35.91,16.83,32.29,36.97,0.0,0.0,64.14,27.75,NIGHT_OK
18.2,5.47,63.08,5.85,52.37,0.0,0.0,23.65,33.12,NOT_ABLE_TO_WATER
83.31,17.38,16.78,18.04,27.2,157285.8,5.42,83.93,29.26,OK
32.92,31.29,62.07,26.22,62.85,0.0,0.0,34.11,32.01,NOT_ABLE_TO_WATER
89.77,42.39,77.65,39.18,83.37,7150.99,0.16,76.89,32.35,FUNGI_ALERT_EXCESS_WATER
65.11,34.8,40.12,32.44,47.73,157285.8,5.89,56.39,27.04,OK
77.1,13.82,61.08,13.09,65.82,1513.52,0.22,84.23,31.76,LOW_TEMP_ALERT
88.01,12.01,67.72,13.57,63.62,148236.52,4.12,63.05,30.87,EXCESS_WATER
74.09,11.95,16.71,12.21,35.33,0.0,0.0,73.23,33.84,LOW_TEMP_ALERT
61.97,27.93,52.85,23.96,53.95,47333.46,1.61,71.75,29.87,OK
50.11,35.9,85.39,30.24,84.04,10675.08,0.85,11.85,33.65,FUNGI_ALERT_EXCESS_WATER
42.42,31.06,77.95,28.92,88.98,0.0,0.0,69.68,33.09,NOT_ABLE_TO_WATER
81.04,44.08,22.96,43.22,13.21,53830.35,1.56,14.83,30.67,EXCESS_WATER
35.33,18.42,75.95,15.49,68.55,316.21,0.11,27.08,29.28,NOT_ABLE_TO_WATER
46.77,7.42,88.71,4.55,75.74,157285.8,5.24,94.57,37.71,ANOMALY_DETECTED
53.21,9.61,21.76,9.35,28.3,157285.8,5.74,35.6,31.65,EXCESS_WATER
61.09,6.96,73.56,4.39,78.22,157285.8,4.52,58.06,31.64,LOW_TEMP_ALERT
91.54,13.67,92.91,10.43,91.68,0.0,0.0,86.95,31.9,LOW_TEMP_ALERT
42.08,30.68,52.81,30.73,56.53,0.0,0.0,33.59,24.96,NIGHT_OK
24.91,24.25,75.72,25.35,80.71,3253.57,0.39,33.49,24.0,NOT_ABLE_TO_WATER
8.21,26.02,68.76,23.75,69.97,607.33,0.04,11.03,45.3,ANOMALY_DETECTED
49.12,19.95,94.25,17.65,100.0,0.0,0.0,49.05,30.08,NIGHT_OK
35.8,42.86,26.29,38.93,43.63,157285.8,5.48,66.5,33.95,WATER
72.15,43.41,45.65,39.99,55.18,0.0,0.0,73.12,28.61,NOT_ABLE_TO_VENTILATE
59.98,39.57,51.33,36.3,55.08,0.0,0.0,62.26,32.12,NOT_ABLE_TO_VENTILATE
17.09,19.38,33.23,19.16,35.18,7349.02,0.53,74.06,29.27,NOT_ABLE_TO_WATER
33.48,23.06,90.15,24.6,100.0,157285.8,4.22,37.91,38.1,ANOMALY_DETECTED
96.17,23.29,79.41,20.31,94.42,18018.61,1.16,66.48,41.69,ANOMALY_DETECTED
76.08,26.6,51.88,24.5,71.07,8670.03,0.71,80.12,26.78,LOW_LIGHT
88.86,18.34,73.5,15.58,72.64,33448.73,0.11,89.67,24.0,OK
21.78,39.92,79.24,37.5,74.94,157285.8,0.08,19.47,32.1,NOT_ABLE_TO_WATER
90.42,7.16,24.89,5.26,25.02,2317.71,0.0,75.02,36.33,EXCESS_WATER
40.96,nan,73.4,41.51,69.08,0.0,0.0,35.27,35.63,INSUFFICIENT_DATA
59.37,8.19,56.23,4.98,55.53,8433.0,0.45,53.07,36.48,LOW_TEMP_ALERT
58.82,8.4,90.7,8.24,100.0,0.0,0.0,63.45,29.3,LOW_TEMP_ALERT
27.09,10.61,38.14,7.7,51.3,157285.8,0.07,25.03,24.99,NOT_ABLE_TO_WATER
37.71,41.81,88.51,43.52,91.3,157285.8,4.76,51.38,29.74,WATER
31.16,8.14,30.29,7.13,36.95,5050.2,0.65,33.3,30.66,NOT_ABLE_TO_WATER
15.64,44.45,27.74,42.88,26.97,0.0,0.0,79.69,31.29,NOT_ABLE_TO_WATER
67.72,28.51,16.95,25.25,18.5,4848.38,0.11,79.81,31.16,NOT_ABLE_TO_WATER
93.5,44.54,22.9,45.38,26.91,0.0,0.0,58.06,31.57,FUNGI_ALERT_EXCESS_WATER
37.58,29.5,16.58,35.18,13.06,0.0,0.0,23.83,27.16,NOT_ABLE_TO_WATER
39.7,28.09,70.69,28.83,87.0,0.0,0.0,46.77,27.23,NOT_ABLE_TO_WATER
72.07,7.31,67.84,9.83,68.65,157285.8,4.55,67.46,29.07,LOW_TEMP_ALERT
49.67,23.29,91.8,19.64,99.77,0.0,0.0,46.98,31.59,NIGHT_OK
24.94,30.07,73.26,27.36,77.32,28166.22,1.4,23.49,32.17,NOT_ABLE_TO_WATER
4.62,16.45,66.11,12.73,85.31,94032.89,3.12,84.13,31.55,WATER
33.81,14.99,63.63,14.24,75.49,133516.34,4.08,10.52,24.0,WATER
37.9,11.61,53.54,10.88,58.04,34504.04,1.5,80.46,28.38,NOT_ABLE_TO_WATER
75.76,20.97,71.92,21.04,90.55,38408.67,1.34,74.59,32.16,OK
nan,32.24,42.48,28.24,38.1,157285.8,5.11,25.78,27.49,INSUFFICIENT_DATA
68.29,27.61,16.25,27.99,18.82,157285.8,5.84,84.38,30.01,WATER
33.7,39.95,21.21,41.05,23.74,157285.8,4.69,14.6,32.78,WATER
20.26,9.67,42.71,11.76,52.18,8412.72,0.0,85.62,24.0,NOT_ABLE_TO_WATER
66.25,19.62,39.34,18.96,51.18,0.0,0.0,62.26,32.29,NIGHT_OK
80.52,15.21,58.05,13.52,59.49,44075.3,1.76,80.57,40.88,ANOMALY_DETECTED
84.78,30.59,27.7,33.15,29.69,8676.96,0.0,93.8,25.03,LOW_LIGHT
75.28,10.33,22.56,15.02,33.25,157285.8,0.02,76.52,43.48,ANOMALY_DETECTED
67.61,9.9,28.72,8.49,22.32,0.0,0.0,67.79,38.43,LOW_TEMP_ALERT
38.77,31.61,28.73,29.62,33.09,157285.8,4.81,35.58,34.07,WATER
48.07,19.94,56.35,16.17,54.3,19072.3,0.0,nan,31.28,INSUFFICIENT_DATA
17.07,28.53,31.73,25.81,40.89,0.0,0.0,17.39,25.93,NOT_ABLE_TO_WATER
6.14,8.86,77.51,4.66,79.54,157285.8,4.77,11.25,32.66,WATER
9.6,21.12,42.25,16.94,35.67,157285.8,0.04,12.05,30.73,NOT_ABLE_TO_WATER
20.1,30.79,26.93,30.5,36.66,0.0,0.0,17.12,31.37,NOT_ABLE_TO_WATER
24.44,8.53,31.83,8.38,37.58,157285.8,0.12,16.08,25.16,NOT_ABLE_TO_WATER
39.7,44.17,23.93,42.29,26.28,133373.64,5.04,46.88,28.77,WATER
64.7,12.18,47.66,8.81,43.67,16818.27,1.19,67.16,30.29,LOW_TEMP_ALERT
89.58,6.12,17.11,3.37,31.14,0.0,0.0,52.0,26.39,FUNGI_ALERT_EXCESS_WATER
65.07,38.07,90.47,35.25,78.44,0.0,0.0,69.96,28.67,NOT_ABLE_TO_VENTILATE
61.95,16.49,52.93,16.41,66.9,0.0,0.0,57.44,35.96,NIGHT_OK
27.54,9.35,17.63,8.46,35.48,5246.07,0.51,87.55,29.4,NOT_ABLE_TO_WATER
71.2,37.65,24.87,36.81,28.47,2345.56,0.0,66.37,26.86,HYDRIC_STRESS_ALERT
24.98,15.5,28.61,16.5,33.2,0.0,0.0,23.78,28.13,NOT_ABLE_TO_WATER
60.78,8.33,55.24,7.48,60.14,157285.8,5.45,18.84,40.12,ANOMALY_DETECTED
77.76,29.35,84.11,26.42,93.17,0.0,0.0,76.24,31.78,NIGHT_OK
27.61,27.63,65.5,28.36,77.92,157285.8,5.45,88.81,38.6,ANOMALY_DETECTED
64.75,10.75,90.64,9.09,83.4,157285.8,4.98,74.19,28.75,LOW_TEMP_ALERT
6.76,16.99,58.87,14.49,76.44,157285.8,4.64,43.75,43.66,ANOMALY_DETECTED
47.73,6.27,85.57,2.55,97.1,157285.8,5.46,19.57,27.19,FUNGI_ALERT_EXCESS_WATER
74.34,25.4,49.44,22.42,47.25,29520.41,1.25,68.67,30.37,OK
33.47,26.62,75.17,20.0,76.56,157285.8,5.56,31.2,28.13,WATER
90.62,14.9,50.66,11.68,65.29,8034.78,0.17,92.6,27.92,LOW_TEMP_ALERT
10.34,41.57,89.85,40.17,100.0,2888.08,0.37,59.27,30.64,NOT_ABLE_TO_WATER
16.46,34.52,54.62,35.99,59.29,1888.5,0.0,20.58,30.32,NOT_ABLE_TO_WATER
32.48,44.91,91.62,43.46,90.01,0.0,0.0,88.21,31.99,NOT_ABLE_TO_WATER
90.95,30.62,66.42,29.21,67.72,47205.89,0.85,92.16,31.3,OK
5.87,18.98,63.3,18.03,64.15,0.0,0.0,56.57,27.57,NOT_ABLE_TO_WATER
31.96,28.81,87.97,24.47,92.24,35690.46,0.9,52.96,25.97,NOT_ABLE_TO_WATER
43.64,21.8,60.1,20.97,66.76,81232.62,3.06,41.74,31.55,OK
18.26,29.12,87.72,25.98,83.32,0.0,0.0,15.07,32.37,NOT_ABLE_TO_WATER
20.56,9.4,63.51,7.62,73.12,157285.8,4.78,21.99,29.53,WATER
43.27,7.62,69.24,5.91,63.02,28760.68,0.75,27.42,34.25,EXCESS_WATER
77.83,7.4,31.21,4.27,30.86,63328.43,2.13,73.43,30.49,LOW_TEMP_ALERT
80.13,17.3,89.83,16.85,80.83,133025.72,4.42,75.52,29.42,OK
18.49,5.09,33.47,5.53,44.36,0.0,0.0,22.65,33.74,NOT_ABLE_TO_WATER
47.92,13.37,80.66,13.06,69.35,0.0,0.0,41.5,30.13,LOW_TEMP_ALERT
17.83,20.27,65.2,18.34,60.66,0.0,0.0,19.0,25.05,NOT_ABLE_TO_WATER
66.09,27.01,80.79,28.16,70.14,157285.8,0.07,60.96,24.21,OK
70.67,nan,51.58,27.05,58.83,157285.8,5.4,76.48,27.92,INSUFFICIENT_DATA
80.6,18.41,36.66,15.0,46.96,0.0,0.0,83.15,33.58,NIGHT_OK
63.77,28.66,49.61,26.64,51.89,157285.8,6.46,62.64,24.0,OK
9.2,34.92,29.37,29.42,25.06,157285.8,6.35,10.55,24.0,WATER
34.81,26.06,17.85,22.38,13.18,0.0,0.0,30.34,33.88,NOT_ABLE_TO_WATER
100.0,30.54,27.76,32.31,19.28,32005.76,1.31,94.04,28.28,OK
53.84,9.69,56.75,8.6,56.28,0.0,0.0,60.43,29.13,LOW_TEMP_ALERT
28.23,41.45,85.88,39.89,95.66,0.0,0.0,40.06,29.86,NOT_ABLE_TO_WATER
26.15,23.23,64.92,25.08,61.05,157285.8,4.4,31.42,30.01,WATER
41.81,39.01,31.59,37.46,31.41,153611.71,5.23,48.91,24.0,VENTILATE
99.06,9.39,38.52,7.1,37.44,157285.8,5.2,18.92,30.39,EXCESS_WATER
0.82,39.77,84.11,40.88,84.35,157285.8,5.68,43.06,25.35,WATER
87.34,17.13,65.99,11.0,61.98,125770.59,4.13,19.34,45.71,ANOMALY_DETECTED
50.61,35.77,73.57,30.26,89.42,0.0,0.0,46.59,31.64,NIGHT_OK
55.26,10.62,65.11,11.04,71.4,157285.8,4.46,91.74,29.84,WATER
3.12,11.16,24.57,11.55,30.11,0.0,0.0,34.11,32.48,NOT_ABLE_TO_WATER
80.02,20.85,85.21,18.86,88.42,13011.33,0.63,84.28,36.08,OK
69.68,10.34,42.41,10.3,48.04,157285.8,0.05,68.27,31.88,LOW_TEMP_ALERT
nan,34.18,27.96,33.18,37.87,85887.17,3.39,94.63,31.16,INSUFFICIENT_DATA
24.33,22.94,65.26,21.49,64.28,3761.45,0.18,24.94,36.48,NOT_ABLE_TO_WATER
88.63,8.8,60.02,11.91,76.25,157285.8,4.71,92.14,32.87,LOW_TEMP_ALERT
88.18,13.27,72.05,10.08,80.89,680.14,0.44,87.73,32.42,LOW_TEMP_ALERT
77.96,33.04,50.04,30.75,45.45,0.0,0.0,83.36,32.41,NIGHT_OK
33.85,19.53,49.14,18.88,58.26,20799.32,0.78,24.68,36.95,NOT_ABLE_TO_WATER
96.64,34.25,23.49,33.67,34.5,0.0,0.0,80.42,29.8,FUNGI_ALERT_EXCESS_WATER
66.62,9.12,55.48,6.26,43.37,157285.8,5.24,62.99,37.64,ANOMALY_DETECTED
50.94,39.76,86.97,40.8,83.75,84919.14,nan,45.39,26.0,INSUFFICIENT_DATA
41.74,31.44,32.71,29.02,40.74,157285.8,4.67,43.1,28.58,OK
58.6,37.89,27.36,35.83,30.23,157285.8,4.59,nan,34.38,INSUFFICIENT_DATA
10.07,44.51,75.56,45.27,83.18,125010.48,4.13,13.03,34.07,WATER
76.02,22.95,70.12,21.86,64.67,105816.85,0.01,35.81,40.72,ANOMALY_DETECTED
80.49,34.61,24.37,32.57,22.46,0.0,0.0,83.23,28.11,NIGHT_OK
71.95,38.64,15.64,36.7,21.41,23121.31,0.67,73.78,34.95,HYDRIC_STRESS_ALERT
27.88,20.89,56.17,20.89,65.84,157285.8,5.25,82.89,44.96,ANOMALY_DETECTED
79.18,29.22,82.67,28.21,74.12,117514.25,3.77,63.27,31.0,FUNGI_ALERT_EXCESS_WATER
67.78,7.64,61.03,7.69,67.74,157285.8,6.08,35.58,33.02,EXCESS_WATER
89.1,21.22,30.77,24.65,33.64,48098.17,1.2,86.39,24.24,OK
95.79,44.68,75.03,42.13,66.05,157285.8,4.43,41.52,43.25,ANOMALY_DETECTED
53.5,27.28,27.0,24.91,40.62,35536.89,1.44,51.14,43.77,ANOMALY_DETECTED
7.69,31.03,91.46,29.47,96.16,26985.34,0.7,27.7,38.06,ANOMALY_DETECTED
34.88,13.7,57.42,9.14,66.03,43688.16,1.55,36.44,27.73,NOT_ABLE_TO_WATER
5.03,41.34,44.14,36.86,52.09,0.0,0.0,18.31,31.3,NOT_ABLE_TO_WATER
31.19,9.86,43.31,3.49,39.36,0.0,0.0,30.59,27.53,NOT_ABLE_TO_WATER
35.26,13.6,87.12,12.2,79.03,0.0,0.0,10.23,28.72,NOT_ABLE_TO_WATER
42.67,44.95,81.98,45.51,81.35,0.0,0.0,33.61,24.0,NOT_ABLE_TO_VENTILATE
0.83,18.63,78.81,20.05,72.24,5760.18,0.0,12.09,28.0,NOT_ABLE_TO_WATER
24.85,44.64,49.46,41.08,67.01,0.0,0.0,19.77,32.22,NOT_ABLE_TO_WATER
46.66,31.52,21.06,27.5,22.81,157285.8,4.57,11.91,29.99,EXCESS_WATER
60.08,21.97,59.23,19.6,70.37,157285.8,5.3,52.83,42.8,ANOMALY_DETECTED
27.15,29.78,48.78,24.06,54.79,0.0,0.0,20.16,31.55,NOT_ABLE_TO_WATER
70.76,15.86,25.0,11.29,26.36,0.0,0.0,62.95,28.21,LOW_TEMP_ALERT
59.66,40.89,27.22,37.97,44.92,157285.8,6.66,59.73,29.2,HYDRIC_STRESS_ALERT
88.61,15.66,90.43,12.02,93.36,84457.47,2.74,84.99,28.16,LOW_TEMP_ALERT
87.61,31.19,22.3,28.53,15.58,157285.8,5.54,77.76,29.44,OK
26.25,8.72,64.36,7.65,73.85,0.0,0.0,28.75,31.55,NOT_ABLE_TO_WATER
48.54,27.29,73.11,22.12,88.4,0.0,0.0,51.12,24.13,NIGHT_OK
21.25,31.01,31.42,30.08,41.68,0.0,0.0,16.4,34.77,NOT_ABLE_TO_WATER
20.05,21.69,27.77,21.8,26.32,0.0,0.0,53.1,30.7,NOT_ABLE_TO_WATER
44.59,20.77,41.14,22.86,33.48,128809.82,4.35,94.15,30.36,WATER
84.22,42.69,17.67,43.05,18.4,48868.86,2.02,20.68,31.75,EXCESS_WATER
28.75,14.16,27.16,14.24,18.45,157285.8,5.01,27.62,28.2,WATER
62.46,11.65,84.51,13.21,86.83,157285.8,4.49,51.28,24.0,FUNGI_ALERT_EXCESS_WATER
45.1,20.8,22.65,19.09,33.83,0.0,0.0,42.15,38.4,NIGHT_OK
49.18,12.22,18.05,10.72,17.93,0.0,0.0,48.11,34.44,LOW_TEMP_ALERT
93.28,18.65,76.44,19.09,86.65,156063.11,6.14,58.75,33.98,FUNGI_ALERT_EXCESS_WATER
47.22,7.53,61.95,5.78,46.4,157285.8,5.1,40.84,29.1,LOW_TEMP_ALERT
62.75,34.08,nan,33.14,82.05,0.0,0.0,53.42,33.27,INSUFFICIENT_DATA
84.41,17.57,92.44,19.81,100.0,0.0,0.0,78.26,37.78,NIGHT_OK
62.74,27.79,73.46,24.76,89.28,157285.8,6.2,64.56,35.14,OK
22.05,16.71,15.14,17.05,30.97,49087.17,1.6,35.53,33.32,NOT_ABLE_TO_WATER
33.26,24.7,32.81,25.87,35.62,0.0,0.0,32.88,25.65,NOT_ABLE_TO_WATER
66.08,42.34,46.53,41.49,56.99,0.0,0.0,74.84,33.73,NOT_ABLE_TO_VENTILATE
23.89,37.39,85.06,35.03,97.26,0.0,0.0,61.61,28.73,NOT_ABLE_TO_WATER
55.83,34.92,62.92,34.64,73.06,0.0,0.0,93.87,30.1,NOT_ABLE_TO_WATER
60.31,16.28,54.33,15.51,48.25,0.0,0.0,64.19,30.07,NIGHT_OK
58.54,28.85,62.39,25.59,65.61,157285.8,5.69,65.78,35.23,OK
6.91,25.33,78.24,24.62,87.45,18312.17,0.11,13.99,31.63,NOT_ABLE_TO_WATER
51.72,15.44,52.78,12.72,58.98,50308.94,1.51,43.0,34.05,LOW_TEMP_ALERT
91.34,43.11,39.86,42.22,54.62,0.0,0.0,94.58,31.42,NOT_ABLE_TO_VENTILATE
39.67,19.61,61.86,14.87,60.61,0.0,0.0,37.27,30.03,NOT_ABLE_TO_WATER
14.43,33.15,51.88,31.4,51.48,0.0,0.0,10.75,32.89,NOT_ABLE_TO_WATER
69.3,25.87,25.13,23.17,24.93,157285.8,5.98,66.41,31.46,OK
10.61,18.08,55.1,19.08,23.39,31674.43,1.57,10.28,26.94,NOT_ABLE_TO_WATER
81.39,35.84,18.9,33.35,19.25,85050.36,3.06,87.44,28.75,OK
53.8,20.85,42.08,22.44,46.95,0.0,0.0,82.77,24.0,NOT_ABLE_TO_WATER
96.28,38.87,44.27,34.7,49.47,0.0,0.0,92.77,29.02,NOT_ABLE_TO_VENTILATE
53.41,39.87,31.91,36.03,40.01,32935.73,2.23,16.26,26.1,EXCESS_WATER
0.64,33.29,92.07,31.55,88.62,157285.8,5.3,82.41,40.25,ANOMALY_DETECTED
45.92,24.29,16.41,22.68,25.35,4883.56,1.05,44.73,nan,INSUFFICIENT_DATA
83.39,20.41,72.99,18.24,64.24,0.0,0.0,90.1,36.55,NIGHT_OK
74.4,30.84,63.76,32.17,60.79,157285.8,5.41,73.92,31.88,OK
79.5,34.36,67.13,33.79,80.18,0.0,0.0,90.86,29.91,NIGHT_OK
53.8,26.05,39.66,26.73,54.53,157285.8,5.28,45.75,31.54,OK
24.09,40.74,62.26,38.64,84.49,80997.81,3.11,67.6,30.56,WATER
87.5,7.07,72.93,6.8,77.66,8277.58,0.15,30.29,31.79,FUNGI_ALERT_EXCESS_WATER
72.49,12.89,90.78,13.65,91.63,0.0,0.0,74.96,30.1,LOW_TEMP_ALERT
28.59,42.94,94.47,39.72,100.0,157285.8,4.82,87.59,33.25,WATER
47.61,11.5,42.09,11.02,50.2,0.0,0.0,65.58,31.88,NOT_ABLE_TO_WATER
28.13,10.61,70.95,9.74,78.35,157285.8,5.61,56.77,32.55,WATER
33.27,15.68,39.06,15.22,46.18,7605.71,0.0,37.71,24.52,NOT_ABLE_TO_WATER
66.09,15.22,60.48,13.95,63.48,0.0,0.0,71.71,30.19,LOW_TEMP_ALERT
25.16,16.43,80.62,15.15,91.23,0.0,0.0,17.22,30.23,NOT_ABLE_TO_WATER
15.82,21.65,49.68,19.6,55.54,0.0,0.0,36.8,29.78,NOT_ABLE_TO_WATER
42.46,23.31,71.83,21.85,67.78,0.0,0.0,48.69,38.88,NIGHT_OK
8.78,16.86,25.4,16.41,47.93,92.96,0.0,15.25,31.11,NOT_ABLE_TO_WATER
10.6,44.89,53.88,43.98,56.56,157285.8,5.78,11.22,28.25,WATER
62.4,24.98,78.37,27.03,91.58,157285.8,4.79,79.58,32.0,WATER
18.59,7.56,47.01,4.62,58.54,0.0,0.0,19.97,27.38,NOT_ABLE_TO_WATER
10.38,28.42,75.88,28.32,89.75,157285.8,5.24,36.4,31.06,WATER
17.34,11.92,78.77,13.05,84.3,16204.13,0.7,24.31,27.3,NOT_ABLE_TO_WATER
41.9,43.85,60.47,41.64,61.48,33135.39,1.41,32.65,31.97,NOT_ABLE_TO_VENTILATE
75.73,39.49,30.56,37.93,34.8,157285.8,5.7,74.02,nan,INSUFFICIENT_DATA
33.02,27.14,75.02,25.58,91.59,5710.7,0.53,39.6,30.52,NOT_ABLE_TO_WATER
10.04,34.78,69.88,32.14,78.01,7266.56,0.31,73.64,nan,INSUFFICIENT_DATA
40.29,19.5,71.93,19.37,78.28,46237.28,1.2,48.03,nan,INSUFFICIENT_DATA
17.07,34.4,30.77,31.45,32.8,0.0,0.0,15.87,31.49,NOT_ABLE_TO_WATER
56.28,35.75,58.15,32.18,71.9,64358.7,1.71,57.94,35.19,OK
68.23,23.15,52.25,21.2,45.71,157285.8,4.61,93.09,28.79,WATER
68.26,14.19,80.77,15.34,80.34,0.0,0.0,64.11,27.78,NIGHT_OK
11.23,39.08,33.31,33.64,36.53,157285.8,5.6,10.18,27.8,WATER
46.71,11.97,43.49,7.75,50.95,157285.8,4.78,23.63,25.41,EXCESS_WATER
25.92,10.25,62.46,7.73,74.42,5360.43,0.6,81.9,31.43,NOT_ABLE_TO_WATER
49.1,19.06,17.35,17.82,29.06,0.0,0.0,92.01,27.95,NOT_ABLE_TO_WATER
55.47,20.51,20.03,24.7,34.99,157285.8,5.11,59.96,32.1,OK
87.27,34.6,19.82,32.65,20.23,0.0,0.0,28.36,33.61,FUNGI_ALERT_EXCESS_WATER
20.48,38.71,20.43,37.52,14.29,110518.12,4.08,24.54,28.97,WATER
79.06,21.39,27.49,12.49,38.05,2417.65,0.08,77.86,25.86,LOW_TEMP_ALERT
22.52,6.84,42.4,5.81,52.85,157285.8,5.34,27.18,31.9,WATER
28.55,33.37,50.59,30.08,61.21,0.0,0.0,77.33,27.25,NOT_ABLE_TO_WATER
79.24,14.73,40.81,13.83,45.31,138376.79,4.0,69.61,24.0,LOW_TEMP_ALERT
27.45,16.63,81.13,12.69,84.86,3162.45,0.25,28.16,28.53,NOT_ABLE_TO_WATER
89.18,22.46,51.73,22.05,48.22,0.0,0.0,92.96,31.91,NIGHT_OK
88.32,22.15,93.15,21.23,100.0,157285.8,5.23,71.5,36.91,FUNGI_ALERT_EXCESS_WATER
70.5,26.52,27.06,26.73,41.89,57148.14,1.93,70.21,33.37,OK
77.85,26.81,23.27,28.21,27.6,145030.7,0.05,78.04,37.26,ANOMALY_DETECTED
19.99,15.3,87.98,16.9,90.1,157285.8,4.75,57.95,30.04,WATER
65.95,35.97,72.54,31.84,68.63,84764.18,2.4,44.05,31.2,FUNGI_ALERT_EXCESS_WATER
61.02,24.67,93.47,22.07,86.55,157285.8,6.19,82.9,28.61,WATER
29.38,26.83,78.67,23.69,78.57,0.0,0.0,39.1,38.38,NOT_ABLE_TO_WATER
15.84,41.95,56.25,42.35,77.19,157285.8,5.41,67.88,30.27,WATER
84.78,8.77,45.51,9.91,60.1,121356.05,0.13,25.74,30.36,EXCESS_WATER
65.6,34.93,89.14,35.49,89.05,0.0,0.0,27.03,27.71,FUNGI_ALERT_EXCESS_WATER
17.03,18.8,55.61,15.01,62.77,157285.8,4.18,49.93,32.49,WATER
84.4,13.03,21.1,9.71,21.28,0.0,0.0,81.86,29.64,LOW_TEMP_ALERT
37.09,16.05,54.48,14.0,60.09,157285.8,5.29,93.86,24.78,WATER
85.98,28.51,29.93,27.73,32.24,0.0,0.0,79.63,25.42,NIGHT_OK
38.21,8.95,31.79,6.04,43.06,14974.59,1.08,39.79,35.02,NOT_ABLE_TO_WATER
53.64,39.65,22.37,40.23,22.43,156477.69,5.47,55.56,27.98,HYDRIC_STRESS_ALERT
63.1,11.26,40.42,1.6,42.09,48576.0,1.79,78.37,24.0,NOT_ABLE_TO_WATER
33.0,40.87,17.98,36.2,nan,157285.8,5.17,35.16,24.0,INSUFFICIENT_DATA
77.34,37.55,53.04,36.82,54.57,157285.8,5.5,74.42,28.05,VENTILATE
33.8,7.96,25.8,7.38,12.34,0.0,0.0,57.0,33.05,NOT_ABLE_TO_WATER
81.69,31.97,77.9,28.13,82.44,6090.81,0.09,84.39,27.36,LOW_LIGHT
13.09,24.05,86.0,26.33,86.37,5425.57,0.0,36.66,25.92,NOT_ABLE_TO_WATER
62.17,41.44,29.24,38.64,39.66,2819.55,0.0,64.88,29.51,HYDRIC_STRESS_ALERT
61.92,33.91,48.9,29.16,59.9,0.0,0.0,60.25,28.01,NIGHT_OK
9.61,11.39,51.7,11.49,64.71,157285.8,4.51,16.64,27.2,WATER
95.77,15.57,82.39,9.08,81.45,113260.47,3.58,89.14,28.66,LOW_TEMP_ALERT
20.83,42.77,62.21,37.61,80.53,107304.69,3.6,13.65,28.44,WATER
37.46,6.56,34.43,6.59,47.82,36744.99,1.18,40.09,30.49,NOT_ABLE_TO_WATER
11.27,40.22,22.13,39.7,34.18,31881.16,1.78,15.64,35.88,NOT_ABLE_TO_WATER
6.19,5.55,71.17,4.18,68.25,0.0,0.0,17.56,40.36,NOT_ABLE_TO_WATER
17.92,40.3,19.45,40.37,22.89,157285.8,4.71,33.37,31.59,WATER
66.47,35.65,87.62,34.85,89.37,0.0,0.0,58.66,35.39,NIGHT_OK
46.53,15.23,18.92,15.02,27.18,157285.8,4.96,22.15,37.32,ANOMALY_DETECTED
30.45,41.36,40.54,37.78,48.8,115941.61,4.21,26.4,28.25,WATER
37.45,21.24,72.2,19.44,87.48,19564.46,1.01,76.64,29.02,NOT_ABLE_TO_WATER
91.29,26.37,71.99,25.9,68.14,0.0,0.0,40.5,35.74,FUNGI_ALERT_EXCESS_WATER
91.2,34.38,67.64,33.57,71.55,157285.8,5.51,93.41,36.2,OK
44.03,10.21,46.04,8.08,46.5,157285.8,5.4,40.04,27.39,LOW_TEMP_ALERT
86.12,5.24,45.63,1.4,51.14,3959.11,0.0,40.81,27.57,EXCESS_WATER
60.78,37.14,60.86,37.66,63.71,0.0,0.0,62.15,29.11,NOT_ABLE_TO_VENTILATE
60.95,33.29,23.39,31.56,41.92,88388.96,3.64,57.37,31.55,OK
83.16,30.13,20.59,26.41,37.7,0.0,0.0,84.02,26.86,NIGHT_OK
0.12,41.83,60.78,40.56,nan,0.0,0.0,21.63,25.75,INSUFFICIENT_DATA
28.78,9.07,40.3,7.19,42.55,1778.29,0.0,61.16,28.1,NOT_ABLE_TO_WATER
38.76,34.39,81.78,32.07,90.57,0.0,0.0,43.39,29.21,NOT_ABLE_TO_WATER
10.03,32.14,46.58,31.27,49.27,0.0,0.0,86.62,33.09,NOT_ABLE_TO_WATER
80.3,25.5,59.52,24.64,72.14,146321.77,4.97,17.4,43.99,ANOMALY_DETECTED
15.11,22.42,82.63,22.62,92.63,80976.03,3.25,16.87,30.32,WATER
11.19,5.89,53.59,6.27,63.56,3410.05,0.54,31.56,27.25,NOT_ABLE_TO_WATER
36.57,8.76,91.08,7.98,93.45,157285.8,0.04,30.1,30.03,NOT_ABLE_TO_WATER
66.21,25.0,23.43,26.28,32.32,7407.21,0.14,74.02,24.5,LOW_LIGHT
46.48,11.69,81.84,12.53,67.31,157285.8,5.03,57.36,26.58,WATER
33.55,20.57,41.32,18.38,53.65,0.0,0.0,26.3,30.29,NOT_ABLE_TO_WATER
50.71,29.03,49.63,31.28,43.39,157285.8,5.26,39.11,24.0,EXCESS_WATER
9.04,10.36,25.06,7.6,31.98,5701.84,0.69,37.74,27.81,NOT_ABLE_TO_WATER
2.56,35.87,86.45,33.8,100.0,8498.9,0.05,74.38,35.21,NOT_ABLE_TO_WATER
69.28,31.65,50.36,30.15,61.27,16077.15,0.98,73.3,32.47,OK
14.72,25.75,56.56,21.8,68.59,0.0,0.0,15.91,26.9,NOT_ABLE_TO_WATER
82.46,20.51,44.97,19.22,54.18,6272.01,0.0,34.18,27.36,EXCESS_WATER
16.7,23.18,79.57,22.78,80.82,0.0,0.0,14.95,29.61,NOT_ABLE_TO_WATER
99.46,25.43,79.12,23.29,68.2,135335.91,4.58,40.67,33.1,FUNGI_ALERT_EXCESS_WATER
53.31,7.09,43.33,5.02,43.93,0.0,0.0,48.67,28.13,LOW_TEMP_ALERT
22.83,27.48,41.03,28.34,38.21,0.0,0.0,34.39,27.48,NOT_ABLE_TO_WATER
31.95,31.41,72.57,27.92,76.44,155937.79,5.21,29.57,27.82,WATER
52.83,23.52,33.76,20.73,42.04,0.0,0.0,63.65,25.15,NOT_ABLE_TO_WATER
59.76,13.66,89.47,10.57,93.8,143522.05,3.88,61.71,44.08,ANOMALY_DETECTED
17.69,15.79,15.1,13.51,16.08,0.0,0.0,23.36,31.25,NOT_ABLE_TO_WATER
72.27,26.21,46.14,25.43,35.96,0.0,0.0,69.37,32.66,NIGHT_OK
34.51,19.49,39.25,16.88,43.28,157285.8,5.25,50.38,31.25,WATER
28.37,43.97,77.34,40.52,68.88,9402.03,0.86,30.85,36.24,NOT_ABLE_TO_WATER
70.08,23.31,16.09,20.12,6.81,157285.8,5.91,65.29,27.0,OK
95.08,40.58,22.78,41.37,45.98,0.0,0.0,43.03,30.08,FUNGI_ALERT_EXCESS_WATER
29.91,17.18,57.21,16.41,58.45,101708.67,2.87,77.75,24.0,WATER
54.16,15.22,91.75,14.69,97.37,0.0,0.0,93.07,27.1,NOT_ABLE_TO_WATER
54.93,38.08,41.54,38.96,49.34,3708.73,0.0,42.36,29.76,EXCESS_WATER
49.26,21.65,25.21,20.32,42.65,0.0,0.0,84.38,27.22,NOT_ABLE_TO_WATER
62.7,32.22,44.29,31.44,63.07,157285.8,6.22,68.35,39.92,ANOMALY_DETECTED
95.61,15.07,69.01,13.6,61.07,157285.8,4.8,91.72,28.98,LOW_TEMP_ALERT
90.38,16.41,32.74,12.7,54.93,0.0,0.0,91.66,25.18,LOW_TEMP_ALERT
11.83,7.31,17.68,5.94,21.27,0.0,0.0,53.81,39.24,NOT_ABLE_TO_WATER
18.26,36.9,51.35,36.47,51.73,157285.8,5.32,18.51,25.69,WATER
43.66,10.76,15.46,9.22,22.67,0.0,0.0,51.48,33.49,LOW_TEMP_ALERT
37.12,40.09,70.83,34.76,75.67,0.0,0.0,30.76,28.45,NOT_ABLE_TO_WATER
100.0,15.16,20.25,17.38,31.3,0.0,0.0,94.14,34.26,NIGHT_OK
22.96,33.29,52.84,33.11,64.53,10024.01,0.46,23.03,24.53,NOT_ABLE_TO_WATER
7.54,43.29,34.11,42.15,32.52,0.0,0.0,15.4,31.13,NOT_ABLE_TO_WATER
72.92,7.11,24.45,4.89,17.31,50024.77,1.4,27.12,36.23,EXCESS_WATER
2.29,40.48,49.9,39.13,49.1,157285.8,6.4,57.94,27.7,WATER
95.41,14.66,46.38,15.95,45.35,2946.47,0.64,61.51,34.6,EXCESS_WATER
83.86,32.48,nan,31.43,38.18,13087.54,0.26,81.85,26.42,INSUFFICIENT_DATA
40.98,37.39,47.47,34.72,57.08,35785.23,1.31,81.85,36.15,NOT_ABLE_TO_WATER
90.11,28.92,47.87,25.55,58.03,157285.8,5.73,90.36,32.39,OK
50.57,20.12,63.89,18.44,84.17,6144.68,0.0,49.06,30.48,LOW_LIGHT
12.83,18.16,48.63,16.34,43.29,4972.8,0.5,12.68,36.72,NOT_ABLE_TO_WATER
6.88,13.12,77.97,14.34,100.0,157285.8,0.1,86.88,31.1,NOT_ABLE_TO_WATER
24.82,10.91,36.35,11.9,47.16,157285.8,6.03,50.2,32.52,WATER
57.25,14.26,61.28,13.02,60.41,136411.99,4.23,60.04,27.85,LOW_TEMP_ALERT
75.24,12.54,65.8,9.02,85.62,0.0,0.0,66.4,31.17,LOW_TEMP_ALERT
74.88,7.4,59.73,7.35,59.77,0.0,0.0,69.18,24.0,LOW_TEMP_ALERT
46.98,36.66,92.69,33.71,100.0,157285.8,4.65,49.23,30.46,OK
29.3,8.98,90.88,10.41,94.23,9628.65,0.4,20.17,31.81,NOT_ABLE_TO_WATER
48.68,38.81,21.3,37.73,34.3,0.0,0.0,43.81,27.36,HYDRIC_STRESS_ALERT
76.5,16.44,88.05,12.35,90.33,157285.8,5.08,78.98,32.5,LOW_TEMP_ALERT
65.37,13.94,77.74,10.47,78.86,33880.88,0.64,62.51,29.62,LOW_TEMP_ALERT
90.67,15.37,71.64,12.93,86.28,157285.8,5.53,35.06,25.75,FUNGI_ALERT_EXCESS_WATER
88.92,28.0,46.89,22.03,65.58,131862.53,4.0,90.19,27.15,OK
2.94,23.6,89.04,22.5,91.89,51013.34,1.51,11.26,30.04,NOT_ABLE_TO_WATER
68.47,44.11,27.86,44.09,33.59,0.0,0.0,75.29,25.86,HYDRIC_STRESS_ALERT
47.33,7.78,88.86,3.82,92.5,11292.06,0.56,19.65,32.19,FUNGI_ALERT_EXCESS_WATER
3.84,24.33,61.06,20.46,54.35,0.0,0.0,10.43,24.0,NOT_ABLE_TO_WATER
21.85,41.4,32.57,40.57,30.4,52124.86,2.05,18.92,26.7,WATER
25.36,9.62,25.5,7.38,36.25,0.0,0.0,17.83,29.2,NOT_ABLE_TO_WATER
62.79,35.0,85.73,32.64,88.38,157285.8,0.06,43.63,24.0,FUNGI_ALERT_EXCESS_WATER
85.83,15.16,84.07,13.59,100.0,0.0,0.0,86.96,30.43,LOW_TEMP_ALERT
42.84,39.66,74.88,39.08,77.45,5583.09,0.12,45.33,37.05,ANOMALY_DETECTED
50.96,31.77,76.96,29.55,93.57,157285.8,5.44,53.34,34.24,OK
52.17,34.53,57.2,28.63,63.41,17872.44,0.0,57.81,28.99,OK
38.83,32.64,66.52,32.16,71.13,86876.78,2.74,35.1,34.92,WATER
22.6,42.3,79.48,38.01,92.97,35753.87,1.72,58.71,32.84,NOT_ABLE_TO_WATER
4.32,34.82,33.35,35.07,39.84,0.0,0.0,27.57,32.58,NOT_ABLE_TO_WATER
53.63,35.42,84.34,33.85,85.89,157285.8,0.11,54.54,34.1,OK
83.5,9.2,31.29,7.04,31.83,157285.8,5.94,81.82,27.66,LOW_TEMP_ALERT
20.15,26.81,61.07,23.67,78.37,28437.79,0.12,24.97,31.4,NOT_ABLE_TO_WATER
28.54,15.96,28.37,16.47,30.15,0.0,0.0,24.33,27.26,NOT_ABLE_TO_WATER
64.82,13.09,32.16,7.87,29.47,156536.65,4.58,41.02,32.98,EXCESS_WATER
26.13,44.33,83.58,41.79,71.4,0.0,0.0,42.86,28.11,NOT_ABLE_TO_WATER
15.09,34.32,83.94,34.89,87.03,32579.39,0.99,16.6,36.28,NOT_ABLE_TO_WATER
26.73,12.35,92.93,8.75,88.15,157285.8,5.5,23.83,30.75,WATER
14.45,42.34,30.14,41.61,37.2,0.0,0.0,18.85,28.84,NOT_ABLE_TO_WATER
76.03,7.56,61.98,6.68,68.87,0.0,0.0,76.76,38.18,LOW_TEMP_ALERT
48.2,32.15,73.7,29.43,63.42,133493.97,4.27,43.47,29.98,OK
96.84,26.44,55.23,25.34,52.68,0.0,0.0,92.8,29.83,NIGHT_OK
46.17,42.84,21.32,39.97,24.42,157285.8,5.73,53.86,24.0,HYDRIC_STRESS_ALERT
57.85,33.85,18.84,32.6,24.23,0.0,0.0,32.15,24.21,FUNGI_ALERT_EXCESS_WATER
16.13,17.34,76.49,15.91,73.49,0.0,0.0,17.24,35.46,NOT_ABLE_TO_WATER
52.8,14.86,64.37,13.09,66.39,157285.8,4.31,56.54,43.26,ANOMALY_DETECTED
32.74,23.06,89.65,21.71,93.9,157285.8,5.98,32.39,27.83,WATER
38.64,17.35,33.45,14.01,50.98,157285.8,5.18,39.55,nan,INSUFFICIENT_DATA
83.13,18.58,52.91,17.46,70.47,157285.8,5.78,87.59,31.85,OK
45.95,15.23,55.37,12.02,50.5,0.0,0.0,48.29,30.54,LOW_TEMP_ALERT
81.55,21.41,32.07,21.02,43.82,79884.83,3.05,82.21,29.7,OK
37.89,33.89,51.36,31.28,69.44,155417.64,4.62,23.99,28.11,WATER
47.84,8.39,60.35,7.34,51.94,0.0,0.0,74.81,33.88,NOT_ABLE_TO_WATER
97.56,32.0,40.56,29.91,50.54,0.0,0.0,91.09,27.64,NIGHT_OK
62.19,37.04,87.2,36.31,84.24,23101.81,0.08,62.77,28.07,NOT_ABLE_TO_VENTILATE
68.54,32.71,89.02,nan,91.98,6469.42,0.44,67.13,32.84,INSUFFICIENT_DATA
76.51,6.43,61.7,7.05,76.61,78209.94,2.67,73.42,28.45,LOW_TEMP_ALERT
14.19,25.02,88.49,24.95,nan,1327.04,0.52,84.28,27.53,INSUFFICIENT_DATA
64.02,41.52,56.54,43.49,66.34,30120.5,0.09,70.22,35.09,NOT_ABLE_TO_VENTILATE
10.24,41.92,93.16,40.19,99.47,0.0,0.0,11.95,37.4,NOT_ABLE_TO_WATER
69.29,36.58,48.32,33.46,56.45,157285.8,4.8,66.83,29.7,OK
54.93,23.39,92.83,19.67,92.54,0.0,0.0,48.89,24.0,NIGHT_OK
70.55,42.42,31.07,42.35,34.07,0.0,0.0,65.49,32.35,NOT_ABLE_TO_VENTILATE
34.57,9.54,56.77,7.08,73.41,7672.81,0.04,39.79,28.47,NOT_ABLE_TO_WATER
60.25,31.53,88.1,31.45,85.8,125963.38,3.53,60.28,33.83,OK
55.99,31.1,81.76,32.09,84.62,81277.75,3.08,57.93,33.99,OK
20.24,12.4,35.3,10.25,44.16,30739.4,0.79,24.3,33.46,NOT_ABLE_TO_WATER
28.6,23.6,86.09,20.29,68.75,0.0,0.0,25.61,24.0,NOT_ABLE_TO_WATER
42.65,39.19,75.49,33.16,90.16,0.0,0.0,45.4,28.09,NOT_ABLE_TO_VENTILATE
74.68,44.67,45.84,45.73,43.2,16392.92,0.24,78.54,31.0,NOT_ABLE_TO_VENTILATE
12.01,36.53,nan,36.94,100.0,1024.82,0.5,15.59,26.95,INSUFFICIENT_DATA
69.73,11.9,64.47,8.85,78.87,0.0,0.0,61.01,32.05,LOW_TEMP_ALERT
81.81,37.58,82.65,36.63,86.34,53187.71,2.3,85.88,33.97,NOT_ABLE_TO_VENTILATE
40.09,22.2,89.63,18.2,84.47,157285.8,4.53,43.11,35.21,OK
69.79,8.59,82.02,6.52,85.74,157285.8,5.14,63.82,33.2,LOW_TEMP_ALERT
23.82,41.92,24.65,46.96,22.97,120717.71,3.9,19.35,32.79,WATER
42.66,25.09,88.8,27.7,89.93,128509.86,5.63,35.9,25.56,OK
64.9,24.54,24.88,22.29,25.84,132659.46,3.96,66.96,43.67,ANOMALY_DETECTED
12.8,19.76,34.27,17.93,44.47,29257.1,1.01,11.82,32.17,NOT_ABLE_TO_WATER
50.6,9.05,60.14,2.3,58.83,0.0,0.0,53.66,27.17,LOW_TEMP_ALERT
63.41,39.8,61.21,36.85,73.82,141599.4,5.35,86.11,26.3,WATER
61.54,22.41,39.56,17.63,37.19,5874.56,0.33,71.73,28.23,NOT_ABLE_TO_WATER
33.63,5.91,30.19,1.02,32.72,31519.35,0.89,34.83,32.34,NOT_ABLE_TO_WATER
49.22,18.98,19.44,16.32,13.8,0.0,0.0,66.98,25.77,NOT_ABLE_TO_WATER
38.78,31.49,55.06,30.22,62.08,0.0,0.0,45.8,43.23,NOT_ABLE_TO_WATER
57.36,34.64,24.03,33.44,31.54,157285.8,4.1,60.38,25.06,OK
53.14,24.97,21.13,25.58,32.33,20784.97,0.9,53.64,27.73,OK
42.64,23.93,31.53,24.83,39.85,0.0,0.0,50.18,28.2,NIGHT_OK
nan,21.78,61.23,18.43,64.16,0.0,0.0,16.93,30.69,INSUFFICIENT_DATA
21.14,12.67,55.24,10.59,73.08,157285.8,4.81,14.59,34.64,WATER
49.77,44.95,35.55,46.0,30.96,157285.8,5.34,94.88,26.73,WATER
97.32,27.53,93.91,24.09,96.53,0.0,0.0,91.66,33.88,NIGHT_OK
55.78,10.63,66.44,12.1,82.84,117584.12,3.3,63.93,34.42,LOW_TEMP_ALERT
96.97,7.09,79.48,5.5,76.59,5968.47,0.89,46.42,24.0,FUNGI_ALERT_EXCESS_WATER
53.58,30.59,41.29,33.81,45.77,0.0,0.0,48.66,38.04,NIGHT_OK
94.72,26.13,61.59,25.49,69.8,157285.8,6.42,90.77,27.3,OK
90.49,17.99,41.04,15.71,46.73,34047.77,0.87,12.92,29.03,EXCESS_WATER
54.71,40.25,76.43,39.75,84.11,144752.89,4.08,14.81,32.48,FUNGI_ALERT_EXCESS_WATER
74.88,42.36,85.37,41.36,88.66,0.0,0.0,76.39,37.82,NOT_ABLE_TO_VENTILATE
59.64,23.9,31.18,22.6,41.64,0.0,0.0,57.95,28.44,NIGHT_OK
13.13,38.53,46.9,38.11,61.24,157285.8,5.48,91.56,32.37,WATER
98.74,34.75,55.71,35.1,66.36,0.0,0.0,18.16,28.88,FUNGI_ALERT_EXCESS_WATER
69.37,18.01,69.57,15.63,74.01,0.0,0.0,74.24,28.56,NIGHT_OK
28.22,33.13,85.15,34.04,91.06,30675.11,0.91,28.75,26.52,NOT_ABLE_TO_WATER
75.75,39.96,94.97,38.29,99.96,125386.96,3.39,53.9,27.45,FUNGI_ALERT_EXCESS_WATER
94.79,21.32,30.89,19.51,47.67,0.0,0.0,91.37,26.7,NIGHT_OK
49.83,21.2,69.05,12.53,62.65,36028.87,1.29,46.1,27.21,LOW_TEMP_ALERT
56.6,15.13,23.87,13.63,37.17,157285.8,5.17,42.11,31.79,EXCESS_WATER
73.88,34.46,58.01,33.79,68.75,1577.51,0.09,74.83,36.1,LOW_LIGHT
73.9,36.42,47.04,33.88,48.39,157285.8,4.21,74.72,30.1,OK
87.12,5.08,52.27,1.8,62.02,157285.8,5.02,83.84,43.42,ANOMALY_DETECTED
25.2,31.95,82.87,31.65,73.5,157285.8,4.49,34.54,35.11,WATER
16.73,24.75,53.11,25.01,59.88,43219.76,1.72,23.72,28.56,NOT_ABLE_TO_WATER
76.18,22.07,66.72,26.62,64.16,0.0,0.0,74.35,29.83,NIGHT_OK
50.71,15.6,37.74,11.88,44.81,7471.22,0.0,42.94,27.7,LOW_TEMP_ALERT
87.95,10.66,71.7,11.41,88.35,0.0,0.0,94.61,24.0,LOW_TEMP_ALERT
32.2,16.09,90.36,14.11,100.0,4024.01,0.04,28.5,31.23,NOT_ABLE_TO_WATER
84.49,19.11,50.73,14.92,62.92,157285.8,4.02,43.28,25.19,EXCESS_WATER
97.7,10.56,82.06,9.07,76.86,157285.8,5.9,94.43,24.18,LOW_TEMP_ALERT
56.48,38.42,22.68,38.1,25.52,0.0,0.0,51.82,38.73,HYDRIC_STRESS_ALERT
30.48,28.51,51.16,23.94,49.17,10975.11,0.05,33.56,29.4,NOT_ABLE_TO_WATER
64.71,8.83,63.5,7.81,68.44,157285.8,5.45,36.2,29.37,EXCESS_WATER
30.44,33.65,41.41,33.71,52.61,0.0,0.0,55.38,33.39,NOT_ABLE_TO_WATER
88.14,29.16,48.75,26.26,52.22,157285.8,4.9,86.55,31.66,OK
39.27,12.11,89.06,11.93,91.57,97967.17,0.03,42.76,33.28,NOT_ABLE_TO_WATER
90.07,40.72,29.62,39.08,40.55,2609.57,0.02,88.57,33.11,HYDRIC_STRESS_ALERT
84.7,10.48,91.31,10.48,100.0,28836.12,1.27,91.34,36.91,LOW_TEMP_ALERT
5.65,40.14,46.57,38.72,36.71,0.0,0.0,64.98,36.21,NOT_ABLE_TO_WATER
84.03,21.57,19.87,21.78,20.69,0.0,0.0,80.24,30.8,NIGHT_OK
16.53,36.9,48.87,36.4,65.12,0.0,0.0,12.93,36.94,NOT_ABLE_TO_WATER
89.03,32.76,46.53,33.15,50.95,27916.86,0.13,70.23,32.42,EXCESS_WATER
25.61,27.51,84.17,26.93,81.7,157285.8,5.48,30.0,43.54,ANOMALY_DETECTED
95.21,31.24,64.14,31.14,70.41,0.0,0.0,33.39,28.29,FUNGI_ALERT_EXCESS_WATER
50.94,36.75,34.02,36.58,36.64,157285.8,5.64,52.94,30.2,VENTILATE
33.62,19.93,21.92,22.01,35.3,0.0,0.0,49.89,33.8,NOT_ABLE_TO_WATER
19.19,28.11,93.35,29.92,90.34,0.0,0.0,25.3,31.91,NOT_ABLE_TO_WATER
54.61,32.9,44.3,32.21,35.45,0.0,0.0,63.53,25.42,NIGHT_OK
18.51,6.32,70.09,0.0,73.81,153588.37,4.29,17.36,31.32,WATER
16.79,40.09,77.35,38.95,80.4,0.0,0.0,31.74,29.14,NOT_ABLE_TO_WATER
17.02,39.44,91.58,34.44,100.0,157285.8,4.73,24.25,28.21,WATER
30.14,33.84,72.55,36.84,82.04,157285.8,5.85,24.72,32.66,WATER
55.38,17.87,51.11,15.35,57.19,157285.8,4.91,49.6,36.96,OK
32.68,43.18,45.39,42.86,30.22,14616.95,0.55,81.41,31.62,NOT_ABLE_TO_WATER
17.64,9.12,66.82,7.53,69.46,157285.8,5.06,12.59,29.33,WATER
29.37,14.13,43.38,10.95,51.23,157285.8,4.41,30.52,25.27,WATER
11.97,22.73,33.61,21.97,26.08,658.8,0.14,16.21,24.9,NOT_ABLE_TO_WATER
34.44,19.09,72.55,14.79,80.31,157285.8,4.78,36.27,33.52,WATER
63.27,26.63,91.72,24.22,100.0,0.0,0.0,93.6,32.87,NOT_ABLE_TO_WATER
9.23,35.61,63.66,36.79,66.87,0.0,0.0,94.67,34.3,NOT_ABLE_TO_WATER
33.45,24.12,84.28,21.22,85.18,14965.07,0.0,36.75,25.99,NOT_ABLE_TO_WATER
41.17,39.78,19.05,40.52,26.22,97226.97,3.66,45.77,33.73,HYDRIC_STRESS_ALERT
33.05,14.41,15.5,12.42,32.85,4111.28,0.0,41.0,24.89,NOT_ABLE_TO_WATER
37.54,37.91,44.29,37.53,47.69,36654.67,0.27,40.81,34.39,NOT_ABLE_TO_WATER
28.64,11.27,29.64,9.96,39.68,45413.71,1.85,22.88,33.11,NOT_ABLE_TO_WATER
74.16,44.44,76.26,40.59,72.24,0.0,0.0,72.41,30.14,NOT_ABLE_TO_VENTILATE
78.86,43.89,72.74,44.48,63.18,157285.8,5.51,85.34,27.05,VENTILATE
40.82,22.18,34.54,18.88,40.54,23517.1,0.4,44.21,31.05,OK
46.3,13.91,63.53,12.31,64.16,157285.8,5.5,89.16,26.73,WATER
92.84,23.73,92.64,21.82,84.6,0.0,0.0,87.57,32.66,NIGHT_OK
45.42,13.64,46.12,11.44,60.19,47102.61,1.19,38.73,32.35,LOW_TEMP_ALERT
25.98,32.58,63.15,31.81,74.89,88476.4,3.09,22.5,30.44,WATER
32.4,24.36,32.46,21.77,28.06,0.0,0.0,33.72,33.47,NOT_ABLE_TO_WATER
12.98,28.5,59.83,25.53,67.59,157285.8,4.95,15.94,32.23,WATER
24.74,21.42,86.96,20.51,94.18,157285.8,4.25,85.9,25.81,WATER
73.43,43.48,67.51,39.44,69.59,891.18,0.36,62.33,31.74,EXCESS_WATER
67.15,5.83,77.42,4.96,77.31,29073.22,0.54,65.67,27.34,LOW_TEMP_ALERT
37.43,34.43,49.8,31.95,55.55,150405.3,4.26,16.33,31.17,WATER
73.16,26.32,61.83,25.32,78.58,0.0,0.0,76.29,36.73,NIGHT_OK
75.84,16.36,47.07,18.88,41.03,0.0,0.0,81.51,24.35,NIGHT_OK
25.71,33.06,15.42,30.76,28.42,0.0,0.0,15.52,32.14,NOT_ABLE_TO_WATER
40.52,25.6,94.03,22.23,100.0,0.0,0.0,79.2,28.53,NOT_ABLE_TO_WATER
11.71,30.11,15.96,28.07,19.01,157285.8,6.18,23.54,27.85,WATER
6.26,6.74,69.18,3.83,72.77,157285.8,4.51,31.74,28.55,WATER
75.52,22.84,25.75,23.67,33.07,0.0,0.0,67.54,32.32,NIGHT_OK
36.98,28.23,92.64,28.47,94.4,79784.97,1.89,42.21,31.86,NOT_ABLE_TO_WATER
11.73,20.18,53.07,15.66,56.86,0.0,0.0,34.02,29.49,NOT_ABLE_TO_WATER
74.8,41.56,36.41,38.87,45.9,0.0,0.0,81.34,31.41,NOT_ABLE_TO_VENTILATE
11.18,10.59,80.11,7.15,96.64,0.0,0.0,78.92,30.17,NOT_ABLE_TO_WATER
81.97,13.1,27.41,11.18,54.35,89958.0,3.02,65.72,27.7,EXCESS_WATER
65.43,12.71,49.35,9.93,45.71,6372.03,0.53,62.09,29.31,LOW_TEMP_ALERT
68.94,31.93,34.42,30.86,40.33,157285.8,5.6,69.12,31.66,OK
6.65,26.24,26.26,23.03,47.4,157285.8,5.04,10.26,32.2,WATER
67.42,13.68,16.21,9.41,28.52,152355.91,4.2,69.6,33.68,LOW_TEMP_ALERT
12.46,14.4,20.18,15.72,34.16,157285.8,5.68,14.15,38.05,ANOMALY_DETECTED
98.99,35.6,nan,32.81,94.22,157285.8,5.96,42.82,26.87,INSUFFICIENT_DATA
42.7,27.23,32.22,27.79,34.97,0.0,0.0,36.06,32.44,NIGHT_OK
13.77,29.9,39.3,29.99,49.59,0.0,0.0,14.3,32.27,NOT_ABLE_TO_WATER
26.09,26.67,38.21,27.09,47.8,5300.47,0.06,16.61,26.12,NOT_ABLE_TO_WATER
56.23,7.52,46.52,3.06,43.78,4939.86,0.11,61.57,24.86,LOW_TEMP_ALERT
57.2,28.56,51.14,25.17,43.23,157285.8,4.35,54.24,24.0,OK
64.27,10.01,38.63,9.39,43.58,157285.8,5.25,76.18,34.66,WATER
10.2,40.5,32.67,36.99,34.14,0.0,0.0,10.62,30.33,NOT_ABLE_TO_WATER
27.69,18.67,42.35,17.66,59.11,2385.1,0.91,31.25,30.26,NOT_ABLE_TO_WATER
12.69,23.0,17.13,24.35,22.98,242.74,0.0,70.73,26.84,NOT_ABLE_TO_WATER
43.54,8.02,33.68,9.02,42.29,7585.05,0.49,37.56,24.87,LOW_TEMP_ALERT
17.91,12.91,38.43,13.06,35.07,1406.71,0.0,18.08,26.48,NOT_ABLE_TO_WATER
13.7,29.59,45.71,26.3,45.77,20556.01,1.16,14.32,26.08,NOT_ABLE_TO_WATER
48.91,16.38,41.97,15.54,42.7,2906.25,0.0,52.52,24.0,LOW_LIGHT
25.92,10.18,90.11,6.71,86.04,78593.05,0.07,35.49,24.0,NOT_ABLE_TO_WATER
37.36,42.01,53.76,39.34,49.92,0.0,0.0,21.66,35.81,NOT_ABLE_TO_WATER
22.44,17.51,91.9,19.1,85.86,0.0,0.0,26.09,26.16,NOT_ABLE_TO_WATER
54.69,40.52,58.92,35.18,78.37,0.0,0.0,56.25,27.36,NOT_ABLE_TO_VENTILATE
91.43,5.9,82.57,6.91,79.54,157285.8,6.05,88.94,27.29,LOW_TEMP_ALERT
18.46,12.75,78.5,9.76,70.12,76187.83,2.91,48.19,43.96,ANOMALY_DETECTED
74.83,42.38,64.21,40.31,72.13,118678.58,3.75,91.47,30.1,WATER
38.46,17.48,65.86,15.18,48.62,157285.8,5.27,39.1,29.02,WATER
11.01,21.37,19.59,17.31,27.15,0.0,0.0,16.56,37.3,NOT_ABLE_TO_WATER
7.77,37.34,61.12,36.97,77.79,4016.64,0.0,10.99,39.86,ANOMALY_DETECTED
80.95,41.23,67.58,40.55,74.33,157285.8,4.98,48.53,30.97,EXCESS_WATER
62.6,43.76,82.03,46.1,95.96,151602.44,5.08,74.25,30.64,WATER
62.44,38.49,34.38,34.56,47.56,94659.65,2.94,62.87,24.82,VENTILATE
96.72,30.38,46.08,28.92,56.58,0.0,0.0,92.42,29.93,NIGHT_OK
44.18,14.88,82.69,16.88,93.33,0.0,0.0,50.71,33.17,NIGHT_OK
18.45,28.85,84.93,28.6,87.21,157285.8,4.54,74.81,30.2,WATER
30.1,42.88,73.1,40.63,81.37,0.0,0.0,63.11,30.12,NOT_ABLE_TO_WATER
28.15,11.19,16.62,9.95,19.56,0.0,0.0,24.93,33.9,NOT_ABLE_TO_WATER
24.55,8.9,60.78,7.48,68.85,157285.8,4.75,50.06,25.51,WATER
37.38,17.0,57.36,17.46,67.97,31130.46,0.83,35.83,32.1,NOT_ABLE_TO_WATER
99.55,20.7,21.33,18.41,32.29,155998.36,5.72,93.73,27.96,OK
35.33,27.13,53.82,24.69,41.89,157285.8,5.25,39.87,45.74,ANOMALY_DETECTED
79.19,11.87,38.76,8.71,54.61,0.0,0.0,72.61,26.47,LOW_TEMP_ALERT
29.93,40.55,24.7,38.87,26.48,157285.8,5.7,32.7,31.54,WATER
52.98,42.48,85.82,40.57,100.0,0.0,0.0,13.13,40.42,FUNGI_ALERT_EXCESS_WATER
93.47,10.66,61.31,8.74,64.95,0.0,0.0,87.32,32.26,LOW_TEMP_ALERT
86.8,10.95,68.2,7.94,67.0,0.0,0.0,81.82,32.49,LOW_TEMP_ALERT
19.76,5.15,55.37,3.47,57.26,0.0,0.0,26.31,27.56,NOT_ABLE_TO_WATER
59.36,27.37,78.07,28.17,80.27,34499.05,1.4,93.88,36.17,NOT_ABLE_TO_WATER
7.74,12.11,79.11,11.06,90.33,22581.3,0.78,75.37,27.5,NOT_ABLE_TO_WATER
48.53,23.07,81.48,22.13,79.18,157285.8,4.11,12.5,25.58,FUNGI_ALERT_EXCESS_WATER
72.45,40.29,35.23,43.02,40.16,157285.8,4.42,68.72,31.81,VENTILATE
61.56,28.48,31.81,26.55,36.0,0.0,0.0,58.58,28.61,NIGHT_OK
60.17,38.59,39.42,39.12,46.29,157285.8,4.52,60.22,27.59,VENTILATE
71.35,22.77,58.75,18.79,70.91,16068.8,0.73,61.97,32.87,OK
47.89,11.21,58.38,8.86,65.61,157285.8,4.8,46.59,35.15,LOW_TEMP_ALERT
43.56,40.05,61.69,40.28,68.9,0.0,0.0,31.95,29.49,FUNGI_ALERT_EXCESS_WATER
74.83,37.23,92.38,32.57,100.0,0.0,0.0,69.38,27.75,NIGHT_OK
81.05,32.59,17.99,33.63,18.68,0.0,0.0,60.94,33.63,FUNGI_ALERT_EXCESS_WATER
45.79,41.41,35.44,36.09,38.15,157285.8,4.47,26.54,27.8,EXCESS_WATER
12.29,28.64,35.76,25.68,45.74,141195.08,4.38,14.2,34.88,WATER
71.67,25.69,16.35,24.49,31.76,24897.47,0.37,72.18,31.08,OK
80.44,9.8,29.69,9.83,36.72,0.0,0.0,72.31,33.43,LOW_TEMP_ALERT
90.64,5.58,68.14,5.61,65.15,157285.8,5.95,37.5,31.28,EXCESS_WATER
12.34,15.72,74.47,16.41,66.9,27481.92,0.9,11.27,31.2,NOT_ABLE_TO_WATER
57.98,26.23,85.9,27.22,100.0,157285.8,6.04,64.96,33.4,OK
42.34,38.0,30.22,37.82,43.47,157285.8,4.54,91.07,35.24,WATER
74.46,14.83,41.78,14.6,57.96,157285.8,4.76,68.51,34.89,LOW_TEMP_ALERT
38.37,13.41,26.32,10.35,35.99,0.0,0.0,46.22,33.39,NOT_ABLE_TO_WATER
47.88,24.56,87.11,20.39,87.48,157285.8,4.33,80.67,33.56,WATER
6.83,40.44,66.87,40.73,75.84,18569.08,1.1,50.41,36.4,NOT_ABLE_TO_WATER
50.86,31.7,43.56,29.52,51.89,157285.8,4.79,47.8,24.46,OK
12.06,18.32,87.27,17.64,91.4,0.0,0.0,88.35,29.39,NOT_ABLE_TO_WATER
4.31,7.22,19.13,8.46,20.63,40327.56,1.93,43.89,25.63,NOT_ABLE_TO_WATER
69.23,20.04,39.66,18.26,39.31,157285.8,5.48,21.53,28.76,EXCESS_WATER
5.68,5.14,94.37,2.87,95.93,82746.65,2.66,74.2,37.95,ANOMALY_DETECTED
31.67,41.39,17.69,40.09,26.86,48043.22,1.58,34.29,27.93,NOT_ABLE_TO_WATER
51.87,23.64,73.72,24.26,69.43,156374.68,4.89,43.91,39.12,ANOMALY_DETECTED
87.68,44.47,70.54,42.64,77.35,157285.8,5.05,57.72,33.6,FUNGI_ALERT_EXCESS_WATER
98.13,6.83,38.1,5.38,64.95,0.0,0.0,31.36,24.65,FUNGI_ALERT_EXCESS_WATER
31.57,17.59,79.22,17.0,82.63,9267.82,0.49,26.9,31.65,NOT_ABLE_TO_WATER
19.85,43.98,75.24,43.44,82.81,0.0,0.0,84.24,34.92,NOT_ABLE_TO_WATER
16.25,6.32,80.45,5.03,77.74,74955.19,0.14,35.65,29.68,NOT_ABLE_TO_WATER
19.14,7.34,39.99,10.14,53.12,144992.59,4.9,nan,25.53,INSUFFICIENT_DATA
7.7,15.07,80.91,14.67,74.01,9118.31,0.0,59.6,30.78,NOT_ABLE_TO_WATER
59.37,39.68,72.09,42.45,74.47,126843.51,3.48,62.79,33.2,VENTILATE
42.87,17.93,91.13,15.03,88.73,22442.55,0.63,50.43,37.55,ANOMALY_DETECTED
98.64,8.56,30.33,6.91,44.12,157285.8,4.66,43.73,29.47,EXCESS_WATER
12.47,29.82,78.87,28.44,70.47,9793.68,0.42,35.47,29.94,NOT_ABLE_TO_WATER
57.93,25.67,21.98,21.75,26.52,0.0,0.0,54.83,38.61,NIGHT_OK
37.15,28.44,55.65,26.86,64.73,2322.4,0.2,36.22,30.73,NOT_ABLE_TO_WATER
80.31,17.6,47.6,16.91,45.2,0.0,0.0,87.4,34.18,NIGHT_OK
0.85,18.48,60.49,16.25,50.33,80249.32,2.35,68.17,25.52,WATER
66.4,38.79,62.15,35.68,67.36,0.0,nan,38.88,27.73,INSUFFICIENT_DATA
88.59,19.83,91.42,19.22,87.25,0.0,0.0,64.26,32.95,FUNGI_ALERT_EXCESS_WATER
16.49,35.23,79.46,33.85,99.54,7158.7,0.0,90.1,28.16,NOT_ABLE_TO_WATER
94.14,31.59,16.29,32.0,27.78,157285.8,5.77,94.34,35.48,OK
69.31,30.84,65.25,29.24,64.92,157285.8,5.37,30.37,24.0,EXCESS_WATER
86.79,42.88,82.36,42.52,87.66,120876.2,3.3,16.61,26.47,FUNGI_ALERT_EXCESS_WATER
15.49,44.38,70.39,45.25,76.85,157285.8,5.6,16.22,30.21,WATER
96.29,18.73,28.18,20.75,26.35,0.0,0.0,94.95,35.53,NIGHT_OK
75.42,25.13,71.88,25.47,75.29,64698.08,2.13,75.58,31.78,OK
11.9,8.05,23.27,5.15,16.45,0.0,0.0,16.13,31.53,NOT_ABLE_TO_WATER
89.87,37.29,38.81,36.88,51.44,0.0,0.0,84.27,35.03,NOT_ABLE_TO_VENTILATE
68.81,38.23,23.31,37.61,24.78,20477.05,0.67,71.03,31.83,HYDRIC_STRESS_ALERT
64.22,12.22,52.03,8.09,53.34,0.0,0.0,76.73,35.34,NOT_ABLE_TO_WATER
41.07,10.86,48.17,10.94,62.02,10736.15,0.43,88.38,24.79,NOT_ABLE_TO_WATER
21.4,44.36,47.89,43.31,59.73,119367.67,4.2,15.29,24.73,WATER
71.81,44.97,15.11,45.04,25.82,75693.76,1.79,34.72,29.83,EXCESS_WATER
41.5,10.93,55.85,9.55,58.24,60816.97,2.31,39.41,35.96,LOW_TEMP_ALERT
91.42,10.27,90.22,6.91,95.33,66442.09,2.33,89.48,33.66,LOW_TEMP_ALERT
16.91,25.97,29.05,24.12,28.29,107379.89,3.17,62.77,32.56,WATER
11.32,9.18,43.47,9.47,34.94,3077.26,0.15,34.92,29.9,NOT_ABLE_TO_WATER
28.68,12.16,19.61,10.82,28.91,0.0,0.0,30.53,33.75,NOT_ABLE_TO_WATER
12.01,12.52,64.45,12.39,70.61,157285.8,5.53,26.36,33.71,WATER
70.5,44.62,53.02,43.53,49.25,86481.73,2.34,78.26,37.23,ANOMALY_DETECTED
83.24,10.51,48.63,9.45,47.44,33372.27,1.66,18.29,36.87,EXCESS_WATER
84.48,20.58,34.25,16.62,40.49,152953.06,5.31,90.37,37.78,ANOMALY_DETECTED
58.2,25.2,26.95,25.16,28.74,157285.8,5.84,58.03,39.5,ANOMALY_DETECTED
29.05,37.66,30.25,37.57,20.35,0.0,0.0,69.39,29.15,NOT_ABLE_TO_WATER
12.38,26.65,81.2,24.62,96.0,142592.84,4.47,77.82,34.13,WATER
81.14,27.79,50.45,30.01,57.16,17120.8,0.0,89.01,29.44,OK
78.26,24.77,94.65,23.97,90.79,153181.42,4.53,64.88,35.0,FUNGI_ALERT_EXCESS_WATER
13.13,37.01,34.7,33.37,25.83,0.0,0.0,17.71,29.0,NOT_ABLE_TO_WATER
58.03,22.26,78.06,17.94,85.03,0.0,0.0,63.45,33.78,NIGHT_OK
51.4,23.76,70.54,23.25,81.03,0.0,0.0,41.83,27.77,NIGHT_OK
87.19,22.26,46.02,22.79,49.47,0.0,0.0,88.49,31.12,NIGHT_OK
47.46,16.13,36.31,11.84,37.01,129442.51,4.73,40.89,32.96,LOW_TEMP_ALERT
92.99,7.07,78.7,4.47,93.56,0.0,0.0,42.11,28.99,FUNGI_ALERT_EXCESS_WATER
65.0,39.72,64.99,37.8,61.86,0.0,0.0,66.74,24.0,NOT_ABLE_TO_VENTILATE
9.52,17.37,31.14,18.28,35.96,157285.8,4.98,11.27,32.7,WATER
30.11,31.38,15.23,30.05,15.81,0.0,0.0,24.46,26.55,NOT_ABLE_TO_WATER
13.66,43.7,49.26,39.09,44.79,157285.8,5.41,22.97,26.48,WATER
47.26,16.4,20.81,12.8,26.16,35066.88,1.09,76.9,25.98,NOT_ABLE_TO_WATER
16.48,25.64,32.25,22.95,43.86,0.0,0.0,17.74,42.86,NOT_ABLE_TO_WATER
58.08,9.91,17.09,9.06,14.01,0.0,0.0,57.8,35.68,LOW_TEMP_ALERT
64.06,33.47,29.74,32.7,32.95,0.0,0.0,65.44,29.11,NIGHT_OK
37.32,13.11,64.49,11.86,64.8,5641.75,0.09,29.5,25.99,NOT_ABLE_TO_WATER
88.13,42.66,22.88,41.03,26.04,0.0,0.0,89.93,35.18,HYDRIC_STRESS_ALERT
81.43,9.06,82.56,4.14,87.46,0.0,0.0,85.9,31.78,LOW_TEMP_ALERT
20.42,43.09,27.38,39.71,41.16,113094.4,3.12,50.9,29.26,WATER
33.81,19.11,81.98,18.8,90.82,134691.86,3.97,33.89,28.33,WATER
92.94,12.71,17.46,10.31,6.57,157285.8,4.1,92.71,31.04,LOW_TEMP_ALERT
39.47,15.19,17.08,12.83,35.72,7119.95,0.0,38.65,28.22,NOT_ABLE_TO_WATER
91.22,28.43,92.53,27.3,97.7,8225.13,0.12,83.27,30.39,LOW_LIGHT
1.35,5.26,26.18,3.66,22.1,157285.8,0.03,35.62,32.59,NOT_ABLE_TO_WATER
69.75,43.18,26.55,39.65,23.3,0.0,0.0,71.31,32.1,HYDRIC_STRESS_ALERT
39.29,30.79,15.35,30.75,35.39,0.0,0.0,79.44,29.64,NOT_ABLE_TO_WATER
81.78,15.98,46.15,16.65,32.04,0.0,0.0,82.39,34.66,NIGHT_OK
53.88,25.21,62.11,24.25,54.44,9657.3,0.02,53.87,25.28,LOW_LIGHT
52.34,44.71,28.12,43.73,50.49,157285.8,5.6,48.15,31.56,HYDRIC_STRESS_ALERT
32.49,26.2,80.6,24.77,88.16,5049.34,0.69,32.29,30.04,NOT_ABLE_TO_WATER
66.98,5.78,77.5,2.66,80.99,7000.73,0.32,29.84,24.72,FUNGI_ALERT_EXCESS_WATER
48.34,35.94,57.36,35.71,73.87,157285.8,5.95,56.26,42.77,ANOMALY_DETECTED
53.45,30.73,57.1,30.03,64.87,157285.8,4.75,14.67,35.6,EXCESS_WATER
85.78,39.53,34.05,39.59,38.14,0.0,0.0,63.42,27.17,FUNGI_ALERT_EXCESS_WATER
68.52,17.52,38.31,15.31,37.35,48434.13,1.39,80.29,29.0,NOT_ABLE_TO_WATER
53.68,44.09,22.29,43.07,31.34,0.0,0.0,61.13,26.9,HYDRIC_STRESS_ALERT
76.58,24.23,62.6,25.17,91.89,157285.8,5.27,74.41,33.23,OK
3.26,43.24,34.77,43.79,45.71,157285.8,4.5,15.27,26.12,WATER
39.0,12.28,40.27,10.24,50.05,157285.8,6.27,42.37,31.93,WATER
67.16,5.6,88.5,5.91,86.39,0.0,0.0,59.89,30.41,LOW_TEMP_ALERT
36.35,18.87,50.0,19.19,51.06,5574.91,0.27,34.12,32.73,NOT_ABLE_TO_WATER
40.56,41.12,66.57,41.53,62.14,6986.25,0.0,37.37,30.36,NOT_ABLE_TO_VENTILATE
77.83,14.33,51.58,12.35,46.14,157285.8,4.13,77.9,32.51,LOW_TEMP_ALERT
40.34,6.21,87.49,5.68,92.17,0.0,0.0,45.72,31.62,LOW_TEMP_ALERT
15.65,29.72,52.67,32.48,56.96,149553.81,4.73,67.77,29.01,WATER
66.8,18.64,78.19,17.82,73.97,157285.8,5.4,18.18,25.95,FUNGI_ALERT_EXCESS_WATER
72.55,14.5,77.91,15.53,80.9,29731.21,0.62,71.43,29.16,OK
25.7,7.5,23.43,8.09,23.08,157285.8,5.68,20.83,33.39,WATER
14.91,10.05,77.82,10.68,86.8,0.0,0.0,18.16,30.65,NOT_ABLE_TO_WATER
78.5,6.61,84.71,2.44,75.56,131951.64,3.77,24.25,26.67,FUNGI_ALERT_EXCESS_WATER
40.65,24.89,23.23,24.42,17.75,96267.6,3.54,23.25,34.64,EXCESS_WATER
88.31,25.36,62.0,27.74,58.08,157285.8,5.39,72.62,28.88,EXCESS_WATER
45.88,34.6,52.96,33.7,44.5,110961.89,4.17,52.12,31.38,OK
63.13,26.51,94.39,28.44,99.16,17977.59,1.0,66.18,31.81,OK
49.76,17.79,76.03,15.58,73.29,88647.25,3.08,51.25,27.59,OK
93.81,31.44,76.7,28.72,90.16,0.0,0.0,91.6,25.43,NIGHT_OK
36.82,31.64,41.66,nan,31.75,157285.8,4.54,36.83,36.5,INSUFFICIENT_DATA
13.5,14.1,51.79,10.55,63.35,157285.8,4.39,93.31,37.16,ANOMALY_DETECTED
33.74,33.71,20.52,31.73,19.39,157285.8,5.77,38.32,33.14,WATER
69.79,44.43,22.98,41.81,19.76,0.0,0.0,93.12,32.48,NOT_ABLE_TO_WATER
70.6,40.63,38.16,41.6,33.84,157285.8,6.03,75.3,34.25,VENTILATE
40.47,26.03,48.49,20.8,50.26,59889.48,0.07,35.67,31.71,OK
86.76,44.39,25.45,42.4,30.85,62599.78,1.27,88.52,45.95,ANOMALY_DETECTED
53.49,32.27,46.61,28.26,53.76,157285.8,5.14,27.12,25.9,EXCESS_WATER
61.98,nan,65.09,32.71,62.74,0.0,0.0,56.38,29.54,INSUFFICIENT_DATA
4.09,33.89,24.35,33.69,41.33,0.0,0.0,23.87,28.39,NOT_ABLE_TO_WATER
3.32,40.09,60.34,42.0,67.3,0.0,0.0,68.77,29.47,NOT_ABLE_TO_WATER
59.41,44.12,83.33,42.1,100.0,8247.23,1.03,60.36,25.7,NOT_ABLE_TO_VENTILATE
18.81,26.91,53.68,24.05,52.2,0.0,0.0,10.46,24.74,NOT_ABLE_TO_WATER
1.81,26.77,26.99,28.68,35.06,4356.69,0.0,63.07,35.49,NOT_ABLE_TO_WATER
58.82,26.76,43.97,25.53,44.56,20141.06,0.7,55.52,28.16,OK
23.07,20.29,77.47,20.89,77.05,24176.5,0.65,15.17,24.0,NOT_ABLE_TO_WATER
61.85,11.57,56.63,10.05,58.26,157285.8,4.59,58.0,32.54,LOW_TEMP_ALERT
89.92,17.85,46.77,15.8,69.67,0.0,0.0,75.67,33.3,FUNGI_ALERT_EXCESS_WATER
82.22,29.93,83.51,27.01,96.48,137239.32,3.61,75.04,36.75,OK
85.92,15.24,32.71,15.39,23.56,0.0,0.0,86.26,26.19,NIGHT_OK
25.86,14.21,64.05,14.52,73.35,157285.8,4.6,30.26,29.29,WATER
34.18,34.82,nan,33.87,34.76,157285.8,5.02,36.63,30.56,INSUFFICIENT_DATA
3.64,25.55,21.91,24.95,26.03,0.0,0.0,29.18,28.66,NOT_ABLE_TO_WATER
41.64,12.04,68.64,9.17,82.58,0.0,0.0,41.34,26.35,LOW_TEMP_ALERT
53.35,43.64,53.09,41.53,80.45,157285.8,4.45,43.81,24.0,VENTILATE
77.16,30.42,67.32,27.72,76.87,157285.8,5.03,77.12,29.14,OK
14.45,34.44,50.77,32.25,60.83,0.0,0.0,14.97,33.96,NOT_ABLE_TO_WATER
50.78,35.57,24.23,33.69,35.33,157285.8,5.5,63.81,32.01,WATER
51.28,5.58,23.99,2.0,25.3,0.0,0.0,56.35,33.6,LOW_TEMP_ALERT
55.96,29.89,69.06,30.21,67.36,157285.8,6.62,55.25,30.7,OK
63.75,31.89,61.38,34.74,56.97,0.0,0.0,74.22,29.41,NOT_ABLE_TO_WATER
75.19,17.25,30.59,17.34,45.31,0.0,0.0,12.47,27.58,FUNGI_ALERT_EXCESS_WATER
95.22,43.7,82.12,42.7,82.59,0.0,0.0,90.23,45.52,NOT_ABLE_TO_VENTILATE
73.71,44.99,72.19,44.09,69.11,1318.54,0.0,63.41,45.36,ANOMALY_DETECTED
86.36,18.71,66.91,19.38,60.54,130057.02,4.67,71.06,24.85,EXCESS_WATER
35.68,37.45,24.76,34.07,30.62,0.0,0.0,22.15,33.4,NOT_ABLE_TO_WATER
81.01,9.78,85.05,4.93,83.5,0.0,0.0,80.65,27.98,LOW_TEMP_ALERT
39.97,44.33,43.48,42.29,47.01,0.0,0.0,68.65,34.9,NOT_ABLE_TO_WATER
92.73,42.21,73.1,39.26,70.43,157285.8,5.59,93.27,24.41,VENTILATE
30.21,29.72,22.08,26.94,21.04,157285.8,5.36,25.52,32.75,WATER
74.02,31.15,94.71,28.9,89.15,0.0,0.0,78.67,32.03,NIGHT_OK
31.24,43.33,23.19,38.83,29.1,0.0,0.0,36.18,30.59,NOT_ABLE_TO_WATER
75.15,36.96,42.93,36.65,44.53,157285.8,5.29,76.07,30.5,VENTILATE
33.3,42.77,84.42,40.36,91.73,157285.8,5.8,42.34,32.77,WATER
78.61,36.14,36.41,36.86,39.92,125958.63,4.51,93.92,30.47,VENTILATE
46.65,7.66,94.78,6.28,87.92,73329.43,2.45,34.85,28.29,FUNGI_ALERT_EXCESS_WATER
33.63,10.25,52.53,9.06,70.21,0.0,0.0,84.18,35.5,NOT_ABLE_TO_WATER
58.26,29.02,94.6,23.57,100.0,61621.27,0.11,78.18,41.82,ANOMALY_DETECTED
81.21,18.6,62.66,21.67,60.69,157285.8,5.12,66.2,31.73,EXCESS_WATER
86.88,33.93,50.08,36.17,53.06,0.0,0.0,92.49,30.28,NOT_ABLE_TO_VENTILATE
68.83,30.18,86.3,27.34,90.95,20552.77,0.46,22.13,32.53,FUNGI_ALERT_EXCESS_WATER
50.21,39.79,47.16,37.76,58.41,157285.8,5.43,57.68,35.99,VENTILATE
32.02,24.31,64.41,22.99,72.12,157285.8,5.16,28.57,30.44,WATER
21.86,19.02,17.74,17.93,47.77,157285.8,4.92,47.78,28.76,WATER
92.86,8.04,51.0,4.68,57.23,0.0,0.0,88.01,32.93,LOW_TEMP_ALERT
75.97,34.97,83.44,31.95,89.41,0.0,0.0,78.05,29.67,NIGHT_OK
51.83,12.61,37.32,11.21,43.85,8105.68,0.23,55.59,31.9,LOW_TEMP_ALERT
62.6,40.36,67.89,41.49,80.82,157285.8,5.03,68.05,28.89,VENTILATE
21.41,26.3,49.48,23.66,55.93,0.0,0.0,19.38,29.37,NOT_ABLE_TO_WATER
80.51,19.61,42.38,19.08,53.32,0.0,0.0,46.91,26.08,FUNGI_ALERT_EXCESS_WATER
91.86,7.15,75.03,5.69,85.15,157285.8,4.49,85.51,27.19,LOW_TEMP_ALERT
22.69,39.21,73.56,37.68,76.05,15109.66,0.56,19.42,29.85,NOT_ABLE_TO_WATER
3.82,11.12,41.31,11.13,45.51,157285.8,4.55,36.34,28.21,WATER
46.08,32.74,82.55,32.19,85.47,48241.93,1.66,49.99,24.42,OK
44.59,12.32,90.69,7.66,90.6,0.0,0.0,37.28,37.14,LOW_TEMP_ALERT
42.77,35.44,80.13,34.0,98.06,98001.33,3.13,47.73,32.35,OK
44.55,6.46,62.18,4.57,71.81,0.0,0.0,38.04,24.0,LOW_TEMP_ALERT
31.82,5.13,23.82,1.16,25.88,0.0,0.0,24.91,32.04,NOT_ABLE_TO_WATER
84.34,17.91,56.59,15.32,52.21,0.0,0.0,35.79,28.82,FUNGI_ALERT_EXCESS_WATER
77.29,44.31,24.62,39.4,25.68,157285.8,5.73,83.59,33.14,HYDRIC_STRESS_ALERT
62.42,11.0,39.44,10.5,45.76,28829.35,0.03,75.61,32.64,NOT_ABLE_TO_WATER
82.21,35.03,32.52,32.54,33.66,42888.26,1.7,81.43,35.29,OK
22.95,28.93,43.95,28.26,51.61,0.0,0.0,85.97,27.1,NOT_ABLE_TO_WATER
60.12,36.39,43.09,31.38,36.22,5471.12,0.54,66.04,26.99,LOW_LIGHT
73.99,42.69,69.46,40.15,80.3,0.0,0.0,82.49,26.5,NOT_ABLE_TO_VENTILATE
89.85,8.23,92.67,6.55,100.0,0.0,0.0,46.92,28.9,FUNGI_ALERT_EXCESS_WATER
53.48,26.01,36.26,29.57,43.68,0.0,0.0,56.07,33.94,NIGHT_OK
23.86,26.05,15.29,25.46,26.36,157285.8,0.08,25.98,28.18,NOT_ABLE_TO_WATER
40.93,40.09,30.17,38.0,27.17,49566.51,2.03,42.34,27.25,NOT_ABLE_TO_VENTILATE
53.73,38.06,24.89,40.5,30.35,0.0,0.0,30.47,36.37,FUNGI_ALERT_EXCESS_WATER
73.24,16.03,50.91,18.27,53.35,0.0,0.0,53.55,24.06,FUNGI_ALERT_EXCESS_WATER
69.52,5.23,75.97,1.5,77.87,12293.68,0.52,74.97,30.77,LOW_TEMP_ALERT
3.91,14.49,77.67,11.97,74.78,30120.31,0.67,19.18,28.62,NOT_ABLE_TO_WATER
6.28,30.7,16.6,30.62,16.82,56578.24,2.11,19.92,24.58,WATER
19.52,13.57,28.74,15.72,20.97,0.0,0.0,18.18,24.0,NOT_ABLE_TO_WATER
70.27,27.44,49.15,25.81,61.81,157285.8,5.82,57.71,25.35,EXCESS_WATER
9.12,32.1,78.81,29.85,82.17,0.0,0.0,92.41,27.44,NOT_ABLE_TO_WATER
29.33,23.07,83.26,20.31,85.33,0.0,0.0,94.01,30.75,NOT_ABLE_TO_WATER
32.7,31.68,69.79,29.83,80.34,157285.8,6.07,51.76,24.26,WATER
98.34,9.29,47.11,8.24,51.57,157285.8,5.01,86.41,38.44,ANOMALY_DETECTED
87.8,27.67,79.57,25.98,92.47,0.0,0.0,82.16,26.56,NIGHT_OK
76.24,10.0,17.95,8.63,19.59,0.0,0.0,16.35,27.41,FUNGI_ALERT_EXCESS_WATER
30.52,44.29,36.58,42.25,38.59,0.0,0.0,33.06,27.7,NOT_ABLE_TO_WATER
45.91,23.06,nan,20.68,50.62,0.0,0.0,45.94,30.85,INSUFFICIENT_DATA
48.03,5.93,93.94,2.3,91.5,0.0,0.0,57.8,35.01,LOW_TEMP_ALERT
24.41,36.04,48.64,33.37,59.43,0.0,0.0,23.17,24.0,NOT_ABLE_TO_WATER
53.46,19.09,94.69,18.84,97.68,157285.8,4.92,47.15,32.84,OK
30.63,20.19,23.95,15.58,44.89,0.0,0.0,39.82,33.51,NOT_ABLE_TO_WATER
22.93,39.54,56.69,35.49,66.31,0.0,0.0,31.53,26.52,NOT_ABLE_TO_WATER
71.65,35.74,76.12,31.66,90.64,157285.8,4.77,75.03,32.84,OK
93.24,22.93,68.72,19.01,76.33,112623.95,4.08,93.77,31.35,OK
12.77,22.69,92.86,24.09,100.0,0.0,0.0,nan,32.54,INSUFFICIENT_DATA
11.34,42.59,50.51,40.53,51.29,0.0,0.0,76.37,29.44,NOT_ABLE_TO_WATER
70.38,5.07,18.64,5.01,19.81,0.0,0.0,63.72,24.0,LOW_TEMP_ALERT
28.33,36.07,47.12,34.03,37.22,0.0,0.0,20.35,30.37,NOT_ABLE_TO_WATER
62.89,18.13,40.72,15.85,49.28,157285.8,4.63,61.55,33.73,OK
87.75,43.0,44.41,41.07,49.75,7252.48,0.38,83.24,30.48,NOT_ABLE_TO_VENTILATE
94.07,41.84,19.8,38.61,32.44,0.0,0.0,92.56,40.36,HYDRIC_STRESS_ALERT
21.06,25.14,17.95,23.82,27.31,31700.1,0.75,18.31,26.5,NOT_ABLE_TO_WATER
23.65,33.24,52.6,33.71,58.37,157285.8,4.45,30.65,29.95,WATER
90.26,5.12,22.23,5.38,24.89,63293.96,2.09,52.58,33.51,EXCESS_WATER
56.66,31.54,78.63,28.12,88.21,0.0,0.0,63.51,33.03,NIGHT_OK
94.44,31.2,50.99,29.79,51.35,91496.19,3.39,93.0,34.96,OK
90.91,40.99,81.26,38.53,91.09,0.0,0.0,83.72,28.51,NOT_ABLE_TO_VENTILATE
52.55,5.52,31.74,1.58,45.07,0.0,0.0,59.84,29.33,LOW_TEMP_ALERT
37.84,11.24,75.29,12.37,83.24,1725.28,0.0,30.7,36.49,NOT_ABLE_TO_WATER
14.04,9.78,38.77,6.94,47.44,47482.44,1.57,92.15,24.0,NOT_ABLE_TO_WATER
70.35,6.5,60.72,6.11,61.76,157285.8,4.92,69.83,27.48,LOW_TEMP_ALERT
42.04,28.99,19.83,25.61,6.78,157285.8,4.53,51.03,31.09,OK
39.0,9.11,70.37,8.46,71.43,61507.7,2.05,41.36,27.04,WATER
16.65,42.87,27.33,42.01,25.84,57054.81,2.39,86.76,31.83,WATER
38.89,39.34,60.01,37.22,68.61,15359.48,0.0,13.61,29.79,NOT_ABLE_TO_WATER
44.44,12.39,45.54,10.12,45.53,0.0,0.0,39.77,30.66,LOW_TEMP_ALERT
98.39,43.21,66.43,41.02,62.02,6537.36,0.61,94.31,27.93,NOT_ABLE_TO_VENTILATE
29.12,6.42,76.4,5.99,83.95,157285.8,0.12,87.12,28.19,NOT_ABLE_TO_WATER
20.66,11.37,44.03,11.98,47.82,1470.28,0.0,11.13,34.39,NOT_ABLE_TO_WATER
43.09,10.8,82.59,7.91,87.9,0.0,0.0,65.58,nan,INSUFFICIENT_DATA
33.32,17.24,38.56,14.2,42.31,7644.01,0.0,40.69,27.03,NOT_ABLE_TO_WATER
85.73,13.41,37.63,13.0,30.67,0.0,0.0,92.9,39.76,LOW_TEMP_ALERT
2.23,14.45,81.93,14.46,77.44,9868.19,0.18,84.56,30.46,NOT_ABLE_TO_WATER
60.94,27.46,35.82,27.53,50.59,157285.8,5.88,85.17,25.1,WATER
66.23,39.64,57.71,36.86,67.55,97541.88,2.27,69.29,29.34,NOT_ABLE_TO_VENTILATE
50.63,41.09,19.58,40.35,29.22,157285.8,4.19,49.5,39.49,ANOMALY_DETECTED
54.29,17.12,46.61,16.85,58.33,140640.66,3.46,57.0,30.03,OK
46.21,43.86,81.15,39.96,75.97,4177.49,0.77,78.73,34.74,NOT_ABLE_TO_WATER
67.91,12.29,57.1,12.88,51.83,55594.2,1.75,70.19,35.68,LOW_TEMP_ALERT
80.12,40.37,88.75,37.47,97.07,86596.08,2.19,78.07,35.67,NOT_ABLE_TO_VENTILATE
24.22,38.65,75.09,37.1,90.9,0.0,0.0,12.52,28.79,NOT_ABLE_TO_WATER
51.09,18.0,42.37,16.33,40.54,117533.14,3.62,63.44,29.43,WATER
8.67,11.62,37.36,6.85,37.26,157285.8,4.28,15.65,27.07,WATER
91.03,25.17,24.52,23.77,39.88,0.0,0.0,22.05,30.59,FUNGI_ALERT_EXCESS_WATER
63.18,21.35,88.81,19.57,96.09,157285.8,4.92,37.3,30.05,FUNGI_ALERT_EXCESS_WATER
94.31,25.19,62.67,22.1,75.78,25321.0,0.89,59.55,27.03,EXCESS_WATER
74.15,11.11,44.26,10.71,35.57,47488.78,2.02,69.76,42.46,ANOMALY_DETECTED
52.53,10.75,39.38,10.02,44.1,46504.74,1.32,45.81,31.68,LOW_TEMP_ALERT
22.71,32.86,16.51,28.56,24.12,37616.73,0.85,19.69,30.99,NOT_ABLE_TO_WATER
56.5,29.46,46.01,23.88,55.64,157285.8,5.94,65.67,26.27,OK
58.72,18.37,32.4,17.73,29.81,0.0,0.0,52.41,26.46,NIGHT_OK
42.42,11.82,88.56,4.69,89.64,157285.8,0.09,43.31,30.23,LOW_TEMP_ALERT
66.68,11.34,24.5,10.86,20.29,0.0,0.0,55.55,26.84,FUNGI_ALERT_EXCESS_WATER
61.1,28.62,40.73,25.25,41.42,157285.8,4.97,63.83,33.53,OK
29.38,37.98,76.36,36.56,70.98,0.0,0.0,13.11,29.7,NOT_ABLE_TO_WATER
67.34,19.46,83.38,16.38,90.09,157285.8,4.18,69.79,31.62,OK
30.22,19.15,80.37,14.2,87.05,13556.57,0.81,54.62,33.51,NOT_ABLE_TO_WATER
76.93,7.68,80.13,6.27,85.71,0.0,0.0,67.44,24.0,LOW_TEMP_ALERT
56.74,14.49,76.36,15.57,93.24,0.0,0.0,52.79,31.88,NIGHT_OK
55.6,20.87,22.4,19.5,24.68,157285.8,5.53,53.5,25.08,OK
41.42,31.99,83.8,31.44,88.73,0.0,0.0,40.69,24.86,NIGHT_OK
27.59,33.54,41.88,33.37,32.56,0.0,0.0,30.9,32.27,NOT_ABLE_TO_WATER
56.14,5.68,32.09,3.16,30.76,157285.8,5.13,56.75,27.94,LOW_TEMP_ALERT
87.95,29.36,91.52,26.11,100.0,55516.14,2.52,54.65,31.89,FUNGI_ALERT_EXCESS_WATER
78.65,14.61,68.01,12.97,69.3,157285.8,4.32,88.87,38.38,ANOMALY_DETECTED
80.26,15.17,57.99,11.5,68.67,0.0,0.0,53.32,26.58,FUNGI_ALERT_EXCESS_WATER
50.73,30.29,54.44,29.34,64.82,0.0,0.0,53.45,26.72,NIGHT_OK
39.76,18.48,15.59,17.23,15.09,157285.8,0.08,44.04,29.4,NOT_ABLE_TO_WATER
100.0,nan,67.15,24.06,74.15,66377.45,1.31,93.63,28.88,INSUFFICIENT_DATA
83.39,39.37,74.74,42.43,83.35,157285.8,5.27,90.83,30.0,VENTILATE
23.52,7.68,34.99,7.95,51.71,157285.8,4.56,15.06,45.81,ANOMALY_DETECTED
27.93,27.91,28.76,28.04,26.52,157285.8,4.43,26.62,27.75,WATER
41.36,7.17,19.88,10.32,nan,125867.24,4.12,92.85,45.44,INSUFFICIENT_DATA
60.86,40.57,36.43,39.25,44.1,0.0,0.0,58.91,26.81,NOT_ABLE_TO_VENTILATE
69.39,42.53,15.21,40.59,18.03,42256.2,1.05,64.05,24.0,HYDRIC_STRESS_ALERT
43.11,11.79,74.96,11.22,86.21,12478.58,nan,42.16,30.11,INSUFFICIENT_DATA
51.54,41.76,66.14,39.54,60.36,0.0,0.0,91.45,28.0,NOT_ABLE_TO_WATER
97.99,14.83,74.28,12.68,85.4,157285.8,5.43,86.72,30.14,FUNGI_ALERT_EXCESS_WATER
42.56,37.83,39.78,40.5,45.07,3147.18,0.0,19.66,24.98,EXCESS_WATER
53.9,37.88,26.99,37.71,41.04,43813.46,2.14,45.3,27.89,HYDRIC_STRESS_ALERT
28.22,8.21,62.5,7.04,75.93,0.0,0.0,30.09,28.69,NOT_ABLE_TO_WATER
13.55,36.97,69.58,39.72,67.23,42081.15,0.06,19.8,30.15,NOT_ABLE_TO_WATER
56.41,20.5,29.6,17.52,33.43,0.0,0.0,51.89,31.44,NIGHT_OK
91.63,44.6,51.28,45.13,55.44,20336.97,0.61,91.46,38.62,ANOMALY_DETECTED
37.63,26.68,52.65,25.84,64.5,76785.5,2.95,32.3,29.99,WATER
30.65,10.81,45.74,9.37,42.83,157285.8,5.57,16.15,29.4,WATER
58.52,23.31,24.33,22.14,28.95,35640.27,0.6,30.94,41.23,ANOMALY_DETECTED
61.35,20.32,84.38,17.5,75.0,6300.41,0.09,45.84,29.91,FUNGI_ALERT_EXCESS_WATER
82.52,22.35,89.9,20.78,100.0,0.0,0.0,75.52,26.49,NIGHT_OK
13.31,42.25,70.0,41.06,71.96,157285.8,5.51,42.19,24.0,WATER
39.67,8.06,90.19,10.3,85.42,3031.84,0.0,47.92,28.07,NOT_ABLE_TO_WATER
17.15,30.45,83.9,30.61,83.26,0.0,0.0,24.79,34.68,NOT_ABLE_TO_WATER
48.29,5.84,33.6,3.12,49.9,157285.8,6.13,26.0,35.21,EXCESS_WATER
92.07,28.45,68.14,24.8,75.22,77852.92,2.48,90.04,32.95,OK
98.95,27.9,84.58,25.56,81.79,7487.42,0.3,90.38,37.1,ANOMALY_DETECTED
23.85,11.48,18.04,9.96,32.88,0.0,0.0,22.68,24.0,NOT_ABLE_TO_WATER
42.16,14.76,69.03,14.34,66.73,100121.64,3.63,37.72,31.16,LOW_TEMP_ALERT
39.3,34.68,17.41,31.13,31.94,157285.8,6.22,29.71,29.04,WATER
77.88,35.08,16.07,35.72,24.3,7665.31,0.08,78.37,26.79,LOW_LIGHT
92.9,35.22,65.05,35.83,79.04,0.0,0.0,90.51,45.75,NIGHT_OK
62.09,33.75,29.57,31.78,22.27,157285.8,6.63,63.4,26.52,OK
85.66,29.55,33.95,29.21,33.71,65508.44,2.31,13.97,29.55,EXCESS_WATER
50.27,44.79,64.76,42.99,81.66,157285.8,5.25,50.03,32.09,VENTILATE
35.26,10.12,93.33,7.46,98.01,0.0,0.0,37.6,31.27,NOT_ABLE_TO_WATER
70.01,25.36,93.41,27.35,97.74,157285.8,5.22,91.0,27.3,WATER
100.0,9.13,15.25,9.08,12.42,73487.78,1.8,93.91,27.12,LOW_TEMP_ALERT
62.62,6.27,89.79,4.96,91.26,0.0,0.0,62.09,30.68,LOW_TEMP_ALERT
46.72,40.48,44.1,42.1,42.59,0.0,0.0,38.57,26.11,NOT_ABLE_TO_VENTILATE
95.24,6.09,43.41,4.57,29.27,7525.78,0.0,87.38,41.8,ANOMALY_DETECTED
56.65,41.34,39.73,40.01,41.35,0.0,0.0,50.7,28.09,NOT_ABLE_TO_VENTILATE
3.41,7.92,22.2,5.93,24.45,2529.33,0.44,89.43,26.93,NOT_ABLE_TO_WATER
15.73,34.97,63.77,33.9,61.17,157285.8,5.24,13.13,33.14,WATER
64.6,29.8,38.51,28.22,35.21,26868.63,0.96,63.49,27.89,OK
85.39,8.53,75.62,7.86,88.3,0.0,0.0,81.97,28.46,LOW_TEMP_ALERT
75.73,18.94,18.9,17.84,21.68,0.0,0.0,77.69,36.02,NIGHT_OK
46.89,26.12,42.4,22.83,59.05,157285.8,4.91,15.86,40.69,ANOMALY_DETECTED
49.31,19.87,80.92,20.77,91.14,8843.41,0.06,51.42,27.27,LOW_LIGHT
58.53,23.66,56.62,21.5,55.46,130657.3,0.1,20.02,28.45,EXCESS_WATER
28.5,41.47,74.74,40.21,71.56,0.0,0.0,44.59,37.91,NOT_ABLE_TO_WATER
67.05,39.4,92.93,38.54,92.52,0.0,0.0,71.18,25.63,NOT_ABLE_TO_VENTILATE
54.89,34.5,48.24,32.99,55.89,0.0,0.0,42.19,31.21,FUNGI_ALERT_EXCESS_WATER
71.45,31.96,88.23,29.1,100.0,0.0,0.0,77.04,39.8,NIGHT_OK
86.32,9.65,83.27,10.55,99.74,157285.8,3.8,87.51,30.54,LOW_TEMP_ALERT
52.95,26.3,49.69,nan,72.7,174.05,0.13,64.42,31.56,INSUFFICIENT_DATA
62.99,13.71,81.61,14.14,89.02,157285.8,4.44,55.55,31.55,LOW_TEMP_ALERT
95.91,38.66,36.02,37.3,41.45,0.0,0.0,90.94,30.77,NOT_ABLE_TO_VENTILATE
42.95,27.71,90.11,25.26,100.0,0.0,0.0,41.13,33.36,NIGHT_OK
26.73,15.16,94.77,15.3,85.2,120519.41,3.13,28.23,29.49,WATER
73.95,33.09,27.1,30.89,33.24,0.0,0.0,77.82,27.35,NIGHT_OK
49.17,6.87,85.44,7.04,98.24,65092.41,2.51,48.85,29.36,LOW_TEMP_ALERT
92.37,18.91,73.78,14.36,72.12,157285.8,5.25,93.1,26.37,LOW_TEMP_ALERT
7.03,25.42,74.82,25.66,79.96,38576.97,1.6,48.39,30.12,NOT_ABLE_TO_WATER
29.53,14.42,86.28,15.04,94.18,45341.62,1.18,26.02,29.25,NOT_ABLE_TO_WATER
65.5,5.24,40.1,2.62,38.93,0.0,0.0,62.69,27.48,LOW_TEMP_ALERT
55.59,42.86,35.29,40.05,41.39,157285.8,6.07,88.21,24.43,WATER
22.95,31.87,91.98,29.89,99.97,24631.66,0.0,23.38,30.32,NOT_ABLE_TO_WATER
89.35,17.65,84.45,14.11,100.0,41911.37,1.67,84.15,32.18,LOW_TEMP_ALERT
98.94,41.42,59.74,42.32,62.48,157285.8,4.68,87.42,33.95,EXCESS_WATER
87.35,31.97,81.35,30.06,88.4,157285.8,5.66,79.96,29.58,OK
32.41,37.88,23.05,35.8,29.78,11014.82,0.96,32.73,29.55,NOT_ABLE_TO_WATER
61.89,36.98,38.44,34.62,42.5,10209.93,0.27,53.31,37.4,ANOMALY_DETECTED
81.06,43.33,39.28,40.4,52.02,127416.71,4.52,82.58,35.29,VENTILATE
93.65,7.49,58.38,3.34,71.68,157285.8,4.09,73.7,31.37,EXCESS_WATER
90.79,23.0,47.5,23.79,52.72,0.0,0.0,93.52,37.37,NIGHT_OK
90.44,44.1,92.59,46.23,98.2,0.0,0.0,85.21,31.53,NOT_ABLE_TO_VENTILATE
77.94,24.27,18.94,23.77,13.27,157285.8,5.15,20.82,33.84,EXCESS_WATER
24.82,9.12,91.78,8.02,100.0,28233.71,1.06,81.54,28.83,NOT_ABLE_TO_WATER
41.88,30.67,20.71,24.38,17.85,0.0,0.0,40.3,36.96,NIGHT_OK
24.29,6.52,36.89,5.5,33.48,157285.8,6.05,59.45,25.82,WATER
51.33,42.38,27.56,41.16,36.59,0.0,0.0,51.51,38.52,HYDRIC_STRESS_ALERT
33.29,42.19,91.33,41.1,84.85,157285.8,6.01,33.74,44.74,ANOMALY_DETECTED
81.76,42.28,53.57,41.72,58.91,17100.17,0.47,24.62,24.73,EXCESS_WATER
67.14,27.62,18.5,24.33,13.52,6754.04,0.02,21.78,33.14,EXCESS_WATER
59.85,25.36,53.98,24.35,56.44,157285.8,6.67,48.05,24.48,EXCESS_WATER
95.13,26.24,68.38,25.93,76.89,0.0,0.0,29.33,24.03,FUNGI_ALERT_EXCESS_WATER
88.61,14.85,56.76,9.66,50.77,0.0,0.0,22.15,28.94,FUNGI_ALERT_EXCESS_WATER
11.18,21.85,43.96,21.53,25.99,74442.24,1.95,61.46,29.05,NOT_ABLE_TO_WATER
60.06,7.72,30.26,8.26,31.19,60107.52,1.57,55.86,34.52,LOW_TEMP_ALERT
40.15,nan,75.43,23.77,81.5,144339.94,5.45,45.59,42.2,INSUFFICIENT_DATA
36.3,39.54,50.4,39.41,71.81,0.0,0.0,29.0,28.99,NOT_ABLE_TO_WATER
nan,27.59,33.0,26.96,44.49,157285.8,5.79,41.31,30.41,INSUFFICIENT_DATA
41.42,24.02,47.09,22.64,57.55,0.0,0.0,42.98,33.74,NIGHT_OK
4.36,16.33,63.63,16.41,77.43,4379.92,0.09,19.77,24.0,NOT_ABLE_TO_WATER
31.71,33.98,71.44,31.66,90.53,22994.92,1.09,18.38,29.43,NOT_ABLE_TO_WATER
48.54,7.64,65.63,4.7,72.08,157285.8,5.6,45.54,32.29,LOW_TEMP_ALERT
93.94,6.76,51.76,7.56,47.96,3201.93,0.03,93.78,29.96,LOW_TEMP_ALERT
78.89,23.62,84.06,24.35,96.8,0.0,0.0,47.11,30.95,FUNGI_ALERT_EXCESS_WATER
58.85,10.62,69.2,10.46,74.54,157285.8,5.85,58.9,27.53,LOW_TEMP_ALERT
48.71,11.96,46.08,9.57,46.85,157285.8,0.11,71.05,27.19,NOT_ABLE_TO_WATER
62.26,21.0,53.72,22.37,68.9,50686.84,1.42,75.56,24.0,NOT_ABLE_TO_WATER
46.27,25.81,73.14,20.15,74.37,0.0,0.0,24.1,29.32,FUNGI_ALERT_EXCESS_WATER
32.67,10.43,nan,6.37,59.37,8177.52,0.17,36.43,36.16,INSUFFICIENT_DATA
15.09,18.09,33.3,14.71,36.67,157285.8,5.73,53.08,24.72,WATER
12.63,43.17,36.37,41.78,47.18,0.0,0.0,23.25,29.9,NOT_ABLE_TO_WATER
46.58,14.45,58.7,14.94,67.27,0.0,0.0,54.14,31.49,LOW_TEMP_ALERT
45.62,35.28,73.07,33.91,76.8,9040.1,0.8,47.2,30.03,LOW_LIGHT
47.43,35.04,36.12,37.47,45.7,19618.77,0.86,51.29,28.44,NOT_ABLE_TO_VENTILATE
14.35,35.35,60.92,33.44,68.26,19125.98,0.28,12.98,35.0,NOT_ABLE_TO_WATER
29.31,37.39,20.54,35.15,27.58,0.0,0.0,33.87,26.14,NOT_ABLE_TO_WATER
62.51,35.94,23.82,33.13,32.37,57130.16,1.62,54.97,32.83,OK
60.51,40.75,75.53,36.69,75.65,2851.32,0.47,37.12,44.11,ANOMALY_DETECTED
1.74,28.35,93.97,27.14,95.92,24699.62,0.48,12.08,41.19,ANOMALY_DETECTED
44.43,36.68,16.41,33.43,9.22,0.0,0.0,17.77,32.79,FUNGI_ALERT_EXCESS_WATER
35.37,16.55,82.91,12.73,84.72,0.0,0.0,28.21,33.6,NOT_ABLE_TO_WATER
84.93,12.3,50.92,9.09,44.05,8884.67,0.0,36.42,33.64,EXCESS_WATER
60.64,40.33,39.94,41.07,46.25,81993.41,2.91,64.19,26.87,VENTILATE
59.28,39.02,90.36,36.84,95.17,0.0,0.0,60.39,24.0,NOT_ABLE_TO_VENTILATE
18.04,10.18,21.62,6.38,34.4,30077.7,0.07,24.19,26.96,NOT_ABLE_TO_WATER
38.41,27.03,84.57,24.52,94.96,157285.8,4.96,42.77,35.44,WATER
67.74,29.83,80.4,32.7,89.11,79021.6,2.8,67.61,33.84,OK
79.13,16.76,76.22,16.84,73.17,157285.8,5.41,77.69,24.69,OK
87.98,21.53,86.99,20.34,95.56,0.0,0.0,83.41,30.09,NIGHT_OK
55.67,7.49,22.0,6.88,31.16,0.0,0.0,50.48,30.23,LOW_TEMP_ALERT
30.98,24.88,28.64,26.81,32.88,0.0,0.0,37.92,34.16,NOT_ABLE_TO_WATER
21.6,14.08,15.64,10.67,3.34,145568.89,4.75,15.65,24.34,WATER
51.26,31.93,38.47,31.28,47.82,0.0,0.0,57.01,31.7,NIGHT_OK
92.91,11.89,16.12,9.02,28.34,91813.52,2.6,88.86,24.62,LOW_TEMP_ALERT
11.59,44.73,62.33,40.82,78.4,0.0,0.0,15.16,30.29,NOT_ABLE_TO_WATER
76.33,9.07,20.58,10.2,28.85,10459.83,0.41,16.75,31.35,EXCESS_WATER
36.97,11.25,85.37,12.97,85.21,157285.8,6.14,41.92,28.22,WATER
70.22,7.55,86.25,7.53,82.2,157285.8,5.66,42.67,34.8,FUNGI_ALERT_EXCESS_WATER
95.73,37.99,46.62,37.05,53.64,157285.8,5.51,48.0,25.98,EXCESS_WATER
19.24,27.94,58.47,24.9,55.84,0.0,0.0,19.47,27.95,NOT_ABLE_TO_WATER
64.89,7.14,77.55,5.41,91.7,120275.38,5.12,55.43,24.0,LOW_TEMP_ALERT
56.74,24.38,48.3,22.47,42.62,8095.13,0.0,61.18,24.77,LOW_LIGHT
70.86,30.12,44.32,27.43,43.77,0.0,0.0,60.8,32.59,FUNGI_ALERT_EXCESS_WATER
90.64,29.05,40.72,31.69,50.53,16734.99,0.23,92.06,30.21,OK
50.06,40.68,33.6,36.54,47.7,0.0,0.0,46.89,34.39,NOT_ABLE_TO_VENTILATE
65.2,44.71,27.32,47.36,22.65,157285.8,5.52,68.0,31.76,HYDRIC_STRESS_ALERT
91.02,18.05,17.88,17.87,22.49,27555.46,0.2,85.37,40.59,ANOMALY_DETECTED
17.94,25.62,58.91,25.04,56.41,157285.8,0.08,47.15,32.06,NOT_ABLE_TO_WATER
43.7,20.27,89.72,19.71,100.0,157285.8,5.59,50.41,31.23,OK
11.22,18.05,63.8,17.72,69.69,6582.27,0.2,73.8,32.23,NOT_ABLE_TO_WATER
77.56,43.03,76.35,43.44,91.41,0.0,0.0,77.05,28.08,NOT_ABLE_TO_VENTILATE
83.88,18.72,26.25,15.87,39.8,157285.8,4.26,38.61,25.88,EXCESS_WATER
18.96,44.17,86.88,41.8,97.39,157285.8,5.93,14.32,36.85,WATER
81.19,29.82,67.94,28.42,60.72,157285.8,5.13,92.37,27.95,OK
39.34,23.77,73.2,21.44,81.54,157285.8,5.8,49.9,30.01,WATER
73.02,26.29,63.29,25.14,70.4,157285.8,6.44,77.04,34.66,OK
nan,37.97,49.84,38.16,46.13,0.0,0.0,50.73,25.93,INSUFFICIENT_DATA
27.57,40.89,78.52,37.32,59.64,2124.17,0.66,35.39,27.46,NOT_ABLE_TO_WATER
35.34,37.47,77.54,35.43,82.88,0.0,0.0,33.2,29.25,NOT_ABLE_TO_WATER
58.14,44.24,43.96,45.56,47.99,27504.14,0.77,53.18,33.0,NOT_ABLE_TO_VENTILATE
34.87,37.01,68.94,36.65,77.08,58989.39,1.87,50.18,36.61,NOT_ABLE_TO_WATER
4.49,17.76,83.97,18.97,79.47,157285.8,5.24,64.66,30.31,WATER
22.26,41.66,77.12,37.2,71.54,140895.23,5.86,89.47,27.8,WATER
99.83,28.31,66.14,23.03,75.14,157285.8,5.83,74.54,28.67,EXCESS_WATER
84.47,30.43,42.29,30.1,38.77,157285.8,5.19,84.53,24.86,OK
5.35,22.48,36.53,23.81,44.34,0.0,0.0,70.62,24.0,NOT_ABLE_TO_WATER
18.29,32.97,35.04,29.68,48.2,16509.57,0.0,15.36,26.81,NOT_ABLE_TO_WATER
45.5,23.48,40.52,27.16,36.49,6700.12,0.51,72.93,24.0,NOT_ABLE_TO_WATER
30.07,12.21,86.77,9.96,71.47,0.0,0.0,39.2,30.1,NOT_ABLE_TO_WATER
5.29,40.51,24.4,38.94,41.95,157285.8,4.0,37.75,45.48,ANOMALY_DETECTED
49.06,26.73,46.47,25.02,59.63,0.0,0.0,54.15,35.22,NIGHT_OK
43.82,22.08,46.76,21.36,66.42,13735.99,0.48,49.33,30.75,OK
67.12,20.66,73.01,21.83,80.21,16830.33,0.04,69.31,24.29,OK
56.08,18.56,40.23,20.03,50.29,157285.8,5.61,35.56,31.07,EXCESS_WATER
13.94,18.01,16.28,14.37,21.81,157285.8,5.81,15.31,29.04,WATER
94.54,20.93,89.45,20.74,100.0,0.0,0.0,31.58,31.11,FUNGI_ALERT_EXCESS_WATER
92.91,25.44,17.23,22.57,19.27,0.0,0.0,90.51,28.19,NIGHT_OK
55.51,8.82,89.38,6.09,85.78,128353.49,4.61,55.58,34.17,LOW_TEMP_ALERT
65.1,23.87,50.8,23.1,67.15,0.0,nan,62.4,34.86,INSUFFICIENT_DATA
49.2,33.51,54.04,29.36,45.91,0.0,0.0,49.9,32.39,NIGHT_OK
51.03,35.89,28.72,34.83,30.3,0.0,0.0,50.45,32.07,NIGHT_OK
18.5,11.26,67.89,7.44,72.42,157285.8,6.86,20.31,31.87,WATER
22.55,12.8,44.76,11.41,37.23,9126.16,0.0,25.69,24.0,NOT_ABLE_TO_WATER
79.37,22.14,75.57,21.17,85.83,124617.45,4.7,83.07,30.92,OK
31.09,25.91,86.97,25.18,83.46,157285.8,4.55,35.66,36.66,WATER
27.78,30.23,61.82,32.35,83.01,48831.77,2.75,27.71,32.35,WATER
2.39,14.16,40.78,13.96,46.74,12326.46,0.6,46.14,30.05,NOT_ABLE_TO_WATER
64.94,10.87,40.11,8.91,49.12,22430.85,0.78,63.33,33.12,LOW_TEMP_ALERT
56.59,7.51,69.23,2.34,78.55,157285.8,5.53,61.0,31.06,LOW_TEMP_ALERT
77.23,19.63,72.74,19.33,74.84,3986.13,0.8,80.7,27.78,LOW_LIGHT
32.31,34.32,89.8,32.81,100.0,14547.98,0.95,39.93,30.75,NOT_ABLE_TO_WATER
39.84,19.8,25.08,13.12,34.69,157285.8,6.48,35.75,42.56,ANOMALY_DETECTED
20.0,32.01,89.18,31.53,83.13,68234.92,1.71,21.09,39.8,ANOMALY_DETECTED
18.26,6.55,25.18,4.93,26.16,0.0,0.0,14.71,29.46,NOT_ABLE_TO_WATER
17.27,39.18,50.08,38.41,49.35,157285.8,5.65,10.4,33.07,WATER
68.78,7.56,33.47,6.1,42.82,107666.07,3.45,32.36,30.42,EXCESS_WATER
59.51,7.48,67.24,5.84,83.17,5679.7,0.0,62.13,28.82,LOW_TEMP_ALERT
72.7,31.17,27.43,26.62,25.56,0.0,0.0,84.51,29.95,NOT_ABLE_TO_WATER
84.88,10.04,59.91,8.86,66.83,144924.6,4.36,90.68,35.2,LOW_TEMP_ALERT
21.3,10.27,31.55,10.18,37.17,0.0,0.0,31.32,24.33,NOT_ABLE_TO_WATER
45.39,44.87,44.55,45.37,50.39,0.0,0.0,85.83,33.42,NOT_ABLE_TO_WATER
79.05,21.49,72.37,17.41,73.04,0.0,0.0,74.03,33.57,NIGHT_OK
38.82,16.36,94.54,14.08,94.5,0.0,0.0,37.68,29.88,NOT_ABLE_TO_WATER
69.05,11.86,72.65,8.42,88.75,157285.8,5.4,71.48,30.5,LOW_TEMP_ALERT
92.29,21.74,26.47,20.5,40.34,0.0,0.0,92.5,29.3,NIGHT_OK
66.71,18.63,21.22,13.68,34.53,8920.15,0.0,64.45,30.21,LOW_TEMP_ALERT
28.76,7.59,21.41,5.76,31.37,0.0,0.0,34.65,30.49,NOT_ABLE_TO_WATER
94.73,36.0,34.18,35.91,36.72,4137.79,0.0,93.64,29.75,LOW_LIGHT
32.03,44.7,29.35,43.86,35.47,0.0,0.0,24.98,30.13,NOT_ABLE_TO_WATER
68.34,32.62,21.91,28.52,36.64,14716.35,0.29,35.91,34.86,EXCESS_WATER
89.29,13.69,30.86,8.88,39.57,0.0,0.0,79.77,37.42,LOW_TEMP_ALERT
75.94,35.92,18.82,35.31,20.7,0.0,0.0,59.87,35.11,FUNGI_ALERT_EXCESS_WATER
12.28,19.37,36.05,16.57,42.17,157285.8,0.07,26.55,33.74,NOT_ABLE_TO_WATER
13.86,6.08,87.23,7.12,95.68,1263.39,0.23,17.59,26.04,NOT_ABLE_TO_WATER
79.51,40.88,84.41,37.7,69.39,0.0,0.0,92.63,24.0,NOT_ABLE_TO_VENTILATE
74.99,24.6,89.77,24.3,100.0,0.0,0.0,78.92,31.89,NIGHT_OK
88.1,21.73,78.76,18.61,86.33,1683.08,0.0,49.93,29.17,FUNGI_ALERT_EXCESS_WATER
76.41,35.63,22.72,31.94,19.97,157285.8,4.22,70.6,34.89,OK
23.56,39.61,28.56,35.42,35.3,67175.47,2.37,79.12,27.9,WATER
72.53,9.7,53.17,9.52,47.94,50252.22,0.82,51.99,38.9,ANOMALY_DETECTED
76.88,5.33,93.07,2.78,96.54,157285.8,4.53,44.11,30.01,FUNGI_ALERT_EXCESS_WATER
19.06,38.13,92.52,35.48,87.73,4949.85,0.02,21.38,27.7,NOT_ABLE_TO_WATER
95.74,39.16,88.68,39.08,84.42,20866.34,1.12,93.07,36.65,NOT_ABLE_TO_VENTILATE
64.03,42.28,52.12,42.42,61.92,44663.18,1.16,10.82,25.42,EXCESS_WATER
39.0,22.16,63.54,18.5,59.84,0.0,0.0,41.94,30.19,NOT_ABLE_TO_WATER
44.19,35.96,32.29,34.58,32.5,157285.8,6.86,54.14,28.38,OK
57.2,6.12,83.31,4.88,76.04,157285.8,5.12,55.89,27.58,LOW_TEMP_ALERT
3.98,39.43,19.17,34.7,36.95,29303.26,0.66,31.8,27.47,NOT_ABLE_TO_WATER
26.72,28.77,88.18,29.55,93.54,0.0,0.0,26.08,30.05,NOT_ABLE_TO_WATER
31.77,40.32,21.38,36.61,17.04,157285.8,4.84,62.94,32.91,WATER
6.85,38.68,27.22,40.35,27.46,44728.92,1.43,11.86,32.1,NOT_ABLE_TO_WATER
24.34,34.86,21.87,31.41,28.1,157285.8,4.88,36.03,28.0,WATER
99.15,8.85,59.85,4.46,67.04,0.0,0.0,51.98,24.0,FUNGI_ALERT_EXCESS_WATER
69.02,12.2,17.84,9.74,15.08,157285.8,4.65,66.37,35.49,LOW_TEMP_ALERT
90.54,23.67,50.38,22.97,61.26,138693.52,4.45,87.73,24.43,OK
14.34,30.68,74.87,33.6,86.42,142234.08,4.54,24.22,35.72,WATER
47.09,7.66,62.55,8.45,68.95,0.0,0.0,46.09,29.0,LOW_TEMP_ALERT
56.48,27.64,16.51,25.61,38.81,157285.8,0.02,52.38,30.2,OK
90.48,44.02,53.36,44.48,63.97,0.0,0.0,79.92,29.97,FUNGI_ALERT_EXCESS_WATER
18.03,43.93,82.96,42.83,93.79,157285.8,5.41,18.8,27.47,WATER
72.25,7.95,78.34,7.22,80.82,0.0,0.0,24.58,42.66,FUNGI_ALERT_EXCESS_WATER
31.72,21.75,36.95,20.95,31.92,87906.57,3.04,34.45,30.74,WATER
16.11,27.2,39.73,24.51,46.33,0.0,0.0,13.72,40.73,NOT_ABLE_TO_WATER
58.97,25.33,63.14,24.82,67.77,0.0,0.0,63.39,24.0,NIGHT_OK
86.75,9.98,90.84,10.31,91.65,0.0,0.0,76.26,27.95,FUNGI_ALERT_EXCESS_WATER
75.21,35.86,60.25,36.67,72.1,116918.23,4.27,73.62,27.35,VENTILATE
68.28,8.45,47.62,8.13,42.04,0.0,0.0,64.81,32.6,LOW_TEMP_ALERT
83.52,16.66,79.58,13.71,87.38,0.0,0.0,21.27,27.62,FUNGI_ALERT_EXCESS_WATER
65.38,26.62,80.43,25.74,90.4,6279.73,0.27,68.92,29.33,LOW_LIGHT
78.1,34.79,38.13,35.88,37.05,0.0,0.0,14.29,26.2,FUNGI_ALERT_EXCESS_WATER
54.14,35.81,27.61,37.33,19.41,196.37,0.0,56.36,37.95,NOT_ABLE_TO_VENTILATE
49.69,30.55,71.77,30.95,85.53,157285.8,4.61,47.73,35.73,OK
20.13,28.91,40.27,26.98,42.27,0.0,0.0,20.38,29.53,NOT_ABLE_TO_WATER
67.9,11.69,40.65,10.67,41.09,157285.8,5.32,41.85,30.2,EXCESS_WATER
12.74,17.97,54.73,17.33,50.43,157285.8,5.15,36.16,29.49,WATER
80.27,8.95,38.96,6.82,63.73,0.0,0.0,81.68,36.44,LOW_TEMP_ALERT
20.03,11.84,56.96,11.67,57.96,0.0,0.0,17.95,25.95,NOT_ABLE_TO_WATER
45.91,17.1,48.03,17.78,55.85,157285.8,4.48,36.77,30.25,OK
28.01,40.91,22.87,41.59,15.05,0.0,0.0,32.44,24.0,NOT_ABLE_TO_WATER
68.64,18.59,53.42,16.92,72.65,0.0,0.0,73.68,26.84,NIGHT_OK
18.71,41.69,35.1,39.98,34.96,0.0,0.0,45.14,29.99,NOT_ABLE_TO_WATER
39.69,43.24,55.48,43.31,47.49,157285.8,5.44,45.38,31.15,WATER
39.74,28.79,55.89,nan,50.25,0.0,0.0,44.67,30.96,INSUFFICIENT_DATA
76.95,13.55,39.01,12.74,44.77,0.0,0.0,70.84,35.22,LOW_TEMP_ALERT
59.86,14.39,35.43,12.61,27.02,65693.89,2.39,32.37,33.1,EXCESS_WATER
59.99,22.74,32.66,19.85,33.16,8642.98,0.49,51.83,31.74,LOW_LIGHT
10.13,37.82,41.31,38.86,41.03,27477.67,1.07,91.48,35.0,NOT_ABLE_TO_WATER
35.06,20.85,34.53,20.33,31.92,157285.8,4.06,35.92,30.55,WATER
34.66,34.26,50.46,31.84,63.67,79695.26,1.77,35.37,30.61,NOT_ABLE_TO_WATER
53.59,38.55,76.88,35.49,76.92,0.0,0.0,51.21,32.78,NOT_ABLE_TO_VENTILATE
10.14,20.99,33.17,16.75,25.91,36402.25,1.34,10.03,24.0,NOT_ABLE_TO_WATER
84.41,10.94,54.57,9.63,57.22,59467.68,2.15,86.03,27.93,LOW_TEMP_ALERT
27.45,33.97,93.02,31.6,84.1,3096.96,0.2,16.02,27.14,NOT_ABLE_TO_WATER
73.33,8.08,58.64,4.58,80.18,0.0,0.0,46.45,29.35,FUNGI_ALERT_EXCESS_WATER
4.74,27.48,46.56,20.26,63.41,0.0,0.0,10.88,32.61,NOT_ABLE_TO_WATER
78.0,23.79,34.98,23.88,54.68,157285.8,5.04,76.34,24.76,OK
75.61,26.13,67.84,24.71,76.07,56488.63,2.42,70.62,24.0,OK
7.74,11.14,70.76,12.61,63.5,9377.42,0.0,58.07,30.42,NOT_ABLE_TO_WATER
67.66,23.89,47.34,24.87,57.05,29881.79,1.25,68.86,24.0,OK
16.9,5.02,18.86,0.97,22.87,0.0,0.0,14.48,31.67,NOT_ABLE_TO_WATER
49.31,33.17,71.78,34.21,73.66,157285.8,4.28,65.95,28.54,WATER
20.45,8.17,44.4,7.44,53.34,49639.13,0.13,22.98,42.23,ANOMALY_DETECTED
57.04,27.63,60.56,28.11,65.51,157285.8,4.74,49.94,29.32,OK
12.15,19.5,38.28,22.14,53.98,0.0,0.0,26.33,24.75,NOT_ABLE_TO_WATER
80.83,12.87,93.06,11.33,90.49,0.0,0.0,82.99,29.35,LOW_TEMP_ALERT
30.91,36.1,30.99,34.4,47.89,157285.8,5.9,32.37,44.59,ANOMALY_DETECTED
42.71,17.2,92.34,14.54,100.0,3361.71,0.18,43.97,24.0,LOW_TEMP_ALERT
61.71,40.89,34.87,39.58,40.11,4319.44,0.0,54.31,35.98,NOT_ABLE_TO_VENTILATE
56.01,13.61,38.19,14.4,30.98,157285.8,0.07,24.93,31.07,EXCESS_WATER
73.7,29.97,49.31,26.29,38.76,0.0,0.0,62.43,30.48,FUNGI_ALERT_EXCESS_WATER
64.65,19.47,80.39,18.28,90.7,7760.85,0.4,58.22,27.48,LOW_LIGHT
7.62,7.06,33.92,7.27,34.26,157285.8,5.06,11.46,32.36,WATER
51.39,24.09,21.38,23.39,41.89,12528.74,0.93,46.92,30.42,OK
92.91,12.57,23.85,8.48,28.18,129305.22,4.7,89.16,32.31,LOW_TEMP_ALERT
80.37,12.94,88.91,7.44,100.0,0.0,0.0,82.86,45.87,LOW_TEMP_ALERT
56.5,32.08,86.8,27.89,88.33,54066.81,2.6,47.28,26.21,OK
5.08,15.12,47.43,13.09,43.07,157285.8,4.18,30.18,35.26,WATER
79.35,5.5,42.12,3.88,59.12,51130.62,1.32,64.11,29.43,EXCESS_WATER
30.05,41.08,92.52,38.9,85.93,0.0,0.0,42.29,31.58,NOT_ABLE_TO_WATER
72.36,10.91,63.59,7.66,84.47,157285.8,5.04,77.01,29.88,LOW_TEMP_ALERT
44.81,6.52,25.12,5.73,29.89,78262.64,2.75,40.79,27.61,LOW_TEMP_ALERT
65.13,37.8,20.17,38.38,27.26,0.0,0.0,64.67,30.59,HYDRIC_STRESS_ALERT
43.04,42.43,24.29,39.09,22.46,117286.12,4.78,39.17,34.0,HYDRIC_STRESS_ALERT
60.03,34.56,45.96,35.32,50.43,138873.65,4.13,49.53,26.21,EXCESS_WATER
91.02,33.12,27.72,32.1,18.69,4484.36,0.0,88.72,27.69,LOW_LIGHT
84.64,14.72,57.25,13.55,59.8,157285.8,4.75,33.67,28.7,EXCESS_WATER
41.55,34.65,22.78,31.87,21.44,0.0,0.0,41.96,27.54,NIGHT_OK
35.86,17.98,27.69,15.15,38.79,0.0,0.0,50.65,30.78,NOT_ABLE_TO_WATER
52.72,32.78,94.58,28.29,98.72,29981.93,1.34,51.75,30.31,OK
23.94,40.7,39.36,36.85,48.34,157285.8,5.79,26.1,26.67,WATER
28.71,26.19,29.04,25.02,36.47,0.0,0.0,28.97,28.35,NOT_ABLE_TO_WATER
15.03,9.55,23.18,7.39,40.24,157285.8,0.02,25.01,30.88,NOT_ABLE_TO_WATER
82.1,16.31,47.0,16.89,50.21,157285.8,5.59,86.24,30.57,OK
74.36,37.66,21.02,34.25,10.68,157285.8,5.65,80.17,33.26,HYDRIC_STRESS_ALERT
22.23,20.62,74.2,17.22,97.43,21393.51,0.79,13.07,32.9,NOT_ABLE_TO_WATER
17.39,22.13,80.76,19.91,76.45,7601.37,0.63,19.42,31.7,NOT_ABLE_TO_WATER
12.59,43.9,28.73,42.52,28.83,157285.8,5.42,19.01,31.62,WATER
83.28,34.47,23.98,32.26,42.61,0.0,0.0,88.62,28.16,NIGHT_OK
82.4,9.63,70.49,5.59,76.69,130708.64,4.16,75.13,30.73,LOW_TEMP_ALERT
23.25,13.18,75.64,11.05,78.91,157285.8,4.43,25.32,24.0,WATER
71.59,29.09,25.99,26.27,31.96,0.0,0.0,21.82,27.01,FUNGI_ALERT_EXCESS_WATER
80.87,13.56,37.38,11.85,40.26,157285.8,5.52,77.5,24.0,LOW_TEMP_ALERT
66.4,36.22,18.66,35.43,38.14,0.0,0.0,50.68,25.85,FUNGI_ALERT_EXCESS_WATER
41.27,38.22,36.18,36.77,44.65,157285.8,5.1,39.18,30.15,VENTILATE
14.58,43.28,46.02,41.93,50.58,0.0,0.0,10.05,26.25,NOT_ABLE_TO_WATER
29.33,32.35,16.59,28.71,19.04,0.0,0.0,16.58,31.67,NOT_ABLE_TO_WATER
56.5,28.06,26.31,27.4,31.87,157285.8,5.19,56.84,27.21,OK
21.13,40.75,62.94,39.64,52.66,157285.8,5.0,21.3,32.6,WATER
11.96,13.93,66.19,17.67,65.21,924.71,0.1,40.46,28.58,NOT_ABLE_TO_WATER
56.31,32.82,30.15,29.35,44.9,0.0,0.0,34.1,24.0,FUNGI_ALERT_EXCESS_WATER
13.76,5.53,91.84,3.04,100.0,41608.1,0.13,14.58,30.06,NOT_ABLE_TO_WATER
21.98,32.43,59.53,29.79,62.99,0.0,0.0,26.99,36.51,NOT_ABLE_TO_WATER
85.76,26.34,84.89,25.07,79.17,0.0,0.0,85.38,25.11,NIGHT_OK
50.31,16.22,48.01,13.99,53.38,157285.8,5.39,21.76,28.98,EXCESS_WATER
99.21,26.88,76.46,24.74,76.83,157285.8,5.48,30.62,28.22,FUNGI_ALERT_EXCESS_WATER
32.93,10.75,58.8,9.2,62.15,157285.8,4.46,31.39,34.74,WATER
40.76,8.39,77.14,9.17,77.91,95605.95,3.13,47.08,28.72,LOW_TEMP_ALERT
44.49,7.51,20.26,5.93,16.67,157285.8,5.13,41.17,44.18,ANOMALY_DETECTED
49.87,31.02,66.96,28.85,82.64,15779.37,0.07,65.34,29.63,NOT_ABLE_TO_WATER
53.44,27.29,59.65,24.9,64.94,110422.2,3.47,61.83,24.0,OK
38.92,25.09,53.07,23.37,59.11,114859.01,4.19,18.52,34.08,WATER
7.95,10.41,93.27,8.17,100.0,0.0,0.0,92.54,24.0,NOT_ABLE_TO_WATER
11.94,29.02,44.65,28.35,41.71,0.0,0.0,12.48,30.66,NOT_ABLE_TO_WATER
41.72,25.26,72.18,23.19,83.34,0.0,0.0,44.93,27.75,NIGHT_OK
72.07,24.45,69.39,23.22,85.02,0.0,0.0,66.22,35.89,NIGHT_OK
95.71,16.14,25.02,14.93,40.96,0.0,0.0,22.2,31.79,FUNGI_ALERT_EXCESS_WATER
48.06,41.73,75.13,38.69,71.76,0.0,0.0,15.95,33.82,FUNGI_ALERT_EXCESS_WATER
62.91,16.68,18.07,16.04,23.14,0.0,0.0,69.26,30.88,NIGHT_OK
11.24,18.45,20.47,14.76,39.88,65641.44,1.81,24.45,35.48,NOT_ABLE_TO_WATER
68.39,11.53,30.73,11.29,49.43,0.0,0.0,67.94,25.36,LOW_TEMP_ALERT
56.53,43.89,17.72,42.51,12.12,157285.8,4.53,51.73,28.55,HYDRIC_STRESS_ALERT
21.97,23.38,40.04,20.09,46.14,157285.8,5.35,20.73,27.94,WATER
17.34,31.39,22.6,28.84,20.17,0.0,0.0,37.9,28.88,NOT_ABLE_TO_WATER
70.47,10.85,43.14,8.29,48.7,97945.56,4.02,66.01,31.29,LOW_TEMP_ALERT
91.68,6.79,91.3,5.91,100.0,0.0,0.0,58.21,26.99,FUNGI_ALERT_EXCESS_WATER
44.17,18.14,93.05,15.49,95.13,0.0,0.0,39.2,24.46,NIGHT_OK
96.95,30.18,80.5,29.76,88.02,157285.8,5.74,85.9,33.01,FUNGI_ALERT_EXCESS_WATER
77.39,42.39,94.71,41.73,90.42,15793.8,0.21,75.1,30.81,NOT_ABLE_TO_VENTILATE
55.56,5.14,42.55,3.58,43.54,0.0,0.0,55.6,35.49,LOW_TEMP_ALERT
49.13,8.72,64.82,5.8,64.54,0.0,0.0,20.22,30.15,FUNGI_ALERT_EXCESS_WATER
43.15,38.79,86.61,36.2,98.15,0.0,0.0,30.6,34.11,FUNGI_ALERT_EXCESS_WATER
67.23,34.52,42.59,31.34,60.76,0.0,nan,72.72,38.08,INSUFFICIENT_DATA
46.67,26.82,18.46,27.5,23.69,0.0,0.0,46.66,33.72,NIGHT_OK
50.89,17.71,54.31,16.28,58.21,38886.35,1.53,81.6,34.05,NOT_ABLE_TO_WATER
50.81,30.11,53.52,26.18,60.32,157285.8,5.12,61.2,26.72,WATER
69.08,29.0,52.03,27.5,56.13,0.0,0.0,78.8,30.9,NIGHT_OK
63.09,23.38,85.28,22.85,91.85,0.0,0.0,59.78,26.04,NIGHT_OK
100.0,18.47,73.49,14.79,59.92,157285.8,5.55,93.84,29.09,LOW_TEMP_ALERT
79.18,10.51,81.44,6.34,85.34,43735.41,1.81,75.29,28.76,LOW_TEMP_ALERT
53.81,22.02,90.29,19.34,100.0,2327.34,0.5,25.64,29.91,FUNGI_ALERT_EXCESS_WATER
67.16,38.67,50.93,35.08,64.73,1538.17,0.31,13.96,29.95,EXCESS_WATER
76.92,6.7,33.46,4.29,38.06,3593.51,0.38,70.71,29.43,LOW_TEMP_ALERT
13.84,19.96,16.0,17.16,8.28,0.0,0.0,87.99,25.1,NOT_ABLE_TO_WATER
73.67,30.4,58.96,28.04,69.69,0.0,0.0,80.01,33.15,NIGHT_OK
48.13,35.81,53.1,33.02,44.89,0.0,0.0,44.59,24.99,NIGHT_OK
13.89,38.35,56.91,40.99,74.09,157285.8,6.11,30.76,28.8,WATER
18.18,19.79,51.75,17.84,46.32,157285.8,6.04,14.27,33.85,WATER
32.82,41.1,94.97,36.51,94.42,157285.8,5.31,64.82,32.77,WATER
95.1,44.46,21.48,40.2,24.9,0.0,0.0,80.81,25.68,FUNGI_ALERT_EXCESS_WATER
71.44,10.5,62.58,11.5,76.89,25341.27,0.01,72.87,28.42,LOW_TEMP_ALERT
31.45,20.76,48.89,18.06,50.76,157285.8,4.65,69.78,33.11,WATER
52.22,18.63,49.23,20.63,53.83,157285.8,5.3,54.07,30.26,OK
67.1,17.3,87.72,13.92,97.99,0.0,0.0,62.57,30.93,LOW_TEMP_ALERT
71.41,35.42,38.78,33.75,60.48,0.0,0.0,70.91,28.59,NIGHT_OK
67.65,23.61,20.01,21.84,18.64,157285.8,4.82,94.6,24.79,WATER
66.95,11.09,63.3,5.45,56.48,0.0,0.0,72.08,28.34,LOW_TEMP_ALERT
35.21,18.39,85.62,19.39,94.29,157285.8,5.2,33.13,26.95,WATER
54.42,41.09,89.69,38.16,85.29,157285.8,5.98,78.73,24.0,WATER
89.03,21.92,74.89,21.49,86.13,0.0,0.0,85.98,27.01,NIGHT_OK
31.74,12.8,28.91,14.19,26.17,2598.84,0.1,36.7,28.35,NOT_ABLE_TO_WATER
8.75,44.44,59.37,43.63,57.63,61708.55,1.56,18.22,33.38,NOT_ABLE_TO_WATER
56.76,26.25,84.75,25.17,90.42,157285.8,5.3,69.06,28.71,WATER
12.26,23.72,62.51,17.61,62.99,1801.59,0.34,10.36,27.95,NOT_ABLE_TO_WATER
19.35,21.04,73.93,17.86,86.17,0.0,0.0,25.45,32.27,NOT_ABLE_TO_WATER
49.52,7.34,94.27,8.98,100.0,0.0,0.0,57.3,28.42,LOW_TEMP_ALERT
18.63,22.02,22.99,20.46,29.62,46027.07,0.82,20.1,30.48,NOT_ABLE_TO_WATER
51.4,27.94,25.71,23.78,34.55,8816.66,0.15,45.64,30.31,LOW_LIGHT
19.11,13.48,63.78,13.12,69.2,157285.8,5.24,11.51,24.24,WATER
40.95,14.63,94.74,12.67,86.58,0.0,0.0,41.06,44.81,LOW_TEMP_ALERT
18.63,42.75,24.93,39.24,39.69,4140.07,0.18,16.92,30.15,NOT_ABLE_TO_WATER
56.07,22.04,41.16,20.9,48.43,0.0,0.0,56.4,28.86,NIGHT_OK
94.85,41.78,27.73,41.76,38.26,24089.57,0.29,86.75,29.31,HYDRIC_STRESS_ALERT
70.25,14.23,76.06,14.57,90.15,3513.84,0.0,40.65,29.11,FUNGI_ALERT_EXCESS_WATER
70.99,7.82,42.85,8.38,58.91,0.0,0.0,65.84,33.35,LOW_TEMP_ALERT
40.67,33.86,59.93,31.66,73.76,1299.63,0.77,32.87,30.26,LOW_LIGHT
14.22,13.17,42.8,12.69,46.43,0.0,0.0,17.92,45.67,NOT_ABLE_TO_WATER
44.81,22.48,34.35,19.85,40.83,114612.2,3.47,52.14,27.98,OK
47.48,15.41,37.33,13.95,43.77,157285.8,5.71,83.72,26.92,WATER
31.51,20.42,73.38,18.8,86.21,0.0,0.0,26.13,24.34,NOT_ABLE_TO_WATER
33.94,29.97,67.84,28.14,78.35,157285.8,4.45,39.67,26.25,WATER
19.56,14.26,66.98,12.01,67.62,157285.8,5.61,21.92,31.03,WATER
19.03,13.87,64.51,13.95,66.42,0.0,0.0,93.11,31.84,NOT_ABLE_TO_WATER
88.8,11.21,16.79,8.51,21.79,123815.82,3.95,57.85,30.61,EXCESS_WATER
67.21,31.53,55.83,30.58,52.55,10087.21,0.6,56.82,28.95,EXCESS_WATER
16.22,7.76,24.03,9.78,28.16,0.0,0.0,15.74,31.16,NOT_ABLE_TO_WATER
48.78,44.16,28.16,43.85,20.9,905.13,0.0,49.53,27.01,HYDRIC_STRESS_ALERT
1.35,20.2,83.17,18.32,85.82,0.0,0.0,56.94,33.96,NOT_ABLE_TO_WATER
51.48,40.3,47.21,42.99,55.33,84367.74,0.02,52.29,30.56,NOT_ABLE_TO_VENTILATE
60.72,26.0,29.09,22.4,41.32,157285.8,4.37,61.22,27.28,OK
51.91,22.1,78.69,20.21,81.97,0.0,0.0,40.07,24.47,FUNGI_ALERT_EXCESS_WATER
72.89,25.56,44.51,25.72,52.0,14176.02,0.0,72.51,25.72,OK
12.93,30.42,49.32,30.75,49.3,0.0,0.0,70.16,43.49,NOT_ABLE_TO_WATER
85.7,17.17,41.17,15.05,48.41,6365.23,0.0,92.13,31.76,LOW_LIGHT
91.55,14.42,45.03,15.04,47.69,157285.8,5.07,70.77,36.0,EXCESS_WATER
83.2,13.13,66.61,11.91,77.3,7303.43,0.75,91.67,33.84,LOW_TEMP_ALERT
69.95,29.17,42.78,28.16,42.13,157285.8,4.69,76.93,28.44,OK
6.21,31.49,27.72,31.42,37.81,0.0,0.0,72.7,26.32,NOT_ABLE_TO_WATER
89.38,12.44,89.84,13.22,80.18,157285.8,4.65,25.36,33.2,FUNGI_ALERT_EXCESS_WATER
75.67,44.14,60.0,46.72,83.14,125281.35,3.29,75.43,32.27,VENTILATE
77.32,31.6,40.14,32.32,46.12,82198.14,3.32,83.97,25.37,OK
4.2,8.93,92.82,9.8,100.0,157285.8,4.89,73.7,33.41,WATER
33.3,22.98,77.22,20.74,88.83,0.0,0.0,32.19,36.7,NOT_ABLE_TO_WATER
27.22,34.82,92.26,34.45,94.7,0.0,0.0,61.37,34.54,NOT_ABLE_TO_WATER
13.56,39.65,26.99,41.91,36.83,157285.8,6.36,15.13,24.0,WATER
35.58,39.3,76.24,39.04,86.54,89257.96,2.16,20.9,37.95,ANOMALY_DETECTED
52.27,9.37,67.92,9.36,63.71,0.0,0.0,79.16,30.25,NOT_ABLE_TO_WATER
85.08,20.35,61.81,16.8,64.07,88980.59,2.76,83.76,28.6,OK
73.24,22.34,57.3,16.43,72.25,0.0,0.0,20.13,31.41,FUNGI_ALERT_EXCESS_WATER
60.49,8.36,91.47,7.66,90.83,10825.08,0.18,53.16,32.11,LOW_TEMP_ALERT
53.21,33.71,51.01,33.67,64.25,0.0,0.0,29.69,27.67,FUNGI_ALERT_EXCESS_WATER
86.92,15.32,78.94,16.01,73.98,358.37,0.03,82.48,36.64,LOW_LIGHT
27.72,16.28,42.66,13.94,36.57,0.0,0.0,27.04,26.3,NOT_ABLE_TO_WATER
55.87,15.93,32.97,17.34,48.74,4504.55,0.05,40.92,32.27,EXCESS_WATER
36.81,25.38,30.11,26.63,36.03,0.0,0.0,41.25,35.63,NOT_ABLE_TO_WATER
7.15,28.1,57.93,23.58,69.61,7419.4,0.5,10.89,36.53,NOT_ABLE_TO_WATER
77.13,39.19,71.45,39.94,69.73,62755.02,2.18,87.09,31.75,NOT_ABLE_TO_VENTILATE
19.47,38.85,59.76,33.25,62.48,115695.1,4.38,35.05,34.51,WATER
88.9,22.28,89.59,18.62,100.0,44169.49,nan,86.15,32.36,INSUFFICIENT_DATA
79.81,32.45,67.53,30.61,78.62,17186.02,1.08,73.34,31.72,OK
25.56,22.22,70.91,22.44,75.78,157285.8,6.34,24.75,25.31,WATER
7.85,9.87,80.78,7.45,89.51,0.0,0.0,10.3,30.34,NOT_ABLE_TO_WATER
59.93,39.4,61.02,35.79,61.97,0.0,0.0,64.33,33.84,NOT_ABLE_TO_VENTILATE
87.16,21.05,86.49,16.2,77.11,157285.8,5.02,77.97,29.28,OK
50.05,7.77,47.71,3.89,70.7,0.0,0.0,48.28,25.24,LOW_TEMP_ALERT
35.88,10.43,49.63,6.89,52.77,0.0,0.0,45.07,29.44,NOT_ABLE_TO_WATER
47.57,12.34,40.18,7.27,49.9,0.0,0.0,39.09,24.0,LOW_TEMP_ALERT
80.79,30.77,17.69,27.99,26.71,0.0,0.0,80.68,40.24,NIGHT_OK
16.64,42.06,44.39,42.87,42.16,118731.3,4.28,61.8,27.07,WATER
42.04,17.46,23.84,18.09,30.17,157285.8,4.73,43.14,30.4,OK
50.03,44.32,87.57,45.8,92.32,32662.9,0.94,54.6,28.87,NOT_ABLE_TO_VENTILATE
21.34,11.07,69.86,7.03,78.34,105299.39,3.63,18.6,24.0,WATER
69.08,11.63,36.29,8.89,30.22,157285.8,5.56,50.35,24.0,EXCESS_WATER
43.97,24.11,94.26,24.8,90.07,137037.26,4.36,42.35,25.26,OK
17.23,39.16,71.44,37.13,69.7,3207.25,0.0,67.82,44.02,ANOMALY_DETECTED
26.39,44.78,20.96,40.17,24.63,142611.4,5.15,78.32,31.19,WATER
52.67,25.99,17.72,21.67,16.6,8411.17,0.02,43.34,28.35,LOW_LIGHT
93.73,37.7,61.9,36.27,74.57,157285.8,5.5,48.19,35.11,EXCESS_WATER
10.14,30.19,92.7,29.3,100.0,157285.8,5.26,50.39,34.06,WATER
77.25,18.43,89.58,21.29,96.8,578.54,0.12,81.88,27.65,LOW_LIGHT
54.71,37.64,46.76,36.86,49.78,0.0,0.0,84.38,30.26,NOT_ABLE_TO_WATER
47.85,25.62,40.78,24.88,37.22,0.0,0.0,53.04,24.0,NIGHT_OK
51.33,23.38,41.74,23.34,67.81,0.0,0.0,52.35,25.13,NIGHT_OK
55.84,9.63,19.54,11.44,27.19,3698.3,0.36,62.1,32.65,LOW_TEMP_ALERT
47.7,26.71,82.35,23.41,88.25,157285.8,6.04,41.44,42.02,ANOMALY_DETECTED
28.09,32.13,84.72,31.97,88.32,134593.58,3.88,36.62,29.21,WATER
90.11,28.18,61.01,25.4,68.91,0.0,0.0,92.12,41.07,NIGHT_OK
99.62,38.4,63.0,38.31,65.8,157285.8,5.56,90.1,26.67,VENTILATE
13.13,40.56,63.92,35.3,74.57,0.0,0.0,12.33,28.62,NOT_ABLE_TO_WATER
62.28,35.56,25.22,34.88,38.28,0.0,0.0,51.46,30.02,FUNGI_ALERT_EXCESS_WATER
85.43,29.67,85.63,28.14,78.63,48961.17,1.52,76.09,33.6,OK
38.38,31.85,45.49,26.18,48.51,0.0,0.0,35.25,35.37,NOT_ABLE_TO_WATER
11.16,44.64,45.04,44.66,51.66,0.0,0.0,89.21,32.47,NOT_ABLE_TO_WATER
22.41,40.65,21.48,37.05,21.45,110364.93,3.28,60.12,41.49,ANOMALY_DETECTED
92.59,24.49,42.0,24.25,49.09,0.0,0.0,22.76,27.14,FUNGI_ALERT_EXCESS_WATER
72.16,35.89,33.72,32.87,44.25,0.0,0.0,63.26,27.62,NIGHT_OK
64.57,8.02,94.95,10.42,100.0,0.0,0.0,71.54,34.8,LOW_TEMP_ALERT
98.76,42.1,91.01,42.18,100.0,0.0,0.0,74.8,27.81,FUNGI_ALERT_EXCESS_WATER
69.57,30.3,78.88,29.55,87.66,130759.04,4.02,47.44,32.87,FUNGI_ALERT_EXCESS_WATER
82.15,18.69,49.91,17.34,65.2,0.0,0.0,76.9,29.83,NIGHT_OK
6.04,28.56,75.67,28.18,88.31,0.0,0.0,12.18,31.29,NOT_ABLE_TO_WATER
11.55,26.06,37.7,26.6,46.95,141559.67,4.51,45.51,25.3,WATER
45.1,37.85,64.53,36.0,86.25,19320.16,0.29,44.47,27.81,NOT_ABLE_TO_VENTILATE
36.48,32.28,84.85,30.7,100.0,157285.8,5.96,34.7,33.38,WATER
21.92,25.97,90.74,24.17,98.68,157285.8,4.66,14.91,25.0,WATER
85.81,29.29,41.89,28.34,47.37,0.0,0.0,88.27,38.44,NIGHT_OK
7.69,20.39,24.27,18.08,28.51,45252.68,1.54,13.34,30.99,NOT_ABLE_TO_WATER
10.07,13.33,22.27,13.1,28.68,0.0,0.0,20.87,36.32,NOT_ABLE_TO_WATER
68.68,22.51,72.8,22.53,65.15,0.0,0.0,36.37,33.29,FUNGI_ALERT_EXCESS_WATER
74.03,10.67,41.64,7.35,49.45,157285.8,4.66,92.99,29.92,WATER
62.29,32.12,86.43,31.73,85.99,46532.03,1.16,73.86,37.65,ANOMALY_DETECTED
93.25,40.12,69.77,39.91,90.14,60338.15,1.65,87.75,26.9,NOT_ABLE_TO_VENTILATE
59.75,44.64,19.12,43.13,18.58,157285.8,4.39,57.05,27.98,HYDRIC_STRESS_ALERT
38.11,29.73,66.16,27.44,75.65,157285.8,5.64,46.89,31.76,WATER
75.66,25.53,53.97,25.23,68.11,30173.25,0.87,71.18,24.0,OK
59.16,29.05,60.23,25.48,77.64,157285.8,6.77,63.76,32.09,OK
85.45,30.97,79.68,24.89,83.65,6058.29,0.74,76.08,34.2,LOW_LIGHT
60.03,8.13,52.75,7.52,59.46,5424.64,0.31,57.18,32.15,LOW_TEMP_ALERT
15.4,12.54,62.35,8.76,69.67,2616.79,0.0,43.5,27.6,NOT_ABLE_TO_WATER
94.22,5.2,93.62,1.19,97.5,157285.8,5.28,81.37,24.0,FUNGI_ALERT_EXCESS_WATER
44.01,34.75,45.41,32.16,57.29,0.0,0.0,35.6,29.04,NIGHT_OK
12.16,16.44,33.97,17.47,40.2,157285.8,6.39,22.15,34.63,WATER
49.22,32.39,72.61,33.45,85.86,157285.8,5.83,48.27,44.95,ANOMALY_DETECTED
44.3,17.89,66.75,18.5,81.93,157285.8,6.14,73.55,29.06,WATER
9.88,38.01,36.06,37.02,44.12,157285.8,4.92,nan,29.28,INSUFFICIENT_DATA
83.46,20.33,21.71,20.86,17.52,0.0,0.0,36.35,26.29,FUNGI_ALERT_EXCESS_WATER
53.44,10.65,46.42,8.24,62.51,0.0,0.0,38.92,33.58,FUNGI_ALERT_EXCESS_WATER
47.64,10.52,40.63,11.37,35.76,5347.58,0.43,46.05,33.07,LOW_TEMP_ALERT
54.87,17.55,47.87,18.72,62.99,1370.28,0.01,49.41,30.81,LOW_LIGHT
3.49,5.65,81.36,7.27,91.86,8859.26,0.33,12.18,30.94,NOT_ABLE_TO_WATER
29.61,38.12,58.07,39.86,59.31,0.0,0.0,59.43,34.22,NOT_ABLE_TO_WATER
44.92,25.83,54.28,23.19,70.7,157285.8,6.27,44.24,42.68,ANOMALY_DETECTED
27.61,41.82,88.65,43.77,80.69,0.0,0.0,36.9,32.89,NOT_ABLE_TO_WATER
8.14,12.08,58.3,9.43,65.19,157285.8,5.69,78.73,24.5,WATER
99.08,36.39,43.55,34.61,53.35,0.0,0.0,54.3,31.33,FUNGI_ALERT_EXCESS_WATER
9.38,24.31,44.38,21.92,52.52,0.0,0.0,15.43,28.23,NOT_ABLE_TO_WATER
83.86,16.42,51.43,15.67,68.88,1051.44,0.14,74.16,30.85,LOW_LIGHT
96.62,6.45,61.19,3.35,56.08,157285.8,5.99,69.53,32.18,EXCESS_WATER
47.63,7.95,23.08,3.93,37.4,157285.8,4.51,38.35,45.6,ANOMALY_DETECTED
40.64,34.25,58.03,33.92,73.48,95595.81,3.23,94.56,31.1,WATER
95.25,16.21,68.61,12.32,83.41,0.0,0.0,94.6,34.92,LOW_TEMP_ALERT
22.03,22.02,64.42,21.01,72.55,0.0,0.0,16.13,35.17,NOT_ABLE_TO_WATER
64.84,35.58,84.14,33.86,96.37,40121.2,1.67,60.25,33.38,OK
7.86,16.34,44.27,16.92,36.18,0.0,0.0,16.72,29.43,NOT_ABLE_TO_WATER
16.65,41.32,59.35,38.23,59.82,0.0,0.0,17.85,28.76,NOT_ABLE_TO_WATER
83.67,7.1,77.11,7.23,75.17,0.0,0.0,88.73,28.96,LOW_TEMP_ALERT
31.21,8.37,72.0,5.44,86.94,5721.06,0.39,93.56,31.76,NOT_ABLE_TO_WATER
57.75,11.95,76.78,10.11,75.75,1675.65,0.31,11.59,27.73,FUNGI_ALERT_EXCESS_WATER
4.74,43.82,66.59,44.34,59.24,0.0,0.0,23.05,28.65,NOT_ABLE_TO_WATER
31.05,11.29,59.23,10.53,57.32,33219.63,1.3,28.03,33.15,NOT_ABLE_TO_WATER
89.85,8.77,26.96,8.21,18.83,30099.06,0.7,89.61,27.55,LOW_TEMP_ALERT
13.93,37.56,41.87,33.24,45.17,157285.8,0.14,40.59,28.69,NOT_ABLE_TO_WATER
69.59,36.32,63.61,35.34,65.7,39182.81,0.87,68.41,30.18,OK
14.02,32.75,31.73,31.13,34.15,0.0,0.0,94.06,33.03,NOT_ABLE_TO_WATER
56.36,23.04,71.98,20.69,66.26,96208.03,2.96,48.88,30.57,OK
66.39,8.42,28.8,7.3,25.27,155822.01,5.24,51.52,30.51,EXCESS_WATER
56.06,19.82,36.26,17.71,52.45,157285.8,5.29,63.44,30.04,OK
65.93,19.69,86.01,17.47,95.44,24478.88,1.18,70.88,27.39,OK
17.14,13.09,48.2,11.15,39.97,157285.8,4.96,53.52,28.2,WATER
42.86,7.93,23.3,8.02,23.93,157285.8,4.06,12.3,30.97,EXCESS_WATER
14.37,10.75,81.5,9.19,98.17,0.0,0.0,17.28,30.79,NOT_ABLE_TO_WATER
12.69,36.11,27.76,35.3,24.8,157285.8,5.35,69.86,30.12,WATER
76.56,41.95,40.61,42.38,39.77,32782.98,1.53,73.52,24.21,NOT_ABLE_TO_VENTILATE
60.62,36.47,53.66,35.43,54.35,157285.8,4.72,61.16,33.98,OK
69.5,32.35,79.96,34.27,78.02,3162.65,0.0,71.25,32.28,LOW_LIGHT
64.0,43.12,31.89,42.61,37.0,0.0,0.0,63.26,30.79,NOT_ABLE_TO_VENTILATE
30.39,8.91,66.63,5.15,74.43,110670.85,3.21,55.13,34.25,WATER
32.52,38.72,51.88,40.24,58.66,157285.8,5.38,38.36,30.42,WATER
49.75,27.27,65.75,26.4,57.2,7703.69,0.0,50.47,24.0,LOW_LIGHT
18.64,33.74,51.82,31.53,52.72,157285.8,5.75,12.99,32.48,WATER
96.9,39.34,93.13,36.05,100.0,0.0,0.0,90.93,28.24,NOT_ABLE_TO_VENTILATE
77.71,20.55,61.5,16.23,65.0,98939.21,3.61,77.48,24.0,OK
53.64,22.75,52.37,21.29,43.94,157285.8,5.33,52.13,30.03,OK
45.81,29.94,15.07,30.05,21.31,0.0,0.0,43.9,33.87,NIGHT_OK
20.74,41.93,82.83,38.25,86.44,0.0,0.0,12.52,30.36,NOT_ABLE_TO_WATER
55.54,15.72,29.47,14.39,28.58,8697.0,0.59,63.65,29.75,LOW_TEMP_ALERT
38.88,16.79,35.68,16.07,55.57,19628.91,0.8,17.26,33.58,NOT_ABLE_TO_WATER
84.53,18.64,44.91,14.29,69.54,8231.6,0.0,80.82,24.98,LOW_TEMP_ALERT
69.56,34.53,46.62,30.79,45.44,0.0,0.0,50.36,28.66,FUNGI_ALERT_EXCESS_WATER
26.34,13.28,81.89,15.01,81.89,0.0,0.0,46.38,27.25,NOT_ABLE_TO_WATER
53.24,19.21,71.37,16.87,89.94,39063.29,1.3,52.67,33.69,OK
56.34,8.43,31.26,6.71,43.76,0.0,0.0,50.33,30.54,LOW_TEMP_ALERT
47.17,13.89,69.87,13.68,73.43,7041.76,0.96,43.33,26.39,LOW_TEMP_ALERT
25.75,14.78,40.97,14.92,48.72,0.0,0.0,17.42,29.39,NOT_ABLE_TO_WATER
78.17,32.08,85.82,31.22,79.14,157285.8,4.64,74.48,38.84,ANOMALY_DETECTED
68.52,30.62,31.34,30.0,42.95,0.0,0.0,76.02,25.4,NIGHT_OK
82.88,6.06,28.18,2.11,45.73,157285.8,5.22,72.6,24.0,EXCESS_WATER
42.98,6.12,33.6,5.69,37.65,157285.8,5.25,39.02,34.75,LOW_TEMP_ALERT
24.44,44.5,92.76,46.83,88.61,157285.8,5.38,34.78,34.4,WATER
36.43,18.27,80.48,15.57,73.71,145587.37,5.51,36.9,27.13,WATER
80.01,10.04,26.53,3.16,20.46,580.42,0.0,85.22,34.52,LOW_TEMP_ALERT
51.73,40.65,91.43,41.69,91.45,6957.24,0.12,84.66,24.0,NOT_ABLE_TO_WATER
61.77,30.8,42.8,28.61,49.54,0.0,0.0,70.32,32.49,NIGHT_OK
14.11,9.2,48.62,8.27,53.22,0.0,0.0,10.71,32.61,NOT_ABLE_TO_WATER
63.21,44.38,20.58,42.0,29.66,7610.8,0.72,66.41,26.33,HYDRIC_STRESS_ALERT
32.5,24.67,79.13,20.07,95.05,0.0,0.0,34.07,25.74,NOT_ABLE_TO_WATER
21.21,12.43,67.96,11.51,83.26,391.42,0.73,81.63,27.16,NOT_ABLE_TO_WATER
65.99,20.19,28.32,18.39,40.79,8652.34,0.0,62.92,24.29,LOW_LIGHT
32.77,19.69,31.36,18.68,24.31,27172.59,0.43,32.61,29.77,NOT_ABLE_TO_WATER
95.74,21.99,41.1,21.14,54.83,28900.98,0.98,37.43,36.4,EXCESS_WATER
23.0,42.82,22.52,40.84,33.2,5320.35,0.0,23.19,26.44,NOT_ABLE_TO_WATER
16.42,41.97,93.11,41.31,81.97,22916.06,0.06,93.67,44.58,ANOMALY_DETECTED
93.27,12.27,74.79,9.59,82.83,157285.8,5.55,62.21,37.47,ANOMALY_DETECTED
6.11,20.12,21.07,20.21,16.47,157285.8,5.45,10.46,25.03,WATER
21.55,39.56,86.04,37.89,90.23,97760.68,3.71,27.51,39.57,ANOMALY_DETECTED
50.29,10.28,22.2,9.48,19.54,55527.14,1.61,47.12,28.7,LOW_TEMP_ALERT
99.08,6.57,72.42,9.1,75.45,1662.74,0.08,15.01,24.76,FUNGI_ALERT_EXCESS_WATER
50.06,9.61,73.14,7.18,95.73,30123.61,0.9,55.48,26.81,LOW_TEMP_ALERT
94.31,11.55,92.89,11.15,95.55,0.0,0.0,81.53,34.73,FUNGI_ALERT_EXCESS_WATER
67.06,26.86,23.16,26.23,23.38,nan,0.0,63.04,36.68,INSUFFICIENT_DATA
45.94,8.05,24.25,6.75,24.77,157285.8,4.71,53.83,24.0,LOW_TEMP_ALERT
78.71,11.19,24.66,9.5,26.89,0.0,0.0,64.98,32.25,FUNGI_ALERT_EXCESS_WATER
17.22,25.13,50.97,22.16,51.77,0.0,0.0,17.7,42.79,NOT_ABLE_TO_WATER
53.16,31.86,33.46,29.88,48.26,104024.34,2.93,47.52,24.27,OK
57.3,24.13,43.02,23.68,41.59,157285.8,4.69,18.29,33.36,EXCESS_WATER
55.41,39.46,77.65,39.85,92.87,21578.99,0.18,38.73,30.53,FUNGI_ALERT_EXCESS_WATER
22.78,39.84,33.51,40.59,34.66,125426.88,4.63,20.17,34.86,WATER
56.4,25.27,28.79,26.73,32.46,157285.8,5.2,59.09,33.16,OK
41.32,8.72,27.3,4.36,33.4,0.0,0.0,26.19,32.16,FUNGI_ALERT_EXCESS_WATER
51.74,9.34,50.68,6.46,55.16,157285.8,5.71,53.33,30.47,LOW_TEMP_ALERT
81.99,14.48,46.38,10.44,49.04,0.0,0.0,90.34,32.94,LOW_TEMP_ALERT
43.88,34.18,91.94,32.63,100.0,142.37,0.0,50.88,33.54,LOW_LIGHT
85.12,7.31,32.44,6.76,42.09,157285.8,0.01,88.95,24.16,LOW_TEMP_ALERT
36.05,15.42,89.22,14.61,77.12,49384.14,1.54,35.39,24.76,NOT_ABLE_TO_WATER
70.06,14.52,61.02,11.64,64.12,0.0,0.0,71.13,24.0,LOW_TEMP_ALERT
19.94,7.93,60.02,5.11,68.33,157285.8,5.07,12.72,24.0,WATER
49.26,41.42,40.32,39.91,50.06,3743.2,0.0,50.44,42.42,ANOMALY_DETECTED
53.57,23.78,60.0,19.7,56.0,4753.74,0.0,93.98,26.52,NOT_ABLE_TO_WATER
16.31,36.82,65.77,34.58,75.47,0.0,0.0,22.19,29.09,NOT_ABLE_TO_WATER
68.02,11.04,83.04,10.95,93.16,19917.62,0.48,74.9,32.7,LOW_TEMP_ALERT
89.45,14.3,28.96,11.18,42.7,157285.8,4.38,75.18,29.9,EXCESS_WATER
22.26,37.21,34.7,38.22,41.12,8187.19,0.5,18.79,34.72,NOT_ABLE_TO_WATER
16.25,14.88,67.33,12.12,78.31,8107.2,0.27,15.01,40.1,ANOMALY_DETECTED
39.56,24.64,19.24,24.18,21.23,0.0,0.0,79.54,33.76,NOT_ABLE_TO_WATER
100.0,30.64,49.48,27.41,54.22,157285.8,5.85,92.75,29.16,OK
81.83,22.14,69.1,19.99,60.96,138275.01,3.48,83.95,31.06,OK
49.65,24.66,88.08,24.88,86.37,157285.8,4.54,43.87,33.96,OK
80.52,30.08,79.86,26.06,85.99,12840.47,0.0,40.65,33.62,FUNGI_ALERT_EXCESS_WATER
44.67,43.53,71.71,42.86,71.01,0.0,0.0,46.92,28.55,NOT_ABLE_TO_VENTILATE
44.44,41.95,19.7,39.4,36.46,0.0,0.0,49.32,35.29,HYDRIC_STRESS_ALERT
87.14,20.66,74.77,16.54,89.12,4652.99,0.47,81.47,27.18,LOW_LIGHT
92.32,31.35,94.64,27.6,89.68,157285.8,5.37,50.54,30.74,FUNGI_ALERT_EXCESS_WATER
97.39,19.75,77.46,17.69,92.91,157285.8,6.28,89.43,24.4,OK
43.6,40.57,32.21,38.26,36.46,0.0,0.0,40.8,24.86,NOT_ABLE_TO_VENTILATE
90.26,44.78,90.27,45.92,100.0,157285.8,4.69,23.27,29.42,FUNGI_ALERT_EXCESS_WATER
74.48,5.53,90.68,4.82,96.23,20061.11,0.16,78.3,30.92,LOW_TEMP_ALERT
27.59,36.23,73.36,35.03,81.14,157285.8,0.06,28.1,34.69,NOT_ABLE_TO_WATER
47.68,23.77,69.45,19.39,81.9,0.0,0.0,45.56,27.69,NIGHT_OK
79.04,30.27,66.6,30.26,66.81,157285.8,5.03,69.24,32.35,OK
81.59,10.39,57.95,8.59,51.5,119608.56,4.61,50.22,24.11,EXCESS_WATER
91.65,28.63,83.21,27.76,74.85,21814.12,1.38,84.24,26.96,OK
24.55,17.25,18.51,14.16,18.42,0.0,0.0,27.42,38.18,NOT_ABLE_TO_WATER
31.47,9.5,42.53,7.94,36.28,6465.45,0.0,35.05,28.44,NOT_ABLE_TO_WATER
47.32,42.48,84.12,42.12,100.0,33628.09,0.48,51.28,24.0,NOT_ABLE_TO_VENTILATE
86.09,44.57,60.75,39.03,86.78,13540.4,0.33,90.25,43.43,ANOMALY_DETECTED
87.54,22.02,42.45,22.02,54.09,0.0,0.0,81.25,25.28,NIGHT_OK
66.55,34.2,93.75,34.0,100.0,157285.8,4.92,24.64,31.56,FUNGI_ALERT_EXCESS_WATER
26.8,29.53,55.71,25.77,54.51,157285.8,5.8,29.45,25.31,WATER
77.83,12.84,59.41,13.13,70.93,51693.48,1.94,21.26,36.05,EXCESS_WATER
24.16,44.87,87.08,44.5,91.39,157285.8,5.29,34.13,32.01,WATER
88.17,38.69,79.01,34.12,70.11,157285.8,4.93,80.96,24.0,VENTILATE
86.21,16.58,46.44,14.77,36.39,0.0,0.0,25.51,32.93,FUNGI_ALERT_EXCESS_WATER
31.5,13.35,43.83,14.4,49.35,0.0,0.0,35.91,28.5,NOT_ABLE_TO_WATER
84.51,31.91,67.78,30.9,77.11,0.0,0.0,79.62,31.39,NIGHT_OK
92.42,6.12,19.21,8.21,22.51,20502.73,0.51,86.01,31.97,LOW_TEMP_ALERT
54.39,33.27,55.71,32.42,53.07,157285.8,5.96,53.07,31.32,OK
18.74,38.65,94.59,38.85,99.01,0.0,0.0,22.14,35.02,NOT_ABLE_TO_WATER
98.88,34.57,34.89,32.68,41.81,14125.21,1.13,91.01,34.89,OK
61.04,26.39,16.77,22.22,39.45,0.0,0.0,24.95,32.07,FUNGI_ALERT_EXCESS_WATER
38.86,29.86,59.28,27.41,53.79,74900.78,3.16,43.59,28.57,WATER
33.97,34.16,56.27,33.54,66.02,0.0,0.0,24.08,33.06,NOT_ABLE_TO_WATER
47.35,30.21,76.49,28.19,97.0,32550.77,0.92,53.0,32.12,OK
70.82,23.68,27.83,23.58,35.76,157285.8,5.12,68.48,31.96,OK
30.57,22.63,29.29,22.79,33.79,0.0,0.0,49.92,29.72,NOT_ABLE_TO_WATER
88.05,8.66,68.15,6.39,78.57,0.0,0.0,84.7,26.55,LOW_TEMP_ALERT
59.18,31.24,84.25,27.28,95.49,974.21,0.0,53.48,31.15,LOW_LIGHT
11.78,42.89,38.19,39.26,58.15,87130.33,0.1,17.51,28.52,NOT_ABLE_TO_WATER
60.39,8.42,33.24,7.47,44.47,0.0,0.0,49.11,35.47,FUNGI_ALERT_EXCESS_WATER
75.33,8.93,27.97,12.64,23.56,0.0,0.0,69.81,37.71,LOW_TEMP_ALERT
37.51,26.04,23.54,24.35,22.4,0.0,0.0,55.99,36.95,NOT_ABLE_TO_WATER
54.59,36.22,52.57,34.23,55.87,157285.8,4.94,13.44,27.34,EXCESS_WATER
66.82,44.23,28.39,44.2,26.21,11582.4,0.02,93.25,27.76,NOT_ABLE_TO_WATER
38.33,39.0,74.76,38.04,79.8,157285.8,4.47,46.65,30.58,WATER
24.07,20.78,16.5,20.08,25.51,157285.8,4.59,92.06,33.4,WATER
76.03,39.59,52.73,39.29,45.26,22939.53,0.97,78.88,25.41,NOT_ABLE_TO_VENTILATE
44.98,37.79,40.59,36.98,40.62,51633.67,1.37,45.73,24.0,NOT_ABLE_TO_VENTILATE
8.97,42.51,31.39,42.56,28.74,100779.36,3.54,80.16,29.38,WATER
43.11,28.35,73.64,23.44,83.77,2712.62,0.0,46.4,42.07,ANOMALY_DETECTED
48.73,33.11,40.81,31.01,46.23,157285.8,5.31,51.28,30.89,OK
93.48,33.2,54.73,31.05,60.91,0.0,0.0,21.97,24.97,FUNGI_ALERT_EXCESS_WATER
20.32,7.25,37.76,5.93,55.0,0.0,0.0,55.05,28.19,NOT_ABLE_TO_WATER
68.59,10.58,61.96,12.99,60.87,0.0,0.0,83.99,26.51,NOT_ABLE_TO_WATER
67.97,29.62,44.64,25.6,54.62,0.0,0.0,76.03,27.21,NIGHT_OK
3.53,9.52,44.22,7.5,50.76,0.0,0.0,70.28,30.01,NOT_ABLE_TO_WATER
68.28,12.35,25.66,11.93,23.97,1546.83,0.0,29.82,28.29,EXCESS_WATER
11.49,29.97,21.95,30.4,21.76,0.0,0.0,11.88,31.06,NOT_ABLE_TO_WATER
21.5,29.07,82.39,27.45,80.68,0.0,0.0,17.65,31.34,NOT_ABLE_TO_WATER
57.98,18.48,47.41,18.9,65.45,93409.99,2.61,64.37,33.83,OK
56.84,38.18,24.92,34.39,27.24,0.0,0.0,59.45,31.46,HYDRIC_STRESS_ALERT
9.74,13.43,69.22,9.74,66.21,0.0,0.0,15.38,24.0,NOT_ABLE_TO_WATER
47.68,34.7,75.55,36.36,89.32,157285.8,5.47,30.73,25.13,FUNGI_ALERT_EXCESS_WATER
81.11,44.66,91.25,41.33,86.91,139861.53,3.79,74.94,31.03,VENTILATE
9.13,25.48,21.9,21.75,48.63,144029.11,4.92,93.75,34.03,WATER
65.19,11.93,64.78,7.31,70.39,128347.12,4.71,15.91,39.75,ANOMALY_DETECTED
53.42,28.68,37.48,29.0,48.5,0.0,0.0,78.81,29.21,NOT_ABLE_TO_WATER
46.15,41.97,46.6,38.79,65.5,157285.8,4.5,53.52,27.37,VENTILATE
33.96,7.82,75.22,7.52,66.95,0.0,0.0,33.45,31.66,NOT_ABLE_TO_WATER
75.36,26.3,52.18,24.97,61.34,0.0,0.0,73.34,44.37,NIGHT_OK
22.5,12.79,56.11,8.9,55.21,9885.82,0.84,31.11,31.73,NOT_ABLE_TO_WATER
45.77,23.68,75.49,19.89,75.32,0.0,0.0,48.53,33.52,NIGHT_OK
69.45,15.41,89.16,13.39,100.0,157285.8,5.19,68.24,30.41,LOW_TEMP_ALERT
8.7,12.57,27.31,13.05,28.87,0.0,0.0,83.59,32.97,NOT_ABLE_TO_WATER
48.76,39.32,41.18,36.93,42.29,0.0,0.0,93.16,26.73,NOT_ABLE_TO_WATER
30.63,7.43,89.71,4.61,95.42,35295.17,1.01,29.48,31.54,NOT_ABLE_TO_WATER
87.46,42.1,17.72,40.19,33.71,0.0,0.0,25.76,35.66,FUNGI_ALERT_EXCESS_WATER
96.4,17.55,82.84,14.91,73.39,0.0,0.0,59.58,28.64,FUNGI_ALERT_EXCESS_WATER
9.24,19.51,42.87,18.33,60.77,104379.34,2.96,25.9,30.88,WATER
66.19,6.64,64.79,4.78,62.82,0.0,0.0,62.81,26.92,LOW_TEMP_ALERT
77.95,10.86,87.79,10.12,99.94,157285.8,4.77,11.07,27.61,FUNGI_ALERT_EXCESS_WATER
25.0,31.34,35.77,30.57,38.99,157285.8,5.57,76.23,31.9,WATER
82.3,36.25,29.89,38.61,28.6,157285.8,5.06,80.71,44.51,ANOMALY_DETECTED
8.13,27.78,90.14,24.81,91.37,0.0,0.0,14.71,27.82,NOT_ABLE_TO_WATER
8.66,24.39,28.55,20.76,22.06,0.0,0.0,83.89,30.98,NOT_ABLE_TO_WATER
67.22,32.34,61.72,29.38,63.77,0.0,0.0,91.15,29.06,NOT_ABLE_TO_WATER
52.23,8.77,84.2,8.56,88.61,0.0,0.0,45.39,32.11,LOW_TEMP_ALERT
53.16,30.57,91.57,28.01,100.0,0.0,0.0,59.76,33.09,NIGHT_OK
13.25,43.65,20.21,43.24,17.82,0.0,0.0,36.34,30.7,NOT_ABLE_TO_WATER
21.31,32.77,29.7,30.08,39.58,157285.8,4.99,37.21,31.76,WATER
99.93,16.96,89.6,13.17,79.03,98497.82,2.89,48.26,27.61,FUNGI_ALERT_EXCESS_WATER
13.67,43.96,31.93,42.22,39.59,0.0,0.0,10.87,31.75,NOT_ABLE_TO_WATER
43.51,31.84,19.4,31.81,19.83,157285.8,5.81,40.7,25.67,OK
89.37,7.78,59.0,3.12,74.44,0.0,0.0,82.59,26.84,LOW_TEMP_ALERT
42.74,23.73,77.52,20.93,82.66,15493.51,0.55,40.09,34.6,OK
55.57,43.58,65.21,39.98,62.25,0.0,0.0,46.72,28.54,NOT_ABLE_TO_VENTILATE
54.3,42.86,31.59,41.21,25.31,0.0,0.0,18.39,30.89,FUNGI_ALERT_EXCESS_WATER
67.51,14.83,89.73,14.44,100.0,0.0,0.0,61.21,31.11,LOW_TEMP_ALERT
47.1,44.59,22.94,41.86,25.85,157285.8,5.73,23.24,40.05,ANOMALY_DETECTED
26.04,13.94,48.63,8.93,33.37,37828.33,1.21,30.07,33.2,NOT_ABLE_TO_WATER
70.95,38.72,72.83,38.21,73.55,0.0,0.0,79.14,30.12,NOT_ABLE_TO_VENTILATE
68.8,19.13,47.31,17.55,50.63,0.0,0.0,83.0,32.46,NOT_ABLE_TO_WATER
80.0,21.52,54.13,19.08,62.77,2704.98,0.18,14.43,25.91,EXCESS_WATER
32.44,27.89,93.19,28.82,96.22,141963.79,4.54,22.97,24.0,WATER
12.73,11.37,30.3,5.71,44.63,79217.64,2.18,23.86,30.79,WATER
91.52,21.78,31.4,18.3,39.92,157285.8,5.0,87.63,26.2,OK
88.85,43.2,88.21,44.68,92.29,0.0,0.0,17.17,24.0,FUNGI_ALERT_EXCESS_WATER
80.86,41.88,41.85,40.77,50.26,38645.92,1.31,85.39,36.86,NOT_ABLE_TO_VENTILATE
29.82,8.33,23.21,8.87,43.0,0.0,0.0,35.67,31.08,NOT_ABLE_TO_WATER
40.13,9.56,50.33,7.46,49.28,157285.8,0.15,30.48,35.79,LOW_TEMP_ALERT
34.12,5.04,85.03,4.7,100.0,0.0,0.0,36.32,33.78,NOT_ABLE_TO_WATER
84.66,39.7,82.37,42.17,79.64,0.0,0.0,86.24,32.0,NOT_ABLE_TO_VENTILATE
73.7,29.59,78.68,28.22,91.89,157285.8,5.5,79.09,25.92,OK
48.28,41.26,35.22,43.57,30.81,0.0,0.0,48.54,28.16,NOT_ABLE_TO_VENTILATE
31.24,12.79,86.04,9.22,98.53,6252.8,0.72,32.42,30.66,NOT_ABLE_TO_WATER
77.11,34.54,55.14,33.11,42.81,9993.94,0.07,77.93,25.74,LOW_LIGHT
33.92,25.38,16.98,25.25,18.64,0.0,0.0,76.65,27.05,NOT_ABLE_TO_WATER
39.86,29.69,84.21,25.8,88.35,14412.31,0.96,50.64,30.02,NOT_ABLE_TO_WATER
100.0,23.01,47.17,21.18,50.66,0.0,0.0,93.18,39.84,NIGHT_OK
64.88,29.62,20.87,23.4,18.06,5593.4,0.71,56.27,36.77,LOW_LIGHT
94.69,24.36,22.0,21.39,36.93,0.0,0.0,93.03,43.27,NIGHT_OK
13.65,10.94,87.32,10.98,90.74,0.0,0.0,10.58,33.31,NOT_ABLE_TO_WATER
41.11,31.49,34.26,30.38,41.88,0.0,0.0,38.83,28.24,NIGHT_OK
16.43,24.22,89.16,19.39,83.26,157285.8,4.91,59.58,30.05,WATER
48.01,34.62,78.03,32.53,91.18,0.0,0.0,38.44,25.92,NIGHT_OK
14.91,22.43,23.35,19.46,42.41,0.0,0.0,47.85,27.81,NOT_ABLE_TO_WATER
34.81,29.65,74.13,24.53,84.07,27882.89,0.77,30.07,29.03,NOT_ABLE_TO_WATER
92.58,22.14,16.15,21.48,21.52,157285.8,6.15,88.11,31.68,OK
0.81,24.37,49.43,21.18,52.28,8242.68,0.21,62.61,33.56,NOT_ABLE_TO_WATER
79.75,31.9,18.12,30.0,25.54,0.0,0.0,78.16,30.49,NIGHT_OK
86.25,35.67,27.16,36.58,31.48,22084.28,0.31,93.3,45.9,ANOMALY_DETECTED
89.95,11.09,93.5,12.7,100.0,149188.68,4.62,88.14,28.76,LOW_TEMP_ALERT
54.52,8.31,45.86,9.17,52.89,0.0,0.0,56.29,29.04,LOW_TEMP_ALERT
14.96,20.7,23.2,18.63,23.75,95464.53,4.09,13.85,27.97,WATER
57.4,44.55,79.2,45.04,69.4,0.0,0.0,57.04,31.8,NOT_ABLE_TO_VENTILATE
49.51,6.21,51.11,4.79,50.83,0.0,0.0,52.59,28.63,LOW_TEMP_ALERT
48.29,33.99,31.38,32.29,45.94,0.0,0.0,51.59,30.62,NIGHT_OK
32.52,22.4,30.54,22.57,41.91,2398.77,0.0,73.62,33.87,NOT_ABLE_TO_WATER
33.42,17.72,54.14,15.58,72.29,74705.44,3.19,28.3,27.9,WATER
43.14,14.87,20.52,13.6,12.31,0.0,0.0,46.38,24.0,LOW_TEMP_ALERT
15.29,19.23,48.83,18.2,50.8,38633.88,1.59,57.38,37.12,ANOMALY_DETECTED
79.53,12.01,50.43,10.57,52.3,0.0,0.0,29.4,32.37,FUNGI_ALERT_EXCESS_WATER
94.31,23.01,68.37,20.23,81.05,5780.73,0.42,77.77,27.53,FUNGI_ALERT_EXCESS_WATER
62.19,20.85,53.23,18.7,66.29,157285.8,4.02,61.23,36.77,OK
83.28,42.54,30.52,43.26,34.92,39183.67,1.41,35.05,28.6,EXCESS_WATER
55.76,21.83,86.75,15.87,94.01,123795.64,3.16,64.6,27.57,OK
90.93,39.25,17.38,32.19,27.69,12638.04,0.73,88.66,32.2,HYDRIC_STRESS_ALERT
65.74,18.67,25.75,14.45,29.54,0.0,0.0,73.95,34.19,LOW_TEMP_ALERT
4.42,44.7,79.46,43.47,79.61,2880.15,0.38,77.85,30.03,NOT_ABLE_TO_WATER
89.11,8.05,77.08,6.26,84.54,72462.55,3.09,89.21,32.71,LOW_TEMP_ALERT
25.54,20.77,32.49,17.94,30.07,157285.8,5.65,47.92,40.93,ANOMALY_DETECTED
14.6,22.22,94.69,20.96,87.84,0.0,0.0,46.88,25.24,NOT_ABLE_TO_WATER
92.33,43.57,17.54,40.43,23.86,157285.8,6.21,63.77,29.03,EXCESS_WATER
78.65,36.18,71.45,35.9,77.34,8960.52,0.0,43.64,28.98,FUNGI_ALERT_EXCESS_WATER
30.93,36.14,48.51,30.38,39.93,157285.8,5.35,39.2,28.8,WATER
19.92,15.54,36.85,13.03,49.82,0.0,0.0,42.12,29.3,NOT_ABLE_TO_WATER
75.95,15.33,58.85,14.82,57.27,447.39,0.5,56.14,32.18,EXCESS_WATER
52.45,14.93,64.6,13.25,74.85,157285.8,0.12,56.3,28.57,LOW_TEMP_ALERT
69.18,7.1,68.52,4.76,69.14,0.0,0.0,72.71,27.94,LOW_TEMP_ALERT
48.44,33.43,66.29,32.42,53.38,0.0,0.0,35.88,39.21,FUNGI_ALERT_EXCESS_WATER
53.89,36.15,21.73,38.63,15.36,157285.8,5.25,55.44,32.59,VENTILATE
55.4,6.02,85.07,1.62,92.07,157285.8,4.81,54.85,31.97,LOW_TEMP_ALERT
13.4,42.4,34.14,38.14,23.66,122421.07,3.56,20.72,29.44,WATER
85.13,16.8,78.75,15.43,87.7,157285.8,4.73,84.59,34.23,OK
52.73,18.05,53.99,16.2,56.75,0.0,0.0,52.3,30.16,NIGHT_OK
33.7,14.32,33.78,15.96,51.15,26876.57,1.14,34.27,35.58,NOT_ABLE_TO_WATER
80.49,15.44,60.58,15.91,74.37,157285.8,4.71,84.17,28.83,OK
23.06,25.6,40.85,25.13,39.0,157285.8,5.84,24.72,35.47,WATER
49.91,24.15,17.92,20.51,26.92,157285.8,4.52,52.83,30.36,OK
84.96,5.11,45.85,5.2,47.85,157285.8,6.32,90.95,32.27,LOW_TEMP_ALERT
55.78,13.95,63.06,9.0,74.39,4905.52,0.37,63.08,30.92,LOW_TEMP_ALERT
30.36,33.95,53.52,33.53,70.7,1667.04,0.0,39.18,26.71,NOT_ABLE_TO_WATER
6.55,35.96,76.62,33.41,80.51,157285.8,4.73,15.31,27.02,WATER
59.81,27.92,66.09,27.17,77.53,157285.8,5.51,60.99,40.32,ANOMALY_DETECTED
80.72,36.83,21.28,37.82,34.88,157285.8,5.44,77.74,27.14,VENTILATE
47.16,34.67,59.69,34.12,74.47,6927.4,0.08,89.77,28.76,NOT_ABLE_TO_WATER
93.3,24.19,56.47,21.15,56.36,56085.55,1.39,44.51,37.55,ANOMALY_DETECTED
14.08,11.11,41.37,7.54,34.91,8727.48,0.0,17.72,33.03,NOT_ABLE_TO_WATER
87.53,11.47,81.63,10.68,80.27,0.0,0.0,87.22,33.84,LOW_TEMP_ALERT
42.76,38.72,93.75,35.32,100.0,0.0,0.0,85.2,30.98,NOT_ABLE_TO_WATER
56.6,16.83,23.38,14.57,22.47,157285.8,4.49,64.6,29.29,LOW_TEMP_ALERT
91.84,39.8,41.88,37.8,43.23,157285.8,0.05,20.63,30.77,EXCESS_WATER
32.82,10.64,22.53,9.54,27.71,79584.15,2.62,37.4,27.37,WATER
21.17,37.81,74.63,33.49,72.51,0.0,0.0,73.25,33.14,NOT_ABLE_TO_WATER
79.57,15.73,34.5,14.18,41.77,0.0,0.0,69.89,30.02,LOW_TEMP_ALERT
83.06,10.28,81.66,10.34,92.24,157285.8,5.04,80.86,29.56,LOW_TEMP_ALERT
92.17,24.69,60.77,25.92,62.25,0.0,0.0,38.09,29.76,FUNGI_ALERT_EXCESS_WATER
64.43,17.39,71.04,17.85,79.94,157285.8,5.19,71.17,33.26,OK
69.83,32.25,24.97,30.37,18.57,123420.5,3.57,64.3,27.21,OK
64.45,37.77,77.87,37.38,84.87,8795.13,0.0,67.14,30.58,NOT_ABLE_TO_VENTILATE
49.89,27.7,85.52,29.38,87.82,0.0,0.0,50.29,29.3,NIGHT_OK
10.95,10.65,69.01,9.15,83.1,109182.51,4.17,12.09,33.86,WATER
36.07,11.04,73.73,9.38,74.31,142274.53,4.43,53.77,31.04,WATER
99.05,40.56,52.01,40.04,47.84,0.0,0.0,94.42,37.32,NOT_ABLE_TO_VENTILATE
26.07,32.4,78.0,32.68,88.09,0.0,0.0,29.1,41.01,NOT_ABLE_TO_WATER
37.13,20.33,52.93,16.56,48.85,74235.38,2.78,69.57,30.83,WATER
74.55,22.19,19.18,19.73,26.43,33781.95,0.29,41.91,32.24,EXCESS_WATER
53.03,25.72,77.7,26.59,86.42,0.0,0.0,50.12,32.69,NIGHT_OK
50.93,38.24,27.53,35.1,30.65,0.0,0.0,49.77,29.67,HYDRIC_STRESS_ALERT
95.2,42.1,34.83,41.51,41.4,157285.8,4.39,90.81,24.0,VENTILATE
16.58,30.45,61.56,27.69,51.28,88108.55,3.47,42.29,27.17,WATER
81.96,34.13,55.4,33.64,74.32,3035.09,0.02,76.89,32.37,LOW_LIGHT
92.11,6.08,31.45,9.52,40.82,0.0,0.0,84.7,29.41,LOW_TEMP_ALERT
86.08,32.53,88.92,29.38,96.19,157285.8,0.01,90.75,32.92,OK
31.35,36.76,60.32,39.72,60.21,110721.03,3.46,27.89,27.44,WATER
6.44,37.59,16.22,39.17,19.71,0.0,0.0,68.62,37.65,NOT_ABLE_TO_WATER
98.33,11.87,45.94,10.31,55.28,157285.8,4.7,21.73,24.0,EXCESS_WATER
48.53,15.52,45.43,15.53,68.93,157285.8,5.29,11.24,41.28,ANOMALY_DETECTED
12.58,18.15,80.37,16.42,94.17,157285.8,5.48,12.14,27.52,WATER
17.79,32.69,70.67,33.46,70.12,0.0,0.0,70.39,27.74,NOT_ABLE_TO_WATER
82.08,42.28,54.67,36.88,59.35,157285.8,5.46,78.08,27.26,VENTILATE
47.47,23.03,41.88,22.03,54.41,0.0,0.0,47.19,25.12,NIGHT_OK
29.75,8.87,20.21,6.56,15.93,643.86,0.1,29.21,26.52,NOT_ABLE_TO_WATER
67.68,5.47,62.31,0.0,67.63,157285.8,4.88,73.2,25.71,LOW_TEMP_ALERT
15.64,26.5,55.5,27.1,68.08,157285.8,6.78,27.34,32.6,WATER
61.91,40.78,35.76,40.78,36.86,0.0,0.0,58.57,36.89,NOT_ABLE_TO_VENTILATE
68.31,17.22,94.7,12.03,100.0,55022.8,1.69,63.34,29.43,LOW_TEMP_ALERT
76.43,40.01,19.16,40.05,27.02,157285.8,6.04,28.59,30.18,EXCESS_WATER
87.44,30.45,49.36,30.0,51.32,157285.8,5.49,84.55,25.85,OK
65.44,37.43,68.28,37.91,77.71,157285.8,5.44,83.03,30.38,WATER
66.73,25.59,71.39,21.81,76.05,0.0,0.0,49.86,27.02,FUNGI_ALERT_EXCESS_WATER
33.43,18.3,51.71,16.13,59.17,56840.53,1.86,10.5,29.45,NOT_ABLE_TO_WATER
27.42,38.7,49.5,35.11,43.6,0.0,0.0,63.27,33.85,NOT_ABLE_TO_WATER
21.37,26.88,35.09,29.49,34.6,157285.8,5.29,20.45,33.66,WATER
21.29,36.44,87.79,34.62,100.0,0.0,0.0,28.18,26.42,NOT_ABLE_TO_WATER
34.8,9.81,20.02,8.55,21.46,157285.8,5.07,26.38,35.77,WATER
42.6,12.12,24.39,9.21,27.47,157285.8,5.41,40.83,35.35,LOW_TEMP_ALERT
34.08,37.38,80.12,35.43,88.88,0.0,0.0,33.1,nan,INSUFFICIENT_DATA
14.67,29.68,48.32,30.6,43.36,0.0,0.0,43.78,31.65,NOT_ABLE_TO_WATER
42.19,27.1,38.72,26.83,42.37,7408.78,0.18,39.28,29.3,LOW_LIGHT
97.58,13.07,27.97,14.29,34.99,157285.8,4.57,45.11,44.78,ANOMALY_DETECTED
54.84,42.59,85.15,41.22,86.33,157285.8,4.89,65.67,25.96,WATER
1.82,44.76,37.76,40.59,37.88,157285.8,4.91,12.67,30.25,WATER
43.92,21.02,93.49,21.48,96.83,54372.39,2.01,37.42,41.91,ANOMALY_DETECTED
43.61,31.01,55.19,28.51,54.48,0.0,0.0,86.94,27.96,NOT_ABLE_TO_WATER
51.99,37.23,45.69,38.64,46.89,0.0,0.0,63.62,34.41,NOT_ABLE_TO_WATER
86.61,39.57,78.85,35.2,81.8,157285.8,5.62,83.72,28.78,VENTILATE
27.24,22.78,50.17,18.01,64.22,0.0,0.0,23.95,31.9,NOT_ABLE_TO_WATER
34.61,31.01,30.17,29.24,32.87,0.0,0.0,60.17,33.95,NOT_ABLE_TO_WATER
63.69,23.67,92.39,20.19,100.0,157285.8,4.5,27.75,31.62,FUNGI_ALERT_EXCESS_WATER
51.25,19.83,15.22,18.21,23.25,9502.67,0.13,44.69,34.2,LOW_LIGHT
92.71,19.46,47.33,15.86,51.51,0.0,0.0,86.88,27.92,NIGHT_OK
41.27,13.22,37.29,13.6,28.92,0.0,0.0,39.61,34.05,LOW_TEMP_ALERT
70.98,43.2,22.53,40.58,21.99,nan,4.1,62.84,39.28,INSUFFICIENT_DATA
54.42,44.1,20.25,42.21,14.38,157285.8,5.53,51.38,29.35,HYDRIC_STRESS_ALERT
55.3,16.18,48.75,17.5,44.19,5520.61,0.13,17.95,26.41,EXCESS_WATER
76.18,29.21,94.12,25.43,100.0,0.0,0.0,21.4,27.8,FUNGI_ALERT_EXCESS_WATER
97.08,9.87,50.28,6.31,61.25,157285.8,6.13,94.08,31.32,LOW_TEMP_ALERT
50.7,37.96,94.96,32.42,100.0,0.0,0.0,34.08,32.71,FUNGI_ALERT_EXCESS_WATER
39.47,20.51,50.67,17.05,47.36,0.0,0.0,35.7,24.78,NOT_ABLE_TO_WATER
9.21,43.78,19.52,42.62,10.6,157285.8,6.02,12.13,31.77,WATER
77.37,22.29,21.1,19.45,20.27,9791.81,0.21,81.26,27.31,LOW_LIGHT
59.92,16.84,36.1,15.26,48.16,157285.8,4.78,60.76,28.92,OK
80.66,5.26,87.54,2.62,94.28,1784.53,0.13,81.6,26.31,LOW_TEMP_ALERT
32.19,26.36,85.08,24.09,77.03,9975.99,0.0,28.9,40.59,ANOMALY_DETECTED
13.71,39.89,89.79,37.02,100.0,3014.32,0.34,22.5,29.53,NOT_ABLE_TO_WATER
78.14,36.73,68.34,36.96,73.26,142586.4,4.22,28.39,32.17,EXCESS_WATER
65.71,7.49,21.96,9.29,31.96,17000.13,0.25,86.77,25.28,NOT_ABLE_TO_WATER
85.54,41.8,87.86,40.49,80.38,0.0,0.0,91.6,29.66,NOT_ABLE_TO_VENTILATE
72.56,5.16,60.75,2.51,77.01,157285.8,4.48,59.9,24.87,EXCESS_WATER
15.2,36.45,31.51,36.53,38.6,0.0,0.0,17.33,27.74,NOT_ABLE_TO_WATER
25.18,42.15,34.59,39.27,47.38,157285.8,6.46,21.84,33.42,WATER
66.83,17.45,54.11,17.05,55.79,125051.14,4.81,11.77,32.85,EXCESS_WATER
32.99,34.62,56.08,28.26,55.92,157285.8,6.29,36.84,31.49,WATER
54.87,25.2,28.1,25.83,44.55,154229.44,5.49,50.0,31.42,OK
91.79,9.9,28.2,8.86,36.73,157285.8,5.23,64.42,33.89,EXCESS_WATER
26.63,23.08,31.35,25.06,34.68,0.0,0.0,64.18,35.1,NOT_ABLE_TO_WATER
79.51,21.61,49.35,20.29,57.48,84459.31,3.09,73.77,35.81,OK
70.5,44.49,91.05,45.44,100.0,0.0,0.0,71.67,27.65,NOT_ABLE_TO_VENTILATE
51.68,30.0,73.82,31.26,79.44,157285.8,0.03,67.14,34.32,NOT_ABLE_TO_WATER
20.66,36.64,35.62,37.39,29.56,157285.8,4.52,82.54,28.9,WATER
67.93,33.52,28.99,27.98,37.6,157285.8,4.5,62.28,28.68,OK
17.05,5.45,88.55,4.24,74.95,157285.8,4.94,19.29,25.39,WATER
77.99,7.54,83.09,9.47,84.45,0.0,0.0,28.59,24.79,FUNGI_ALERT_EXCESS_WATER
30.75,30.41,26.6,29.28,39.79,157285.8,5.35,38.24,28.28,WATER
4.59,43.56,91.22,41.04,97.31,61276.64,2.3,22.94,33.26,WATER
55.4,22.87,71.21,19.17,78.39,0.0,0.0,52.17,32.03,NIGHT_OK
55.17,8.27,65.04,5.06,73.42,44095.47,1.8,53.45,33.29,LOW_TEMP_ALERT
68.66,31.16,50.14,33.38,57.37,31116.2,1.4,71.6,24.0,OK
34.28,33.44,77.19,29.81,79.31,7626.45,0.64,30.17,26.46,NOT_ABLE_TO_WATER
nan,14.69,83.1,12.38,98.68,156501.6,4.48,62.54,28.26,INSUFFICIENT_DATA
15.22,6.92,44.73,3.11,42.66,25579.57,0.9,58.74,36.94,NOT_ABLE_TO_WATER
49.78,23.73,65.37,22.65,94.84,0.0,0.0,75.58,29.71,NOT_ABLE_TO_WATER
46.21,24.02,26.79,21.62,32.45,157285.8,nan,41.54,29.96,INSUFFICIENT_DATA
28.95,23.83,22.15,21.08,23.6,0.0,0.0,36.26,27.98,NOT_ABLE_TO_WATER
49.79,18.75,25.57,14.15,42.29,2634.08,0.0,77.57,31.05,NOT_ABLE_TO_WATER
41.76,22.67,66.31,21.37,71.9,0.0,0.0,32.47,34.94,NIGHT_OK
11.97,9.58,51.32,6.88,67.93,21462.86,0.46,20.3,33.51,NOT_ABLE_TO_WATER
89.82,11.02,39.56,12.84,39.11,7436.7,0.23,94.63,31.71,LOW_TEMP_ALERT
64.34,8.86,68.35,7.8,72.98,0.0,0.0,62.76,29.95,LOW_TEMP_ALERT
70.57,43.22,45.83,40.12,47.44,157285.8,5.61,29.39,30.11,EXCESS_WATER
90.96,34.97,66.72,34.65,81.38,0.0,0.0,84.85,39.74,NIGHT_OK
65.94,30.78,80.28,29.8,94.18,48015.5,1.17,40.0,31.72,FUNGI_ALERT_EXCESS_WATER
79.86,20.68,35.92,20.58,24.64,52247.35,1.87,79.14,29.13,OK
70.55,10.04,26.31,8.69,43.49,0.0,0.0,64.08,26.87,LOW_TEMP_ALERT
33.88,27.39,64.54,25.59,65.58,0.0,0.0,10.29,24.0,NOT_ABLE_TO_WATER
19.58,38.47,65.66,36.46,59.73,0.0,0.0,38.75,44.65,NOT_ABLE_TO_WATER
27.36,41.21,68.66,40.19,69.04,157285.8,5.12,33.63,32.47,WATER
89.3,35.2,90.9,32.4,100.0,157285.8,5.01,90.77,29.62,OK
16.53,18.25,77.62,20.03,89.85,90016.68,3.77,17.25,28.72,WATER
87.63,31.06,68.57,29.33,76.83,18723.56,0.32,85.43,24.0,OK
15.19,nan,93.74,36.04,96.41,157285.8,4.67,22.94,25.77,INSUFFICIENT_DATA
13.01,17.95,38.11,18.06,36.38,8617.55,0.0,15.78,26.74,NOT_ABLE_TO_WATER
99.19,27.68,19.32,26.87,24.7,0.0,0.0,16.16,28.63,FUNGI_ALERT_EXCESS_WATER
27.46,25.47,23.59,27.76,25.89,62689.96,1.55,23.57,35.73,NOT_ABLE_TO_WATER
36.59,36.0,60.88,32.37,56.97,0.0,0.0,46.05,32.39,NOT_ABLE_TO_WATER
97.44,7.61,23.32,8.07,19.97,136584.79,4.61,93.69,31.27,LOW_TEMP_ALERT
9.44,32.87,85.71,32.34,92.38,0.0,0.0,47.1,24.0,NOT_ABLE_TO_WATER
84.58,15.83,73.84,17.52,76.83,41431.71,1.11,77.81,28.72,OK
85.7,28.99,56.73,28.43,72.84,157285.8,5.31,82.02,25.55,OK
86.25,21.36,39.44,18.36,21.25,0.0,0.0,79.54,28.73,NIGHT_OK
98.11,28.68,87.65,29.01,100.0,0.0,0.0,25.96,30.04,FUNGI_ALERT_EXCESS_WATER
31.34,15.9,45.79,16.87,56.6,0.0,0.0,33.79,42.84,NOT_ABLE_TO_WATER
32.62,39.23,56.65,37.68,48.18,65031.93,2.13,40.13,31.03,WATER
35.76,37.47,81.31,34.3,77.71,91221.46,0.05,62.51,27.14,NOT_ABLE_TO_WATER
68.66,23.37,35.11,22.34,35.28,157285.8,6.08,68.88,36.16,OK
40.98,nan,76.09,7.44,71.25,7119.96,0.34,50.89,35.06,INSUFFICIENT_DATA
53.58,41.59,58.8,37.52,58.83,62375.4,2.22,50.67,29.25,NOT_ABLE_TO_VENTILATE
60.28,29.16,67.87,28.71,78.23,19167.91,1.18,55.49,31.08,OK
34.73,42.36,23.32,39.34,36.91,0.0,0.0,37.6,27.33,NOT_ABLE_TO_WATER
80.63,6.03,24.4,0.95,20.73,22304.25,0.48,75.37,30.46,LOW_TEMP_ALERT
80.81,9.1,75.07,6.96,91.22,0.0,0.0,15.49,31.31,FUNGI_ALERT_EXCESS_WATER
23.13,33.37,33.86,33.06,33.73,157285.8,5.57,37.42,32.77,WATER
16.31,8.05,91.75,5.49,97.4,157285.8,5.55,33.75,30.35,WATER
84.27,23.5,24.85,22.83,23.04,0.0,0.0,66.29,35.91,FUNGI_ALERT_EXCESS_WATER
63.17,23.15,72.59,19.12,72.32,0.0,0.0,72.27,27.05,NIGHT_OK
80.61,35.33,66.41,34.07,79.07,157285.8,4.35,27.66,24.6,EXCESS_WATER
56.07,18.51,24.52,14.1,32.64,0.0,0.0,80.1,28.4,NOT_ABLE_TO_WATER
59.99,37.4,85.39,37.51,86.51,157285.8,5.82,58.06,24.0,VENTILATE
60.73,10.88,86.4,9.06,90.85,22787.07,0.71,61.67,30.22,LOW_TEMP_ALERT
72.32,6.8,41.6,4.98,41.45,0.0,0.0,47.83,25.9,FUNGI_ALERT_EXCESS_WATER
77.03,32.0,84.29,29.29,88.66,157285.8,5.79,77.98,29.96,OK
96.42,35.79,88.72,35.94,100.0,9160.88,0.0,69.16,34.44,FUNGI_ALERT_EXCESS_WATER
75.67,26.47,90.27,26.71,97.66,157285.8,4.35,69.85,33.0,OK
84.92,33.31,31.9,35.04,38.24,157285.8,5.43,82.11,30.34,OK
49.61,36.63,69.39,34.15,65.93,157285.8,5.69,43.89,32.59,OK
65.89,36.82,42.86,36.77,51.78,157285.8,0.01,89.75,26.95,NOT_ABLE_TO_WATER
41.02,17.69,50.63,15.82,38.65,1704.92,0.0,38.55,34.84,LOW_LIGHT
76.62,12.36,68.73,12.6,71.7,0.0,0.0,76.4,33.13,LOW_TEMP_ALERT
32.35,12.09,25.73,11.65,25.22,0.0,0.0,38.21,36.64,NOT_ABLE_TO_WATER
30.74,39.45,19.46,40.73,27.7,0.0,0.0,35.35,32.19,NOT_ABLE_TO_WATER
64.38,13.2,88.88,12.31,94.09,47839.79,1.95,17.37,31.48,FUNGI_ALERT_EXCESS_WATER
18.68,15.13,63.68,12.75,69.98,157285.8,5.19,21.47,30.81,WATER
71.93,12.25,15.89,12.11,17.75,0.0,0.0,73.76,32.09,LOW_TEMP_ALERT
26.46,16.79,88.48,17.1,90.54,157285.8,5.62,26.31,28.73,WATER
92.37,30.44,28.89,31.12,34.1,0.0,0.0,80.62,24.0,FUNGI_ALERT_EXCESS_WATER
60.75,43.95,49.54,42.64,58.55,21700.35,0.52,63.35,28.56,NOT_ABLE_TO_VENTILATE
29.5,19.62,25.19,18.65,30.47,0.0,0.0,80.75,33.8,NOT_ABLE_TO_WATER
59.27,36.41,86.06,37.02,93.09,0.0,0.0,62.88,24.0,NOT_ABLE_TO_VENTILATE
88.54,17.82,53.41,15.4,67.05,36556.0,2.11,93.03,36.09,OK
38.54,34.82,58.3,31.48,52.17,0.0,0.0,36.31,28.53,NOT_ABLE_TO_WATER
22.61,9.01,47.25,8.63,43.63,0.0,0.0,69.48,28.59,NOT_ABLE_TO_WATER
91.31,39.9,76.95,37.47,77.14,4314.37,0.31,86.0,28.14,NOT_ABLE_TO_VENTILATE
78.54,13.61,32.68,9.74,21.5,157285.8,5.28,75.42,30.82,LOW_TEMP_ALERT
68.78,38.44,79.1,33.33,86.01,48209.61,1.14,nan,26.75,INSUFFICIENT_DATA
32.07,18.42,60.72,14.09,68.9,14908.48,0.98,40.38,27.07,NOT_ABLE_TO_WATER
16.37,34.92,57.6,35.98,57.05,82638.83,2.5,13.44,24.4,WATER
66.41,23.3,91.94,nan,71.76,43978.67,1.89,70.81,30.3,INSUFFICIENT_DATA
64.88,27.31,80.76,25.73,90.21,1178.31,0.08,60.61,28.16,LOW_LIGHT
69.02,42.51,65.24,37.1,63.73,9952.11,0.0,27.11,24.27,EXCESS_WATER
91.93,13.81,81.42,10.58,90.01,3028.79,0.17,90.49,29.48,LOW_TEMP_ALERT
36.6,16.51,53.37,15.39,62.88,0.0,0.0,21.98,29.94,NOT_ABLE_TO_WATER
40.68,36.18,60.57,32.59,60.06,0.0,0.0,19.58,31.62,FUNGI_ALERT_EXCESS_WATER
47.93,17.38,18.0,13.17,14.73,8842.75,0.55,50.88,30.07,LOW_TEMP_ALERT
31.2,16.93,22.95,13.53,23.79,0.0,0.0,30.27,32.67,NOT_ABLE_TO_WATER
28.46,27.31,68.62,25.21,59.69,157285.8,5.74,79.36,28.68,WATER
78.96,24.4,64.81,18.67,68.04,157285.8,6.35,62.23,30.94,EXCESS_WATER
98.35,30.88,28.53,28.57,35.02,110904.08,2.9,82.14,27.87,EXCESS_WATER
32.22,23.69,51.6,25.97,52.97,0.0,0.0,43.91,41.64,NOT_ABLE_TO_WATER
7.97,8.01,60.88,5.18,55.89,157285.8,5.5,50.54,30.32,WATER
14.73,14.57,93.1,13.16,89.76,9355.07,0.0,14.14,33.43,NOT_ABLE_TO_WATER
73.21,6.48,85.45,2.6,90.6,15492.23,0.37,78.19,40.89,ANOMALY_DETECTED
63.29,38.94,48.02,41.97,55.58,759.23,0.24,63.79,32.98,NOT_ABLE_TO_VENTILATE
74.06,33.71,67.04,30.94,71.04,46105.7,2.01,74.69,29.21,OK
26.64,20.27,66.09,20.6,80.35,43214.7,1.75,37.73,36.33,NOT_ABLE_TO_WATER
18.23,37.61,90.03,36.66,100.0,147545.43,5.44,18.89,37.53,ANOMALY_DETECTED
22.5,25.44,15.42,22.53,24.22,116526.89,4.3,29.42,41.89,ANOMALY_DETECTED
95.08,36.67,62.59,39.05,66.17,157285.8,5.28,91.93,40.08,ANOMALY_DETECTED
21.46,36.58,78.06,38.32,91.94,0.0,0.0,19.08,36.94,NOT_ABLE_TO_WATER
76.25,15.81,72.23,14.92,61.79,118788.98,4.61,69.62,31.64,LOW_TEMP_ALERT
87.11,30.29,34.63,26.33,37.93,0.0,0.0,87.47,27.73,NIGHT_OK
16.46,10.29,93.12,7.39,100.0,157285.8,5.06,17.19,27.38,WATER
46.44,12.82,21.96,10.58,16.3,110400.65,4.59,30.93,34.67,EXCESS_WATER
12.07,38.94,88.35,37.66,100.0,7664.34,0.29,25.91,28.3,NOT_ABLE_TO_WATER
27.46,25.41,76.0,24.24,97.08,9464.92,0.0,20.2,29.37,NOT_ABLE_TO_WATER
65.51,23.81,81.67,19.16,80.16,0.0,0.0,68.74,32.37,NIGHT_OK
26.99,29.99,45.03,31.11,53.22,0.0,0.0,34.69,31.05,NOT_ABLE_TO_WATER
66.06,33.76,20.67,28.5,36.18,0.0,0.0,43.88,36.79,FUNGI_ALERT_EXCESS_WATER
79.07,31.26,85.43,28.75,82.97,0.0,0.0,75.93,26.43,NIGHT_OK
71.67,21.46,56.4,16.88,69.24,157285.8,5.28,83.44,29.21,WATER
10.63,25.73,83.71,24.9,92.0,128822.66,5.3,19.31,34.84,WATER
34.22,12.28,75.14,12.66,70.15,4941.05,0.2,34.35,31.45,NOT_ABLE_TO_WATER
31.92,10.76,17.95,6.82,nan,8019.0,0.0,22.15,35.37,INSUFFICIENT_DATA
16.68,29.38,22.15,22.54,35.29,120165.98,4.55,12.29,30.34,WATER
14.85,43.33,60.93,39.7,53.68,157285.8,5.79,19.14,28.64,WATER
31.7,22.17,25.65,18.63,29.75,157285.8,4.95,29.42,33.23,WATER
69.7,7.33,83.06,4.98,93.33,157285.8,4.75,14.37,43.06,ANOMALY_DETECTED
15.17,30.51,26.33,31.16,35.83,157285.8,5.92,16.81,29.82,WATER
73.77,14.27,92.04,14.15,91.76,157285.8,4.65,77.01,31.59,LOW_TEMP_ALERT
53.65,24.09,91.74,19.34,92.73,0.0,0.0,42.92,38.15,FUNGI_ALERT_EXCESS_WATER
31.49,31.69,65.58,28.82,63.1,0.0,0.0,28.28,35.49,NOT_ABLE_TO_WATER
44.13,42.46,29.06,44.28,41.33,0.0,0.0,89.64,33.75,NOT_ABLE_TO_WATER
92.17,7.84,82.27,5.87,83.19,0.0,0.0,84.23,27.12,LOW_TEMP_ALERT
59.82,40.77,65.13,41.11,60.24,93234.72,0.08,59.15,30.96,NOT_ABLE_TO_VENTILATE
78.4,27.09,23.44,27.97,22.53,157285.8,4.65,79.98,37.06,ANOMALY_DETECTED
86.56,9.38,21.27,7.88,29.64,6880.22,0.27,28.68,31.35,EXCESS_WATER
93.71,35.22,28.67,30.13,18.83,34570.43,0.83,88.53,28.11,OK
23.94,5.82,17.43,1.77,25.36,138446.29,0.01,38.44,30.21,NOT_ABLE_TO_WATER
42.25,26.36,86.99,27.8,89.2,0.0,0.0,44.03,29.39,NIGHT_OK
48.67,19.42,64.85,16.66,55.9,0.0,0.0,51.13,34.39,NIGHT_OK
29.54,6.23,68.92,2.54,77.27,157285.8,5.72,31.77,29.57,WATER
52.76,23.95,17.55,19.97,19.34,111558.31,2.76,52.07,30.75,OK
71.38,22.14,57.97,18.99,57.87,30234.05,0.41,65.92,38.05,ANOMALY_DETECTED
20.1,31.29,44.97,30.67,51.51,0.0,0.0,23.6,30.47,NOT_ABLE_TO_WATER
56.2,37.32,55.02,38.13,43.75,0.0,0.0,64.86,33.16,NOT_ABLE_TO_VENTILATE
49.13,14.34,93.09,14.15,100.0,0.0,0.0,50.94,26.7,LOW_TEMP_ALERT
20.02,7.54,42.58,6.14,48.56,98294.27,0.11,79.01,29.37,NOT_ABLE_TO_WATER
63.39,33.12,44.09,30.28,52.92,0.0,0.0,61.58,30.01,NIGHT_OK
6.69,44.11,43.36,42.28,45.15,157285.8,6.5,51.67,44.66,ANOMALY_DETECTED
71.0,19.76,20.65,17.6,38.15,14727.42,0.33,71.71,29.88,OK
7.51,25.05,81.02,26.1,93.92,0.0,0.0,73.94,31.71,NOT_ABLE_TO_WATER
39.96,25.71,16.04,25.14,27.62,0.0,0.0,93.53,26.41,NOT_ABLE_TO_WATER
16.75,41.78,80.64,41.4,81.14,157285.8,6.05,26.46,33.25,WATER
99.09,35.44,45.92,33.87,55.49,0.0,0.0,17.52,34.59,FUNGI_ALERT_EXCESS_WATER
54.64,23.9,41.18,21.88,43.36,616.86,0.41,31.24,36.15,EXCESS_WATER
63.16,19.1,67.49,15.82,70.45,157285.8,4.58,70.35,25.22,OK
24.02,6.49,49.1,5.3,59.23,0.0,0.0,76.08,28.47,NOT_ABLE_TO_WATER
9.56,40.69,91.52,39.97,98.34,157285.8,6.1,12.25,28.06,WATER
76.32,7.03,40.4,6.96,40.51,0.0,0.0,93.19,33.86,LOW_TEMP_ALERT
57.9,33.11,34.75,32.98,33.6,0.0,0.0,52.65,31.74,NIGHT_OK
92.05,13.69,30.33,15.87,24.82,121428.88,4.11,90.68,30.79,OK
56.13,7.27,23.42,3.52,27.02,157285.8,5.97,53.07,27.67,LOW_TEMP_ALERT
49.38,19.93,22.71,11.57,38.61,157285.8,4.5,54.37,28.79,LOW_TEMP_ALERT
99.53,40.63,55.14,35.94,78.51,110850.53,3.97,93.0,40.84,ANOMALY_DETECTED
87.96,11.45,85.39,8.89,100.0,157285.8,5.82,91.75,31.22,LOW_TEMP_ALERT
98.54,13.3,38.79,10.89,47.17,0.0,0.0,92.96,31.01,LOW_TEMP_ALERT
55.42,17.73,87.17,16.97,85.31,0.0,0.0,13.35,35.24,FUNGI_ALERT_EXCESS_WATER
43.05,10.23,28.76,9.74,45.29,0.0,0.0,28.65,24.0,FUNGI_ALERT_EXCESS_WATER
26.36,35.44,53.67,34.19,37.06,27234.71,0.15,25.76,31.89,NOT_ABLE_TO_WATER
18.93,6.49,77.18,3.45,75.82,0.0,0.0,86.4,24.0,NOT_ABLE_TO_WATER
30.22,21.73,90.02,21.88,100.0,34612.27,0.1,37.23,34.63,NOT_ABLE_TO_WATER
75.42,5.44,45.12,nan,53.17,127260.23,3.83,91.95,29.05,INSUFFICIENT_DATA
28.57,42.53,26.64,43.18,39.73,61460.3,2.09,21.32,33.78,WATER
13.15,40.4,82.71,41.2,89.21,157285.8,5.63,12.7,29.59,WATER
33.25,23.45,18.97,23.36,23.33,0.0,0.0,36.69,35.9,NOT_ABLE_TO_WATER
36.92,15.85,87.14,13.02,81.44,54263.8,1.65,77.93,30.79,NOT_ABLE_TO_WATER
20.54,17.08,78.73,16.88,82.45,0.0,0.0,15.73,33.53,NOT_ABLE_TO_WATER
47.63,26.98,76.34,26.82,77.12,0.0,0.0,46.01,29.11,NIGHT_OK
40.89,32.77,17.35,31.98,29.92,0.0,0.0,32.57,27.93,NIGHT_OK
68.1,7.0,56.81,5.25,66.26,157285.8,4.64,72.15,35.08,LOW_TEMP_ALERT
88.54,36.09,41.82,31.25,43.37,157285.8,5.69,90.19,28.75,OK
76.83,16.69,50.44,12.79,55.49,157285.8,4.98,16.27,27.99,EXCESS_WATER
95.79,8.7,48.45,8.55,48.94,157285.8,4.84,83.82,33.71,EXCESS_WATER
79.25,40.53,66.04,40.62,66.06,0.0,0.0,82.32,28.2,NOT_ABLE_TO_VENTILATE
12.52,35.9,69.38,37.73,89.63,45131.08,1.16,67.31,29.27,NOT_ABLE_TO_WATER
70.92,6.5,69.61,2.08,74.34,6454.45,0.55,73.83,28.12,LOW_TEMP_ALERT
63.32,27.99,24.83,26.64,32.63,157285.8,4.99,68.03,27.15,OK
38.01,5.58,16.19,4.18,20.74,0.0,0.0,19.18,31.29,NOT_ABLE_TO_WATER
18.98,27.84,56.12,26.62,62.28,8817.14,0.31,20.1,32.02,NOT_ABLE_TO_WATER
73.47,21.0,21.21,18.5,11.25,157285.8,4.05,62.35,32.81,EXCESS_WATER
56.23,13.7,91.62,13.5,100.0,19141.24,0.95,52.02,35.07,LOW_TEMP_ALERT
40.83,43.93,32.75,42.61,25.76,0.0,0.0,48.28,33.7,NOT_ABLE_TO_VENTILATE
nan,22.93,79.77,18.93,80.11,42414.95,1.43,17.36,26.32,INSUFFICIENT_DATA
34.71,31.01,38.67,31.44,38.71,0.0,0.0,53.02,30.29,NOT_ABLE_TO_WATER
48.27,43.26,19.81,41.38,17.26,0.0,0.0,69.09,nan,INSUFFICIENT_DATA
77.22,19.27,75.07,20.0,85.94,91340.91,3.02,71.22,28.78,OK
69.58,13.09,82.9,13.12,95.5,4842.09,0.54,71.5,31.4,LOW_TEMP_ALERT
9.21,26.97,59.25,23.89,64.79,157285.8,4.89,49.81,29.78,WATER
12.75,37.42,80.34,35.68,100.0,0.0,0.0,11.91,34.24,NOT_ABLE_TO_WATER
15.95,19.86,62.36,19.46,67.82,43426.89,0.12,17.29,30.16,NOT_ABLE_TO_WATER
66.29,22.06,46.79,20.75,61.73,0.0,0.0,61.39,27.74,NIGHT_OK
37.13,8.66,nan,7.07,96.57,0.0,0.0,44.14,30.1,INSUFFICIENT_DATA
71.88,25.13,66.29,24.64,81.5,157285.8,5.33,69.62,45.67,ANOMALY_DETECTED
55.58,39.29,94.26,37.33,100.0,86814.2,2.36,10.2,31.4,FUNGI_ALERT_EXCESS_WATER
67.43,25.95,82.79,23.84,91.54,157285.8,5.41,23.44,34.23,FUNGI_ALERT_EXCESS_WATER
63.22,36.85,91.91,33.67,100.0,157285.8,5.75,62.64,30.95,OK
74.45,33.48,72.4,32.51,75.14,0.0,0.0,75.44,41.68,NIGHT_OK
70.7,44.44,55.98,46.6,76.34,157285.8,4.7,47.65,43.05,ANOMALY_DETECTED
37.3,27.37,76.11,25.4,81.96,0.0,0.0,37.04,29.33,NOT_ABLE_TO_WATER
95.11,12.53,71.51,nan,80.98,0.0,0.0,72.86,34.19,INSUFFICIENT_DATA
43.4,5.58,15.07,4.86,12.92,40967.11,1.21,40.89,27.61,LOW_TEMP_ALERT
77.08,28.85,77.46,22.51,86.78,134215.13,4.13,80.45,30.04,OK
81.23,42.02,39.37,40.58,32.65,0.0,0.0,78.12,31.02,NOT_ABLE_TO_VENTILATE
8.96,33.42,16.7,31.41,16.52,75222.19,1.86,14.36,27.46,NOT_ABLE_TO_WATER
84.81,36.23,20.54,34.6,34.35,157285.8,5.0,80.49,37.18,ANOMALY_DETECTED
97.03,20.09,62.98,18.21,71.46,157285.8,5.79,73.09,32.55,EXCESS_WATER
67.04,31.87,35.62,31.13,52.14,0.0,0.0,20.55,37.89,FUNGI_ALERT_EXCESS_WATER
33.94,12.65,19.69,9.63,29.56,0.0,0.0,32.8,34.83,NOT_ABLE_TO_WATER
63.17,22.59,16.53,20.13,31.12,36796.54,1.62,44.8,26.96,EXCESS_WATER
15.67,30.99,41.87,28.98,50.89,157285.8,5.97,12.82,25.25,WATER
50.45,30.77,94.54,31.71,81.49,0.0,0.0,32.04,34.13,FUNGI_ALERT_EXCESS_WATER
13.61,14.5,78.31,11.26,72.91,157285.8,4.89,58.79,25.57,WATER
46.78,15.75,15.47,16.02,29.83,16573.57,0.66,48.91,27.07,OK
68.19,34.82,87.16,29.72,95.14,55394.11,1.46,59.57,31.75,OK
64.89,11.26,32.72,9.15,49.52,157285.8,4.37,81.99,32.56,WATER
13.82,29.02,59.05,27.95,61.59,7773.95,0.02,10.28,36.1,NOT_ABLE_TO_WATER
63.35,20.67,77.99,19.52,82.54,0.0,0.0,67.1,34.35,NIGHT_OK
11.99,10.53,60.24,9.53,69.24,46357.43,1.7,45.88,31.83,NOT_ABLE_TO_WATER
92.19,23.43,29.84,20.4,26.77,77611.56,2.82,72.27,34.54,EXCESS_WATER
64.85,10.2,82.68,7.98,90.87,107708.99,3.02,87.24,26.01,WATER
27.56,19.47,17.49,16.61,21.43,72203.34,2.46,53.67,28.85,WATER
1.97,12.18,79.68,9.21,87.71,157285.8,4.11,69.1,32.21,WATER
7.97,11.79,39.9,11.25,35.23,10238.74,0.39,10.41,34.61,NOT_ABLE_TO_WATER
75.97,32.69,49.21,31.49,49.52,84821.83,2.75,nan,29.31,INSUFFICIENT_DATA
72.15,29.38,21.44,27.91,13.97,157285.8,4.93,24.72,27.8,EXCESS_WATER
56.7,10.94,90.29,11.82,90.2,157285.8,5.11,16.51,37.8,ANOMALY_DETECTED
99.2,21.97,88.57,17.98,83.34,44433.03,1.86,90.76,24.95,OK
27.15,26.12,92.49,19.66,94.16,157285.8,4.5,21.98,32.08,WATER
84.32,40.63,38.99,39.29,47.47,157285.8,5.53,82.75,32.84,VENTILATE
73.76,31.84,52.07,30.38,46.63,157285.8,3.82,30.74,32.8,EXCESS_WATER
92.59,35.24,93.87,31.07,98.16,9881.3,0.53,49.7,25.51,FUNGI_ALERT_EXCESS_WATER
17.03,43.62,25.86,37.07,25.38,157285.8,4.39,12.81,34.44,WATER
82.51,20.03,29.67,21.61,28.58,3822.02,0.19,75.99,35.03,LOW_LIGHT
44.12,14.84,41.13,16.26,56.15,0.0,0.0,48.2,33.22,NIGHT_OK
58.76,35.1,18.83,32.79,21.86,35287.82,1.4,57.28,32.9,OK
83.79,33.43,60.38,28.25,66.68,0.0,0.0,65.75,27.32,FUNGI_ALERT_EXCESS_WATER
14.49,36.27,25.36,33.19,36.34,67867.8,2.49,93.86,40.32,ANOMALY_DETECTED
26.09,18.98,57.18,21.23,57.15,0.0,0.0,29.9,32.87,NOT_ABLE_TO_WATER
35.63,35.26,32.83,35.79,35.02,157285.8,5.12,40.77,27.21,WATER
81.02,40.23,57.88,43.34,70.6,15029.26,0.29,78.78,30.3,NOT_ABLE_TO_VENTILATE
64.43,34.44,48.29,29.99,45.48,2878.02,0.16,47.35,31.06,EXCESS_WATER
33.65,26.91,61.68,26.41,69.01,157285.8,5.54,31.87,31.76,WATER
25.48,33.61,48.5,29.94,50.5,0.0,0.0,42.18,24.0,NOT_ABLE_TO_WATER
6.93,13.91,77.13,13.29,83.48,0.0,0.0,77.79,24.61,NOT_ABLE_TO_WATER
97.95,42.73,67.18,41.04,66.21,78925.16,0.11,43.06,35.52,EXCESS_WATER
43.8,16.87,91.87,12.9,85.96,157285.8,5.1,49.02,24.0,LOW_TEMP_ALERT
18.76,35.48,93.04,33.91,100.0,0.0,0.0,20.39,27.44,NOT_ABLE_TO_WATER
41.97,29.43,86.56,30.08,93.32,0.0,0.0,66.89,28.14,NOT_ABLE_TO_WATER
54.52,11.7,48.01,7.28,45.38,0.0,0.0,55.42,33.28,LOW_TEMP_ALERT
76.35,31.44,28.29,30.03,31.67,8820.93,0.05,30.89,28.85,EXCESS_WATER
27.86,41.78,24.39,42.49,24.84,157285.8,4.73,22.11,30.38,WATER
40.56,8.97,18.6,7.76,19.86,0.0,0.0,38.66,27.32,LOW_TEMP_ALERT
73.18,26.39,42.89,25.45,48.99,0.0,0.0,77.26,28.09,NIGHT_OK
47.28,25.38,22.77,22.5,32.6,0.0,0.0,47.24,37.67,NIGHT_OK
33.07,30.26,62.5,29.47,63.58,157285.8,6.18,31.09,28.03,WATER
83.75,39.86,60.56,39.31,71.87,157285.8,5.4,68.81,27.89,EXCESS_WATER
74.92,22.99,18.73,21.25,20.94,157285.8,4.48,73.4,30.57,OK
21.25,26.03,84.7,26.36,95.23,5643.78,0.0,25.54,24.88,NOT_ABLE_TO_WATER
66.55,22.32,63.03,20.59,56.21,157285.8,4.57,64.6,28.35,OK
58.88,33.67,37.94,30.03,35.23,0.0,0.0,39.0,30.81,FUNGI_ALERT_EXCESS_WATER
3.87,19.84,18.82,18.7,21.05,0.0,0.0,72.92,37.45,NOT_ABLE_TO_WATER
65.39,9.16,52.87,8.67,42.62,0.0,0.0,67.37,25.32,LOW_TEMP_ALERT
80.88,38.23,91.82,36.62,100.0,0.0,0.0,82.35,30.18,NOT_ABLE_TO_VENTILATE
26.0,43.07,72.16,44.96,78.58,0.0,0.0,20.01,42.55,NOT_ABLE_TO_WATER
54.51,36.68,45.57,33.14,51.96,21337.13,0.96,50.47,28.65,OK
77.54,18.55,94.32,15.44,94.94,157285.8,5.27,14.28,25.25,FUNGI_ALERT_EXCESS_WATER
24.77,40.44,23.36,37.88,24.04,157285.8,4.86,48.67,32.04,WATER
37.89,37.63,45.92,34.55,60.65,157285.8,5.32,33.69,33.93,WATER
79.6,30.27,34.41,30.51,48.03,21616.02,0.47,80.92,29.26,OK
36.59,33.03,71.08,32.35,68.0,157285.8,4.72,41.09,35.68,WATER
84.85,35.58,73.68,35.01,85.46,0.0,0.0,68.84,24.0,FUNGI_ALERT_EXCESS_WATER
58.5,41.07,91.5,42.27,97.98,48921.77,1.59,55.84,31.39,NOT_ABLE_TO_VENTILATE
87.6,18.55,66.39,15.86,66.14,157285.8,5.69,18.85,31.71,EXCESS_WATER
72.11,31.33,55.67,29.83,41.48,155947.65,5.5,72.73,28.48,OK
28.42,31.62,34.32,28.63,35.83,25725.08,0.94,20.21,26.55,NOT_ABLE_TO_WATER
39.74,11.09,55.24,6.63,65.84,0.0,0.0,47.6,27.02,NOT_ABLE_TO_WATER
70.66,44.36,51.96,38.11,46.76,0.0,0.0,64.01,26.12,NOT_ABLE_TO_VENTILATE
22.99,18.54,30.01,15.32,34.0,31195.92,1.13,68.55,29.52,NOT_ABLE_TO_WATER
10.98,28.1,35.78,29.34,41.61,9427.63,0.07,21.8,31.69,NOT_ABLE_TO_WATER
52.22,30.1,81.37,29.17,75.57,12098.79,0.04,39.3,29.47,FUNGI_ALERT_EXCESS_WATER
66.29,34.43,86.37,33.12,100.0,157285.8,5.45,65.91,37.91,ANOMALY_DETECTED
75.62,36.72,77.64,33.7,69.83,41541.3,1.7,82.18,25.44,OK
43.99,9.81,61.9,6.75,69.59,0.0,0.0,50.08,30.07,LOW_TEMP_ALERT
73.2,31.96,66.29,29.28,74.04,153899.43,4.4,87.12,25.54,WATER
26.98,44.42,94.69,42.65,87.35,0.0,0.0,26.93,40.34,NOT_ABLE_TO_WATER
42.21,26.11,81.82,23.07,96.16,25867.85,1.05,31.71,29.49,FUNGI_ALERT_EXCESS_WATER
2.22,8.94,55.32,10.48,55.11,70121.99,2.42,12.08,33.84,WATER
47.36,27.51,57.58,23.81,42.75,0.0,0.0,94.45,32.36,NOT_ABLE_TO_WATER
92.93,33.65,46.64,34.98,54.78,144822.6,6.37,94.12,35.16,OK
90.72,44.33,83.96,44.73,91.03,7144.59,0.22,89.47,30.12,NOT_ABLE_TO_VENTILATE
22.06,24.07,43.96,22.28,41.58,0.0,0.0,21.31,31.72,NOT_ABLE_TO_WATER
28.3,33.88,19.69,34.08,25.11,0.0,0.0,29.3,32.33,NOT_ABLE_TO_WATER
38.55,40.35,71.5,39.25,85.35,0.0,0.0,20.51,28.91,NOT_ABLE_TO_WATER
10.71,23.67,92.2,23.26,100.0,0.0,0.0,81.32,30.42,NOT_ABLE_TO_WATER
64.33,39.45,60.87,39.85,85.8,0.0,0.0,71.87,27.49,NOT_ABLE_TO_VENTILATE
67.79,26.53,21.33,27.25,29.49,0.0,0.0,40.42,37.01,FUNGI_ALERT_EXCESS_WATER
53.28,33.12,63.57,33.61,58.9,0.0,0.0,57.53,29.12,NIGHT_OK
57.49,42.94,43.69,37.57,55.24,157285.8,6.07,64.92,24.0,VENTILATE
25.21,27.05,64.19,24.94,64.13,0.0,0.0,94.08,35.53,NOT_ABLE_TO_WATER
27.03,35.6,40.57,36.49,50.51,26137.55,0.79,24.98,28.86,NOT_ABLE_TO_WATER
33.88,34.66,78.59,32.39,70.01,157285.8,5.36,36.58,30.47,WATER
84.05,26.42,89.6,25.16,99.52,0.0,0.0,93.83,32.24,NIGHT_OK
70.62,7.94,41.63,3.95,45.84,0.0,0.0,23.45,35.5,FUNGI_ALERT_EXCESS_WATER
16.96,37.1,73.18,34.73,65.73,157285.8,5.09,10.01,27.63,WATER
37.16,43.23,53.24,36.56,58.66,157285.8,5.82,40.54,28.73,WATER
88.01,11.18,76.1,9.15,79.68,0.0,0.0,75.2,42.01,FUNGI_ALERT_EXCESS_WATER
63.79,9.6,51.7,9.14,59.67,0.0,0.0,63.67,24.0,LOW_TEMP_ALERT
91.22,6.33,25.66,3.57,32.34,157285.8,5.18,13.35,34.37,EXCESS_WATER
15.86,9.31,58.15,9.24,61.51,157285.8,0.12,17.23,31.77,NOT_ABLE_TO_WATER
76.94,35.77,85.12,34.5,82.02,157285.8,5.39,35.25,28.55,FUNGI_ALERT_EXCESS_WATER
53.33,5.04,82.64,3.64,78.62,157285.8,4.97,28.4,29.02,FUNGI_ALERT_EXCESS_WATER
4.49,32.04,78.26,31.77,77.5,0.0,0.0,15.8,36.67,NOT_ABLE_TO_WATER
12.51,34.39,23.24,32.81,28.78,54794.3,2.62,13.61,33.7,WATER
26.04,23.38,49.15,23.27,59.94,135913.34,3.76,15.91,33.56,WATER
49.68,11.17,71.67,10.18,67.15,34793.58,1.39,51.19,28.34,LOW_TEMP_ALERT
95.41,22.21,68.32,18.39,75.1,0.0,0.0,12.98,24.84,FUNGI_ALERT_EXCESS_WATER
84.7,20.87,23.35,19.27,41.39,0.0,0.0,76.57,32.56,NIGHT_OK
37.67,15.01,91.4,14.87,91.89,0.0,0.0,35.12,31.56,NOT_ABLE_TO_WATER
18.42,16.99,56.67,11.49,46.77,0.0,0.0,14.75,31.44,NOT_ABLE_TO_WATER
98.85,14.35,67.66,15.55,66.43,11853.33,0.74,92.36,28.03,OK
9.96,7.89,28.02,5.57,29.01,58703.64,2.28,16.47,41.06,ANOMALY_DETECTED
19.29,19.05,24.27,17.16,32.51,157285.8,5.42,12.88,28.06,WATER
65.93,41.2,67.83,37.21,71.31,0.0,0.0,60.04,25.04,NOT_ABLE_TO_VENTILATE
32.99,23.66,46.18,22.44,49.02,0.0,0.0,30.77,24.0,NOT_ABLE_TO_WATER
93.85,36.1,27.69,37.82,31.47,157285.8,3.64,93.28,24.14,VENTILATE
13.59,10.41,46.17,6.76,33.82,1639.85,0.16,15.62,27.0,NOT_ABLE_TO_WATER
18.28,31.64,36.24,32.13,47.03,157285.8,4.7,78.0,27.84,WATER
75.53,20.39,44.42,20.59,47.19,0.0,0.0,62.51,29.93,FUNGI_ALERT_EXCESS_WATER
22.97,14.98,39.76,15.18,48.57,0.0,0.0,69.76,28.3,NOT_ABLE_TO_WATER
29.47,7.48,40.13,6.16,39.28,157285.8,5.75,29.64,26.73,WATER
12.32,20.51,29.36,16.96,30.3,0.0,0.0,23.85,31.29,NOT_ABLE_TO_WATER
68.65,42.24,28.28,40.36,39.12,2486.09,0.21,71.19,31.13,HYDRIC_STRESS_ALERT
64.74,17.44,25.78,15.57,35.74,157285.8,4.67,66.84,33.23,OK
17.34,15.33,28.61,15.04,30.87,157285.8,5.58,58.91,27.07,WATER
87.85,43.1,44.96,41.0,68.13,56404.16,1.93,72.84,26.7,EXCESS_WATER
39.77,20.52,25.35,18.94,24.27,157285.8,5.8,68.19,27.85,WATER
68.18,20.72,90.46,20.3,100.0,0.0,0.0,65.38,40.2,NIGHT_OK
65.81,24.68,89.19,22.69,98.85,0.0,0.0,71.93,37.31,NIGHT_OK
14.38,27.56,55.84,29.82,69.38,0.0,0.0,43.58,25.88,NOT_ABLE_TO_WATER
23.72,36.19,46.98,32.56,60.71,157285.8,4.05,58.94,28.34,WATER
50.25,25.04,15.44,24.76,26.69,157285.8,5.09,46.79,26.78,OK
87.53,19.33,65.78,18.77,69.95,0.0,0.0,87.89,32.54,NIGHT_OK
83.56,26.2,77.34,22.58,82.95,0.0,0.0,31.33,29.66,FUNGI_ALERT_EXCESS_WATER
76.25,17.33,42.29,17.58,46.71,7149.2,0.36,74.44,27.27,LOW_LIGHT
0.88,43.84,50.42,43.88,66.61,0.0,0.0,38.38,30.08,NOT_ABLE_TO_WATER
62.65,5.85,93.7,nan,92.82,0.0,0.0,55.14,32.68,INSUFFICIENT_DATA
91.0,23.07,23.65,19.16,51.54,27826.53,0.32,93.79,35.65,OK
57.99,11.32,42.45,12.13,46.35,2243.35,0.5,72.49,25.45,NOT_ABLE_TO_WATER
9.41,41.49,72.35,38.95,83.83,0.0,0.0,60.5,31.28,NOT_ABLE_TO_WATER
29.24,36.12,38.8,34.49,35.85,44020.91,0.06,68.11,30.2,NOT_ABLE_TO_WATER
6.77,9.62,18.3,12.09,19.64,157285.8,5.13,83.28,31.78,WATER
30.21,21.69,44.4,20.54,47.79,0.0,0.0,63.69,31.47,NOT_ABLE_TO_WATER
70.61,24.99,57.83,24.61,58.1,0.0,0.0,90.32,29.52,NOT_ABLE_TO_WATER
18.34,40.38,38.92,39.57,57.57,157285.8,4.67,21.02,26.4,WATER
32.99,17.03,41.63,16.36,47.09,4764.71,0.0,29.86,27.53,NOT_ABLE_TO_WATER
12.66,24.07,37.68,21.23,38.06,5043.92,0.0,17.41,27.32,NOT_ABLE_TO_WATER
28.63,26.12,59.52,28.71,65.2,157285.8,5.09,44.92,29.12,WATER
17.41,28.13,66.74,26.21,79.67,157285.8,5.85,16.69,37.5,ANOMALY_DETECTED
80.4,39.07,20.9,37.9,33.6,5189.32,0.05,77.47,26.91,HYDRIC_STRESS_ALERT
75.96,37.96,80.63,37.75,65.2,26067.26,0.89,77.98,25.54,NOT_ABLE_TO_VENTILATE
24.73,13.77,42.66,nan,48.41,157285.8,0.0,21.81,29.1,INSUFFICIENT_DATA
75.11,35.69,17.33,33.62,43.78,1676.41,0.09,31.49,27.22,EXCESS_WATER
87.64,24.2,42.36,25.27,49.86,0.0,0.0,28.41,27.83,FUNGI_ALERT_EXCESS_WATER
81.27,42.76,61.57,38.55,72.05,157285.8,4.53,87.85,41.08,ANOMALY_DETECTED
44.81,13.08,84.33,13.09,93.94,157285.8,5.2,45.6,37.97,ANOMALY_DETECTED
72.43,6.46,82.03,2.14,92.52,34296.45,0.87,74.14,31.3,LOW_TEMP_ALERT
79.1,40.13,88.62,39.04,87.77,157285.8,3.98,81.11,36.99,VENTILATE
80.02,33.43,42.59,33.92,44.86,0.0,0.0,48.92,39.38,FUNGI_ALERT_EXCESS_WATER
34.65,39.23,93.49,36.27,97.99,8106.74,0.37,26.09,31.23,NOT_ABLE_TO_WATER
43.63,29.65,91.8,26.68,95.56,45219.65,1.9,44.96,33.68,OK
50.96,25.8,38.04,24.19,43.66,157285.8,5.89,47.37,26.72,OK
69.43,8.64,45.93,4.97,45.81,139455.09,4.07,65.58,29.0,LOW_TEMP_ALERT
24.76,24.18,56.75,23.25,54.76,157285.8,4.78,17.51,24.0,WATER
11.61,14.32,24.65,13.3,25.24,51161.64,2.43,15.06,28.42,WATER
34.06,41.44,81.65,38.59,90.49,48989.09,1.34,26.84,31.25,NOT_ABLE_TO_WATER
27.9,23.3,53.69,24.32,58.19,0.0,0.0,35.58,29.93,NOT_ABLE_TO_WATER
8.87,41.29,94.82,42.17,97.36,32091.18,0.88,13.58,35.93,NOT_ABLE_TO_WATER
31.73,10.75,80.79,6.89,95.53,157285.8,5.01,35.96,31.7,WATER
36.91,43.23,60.44,38.71,66.39,297.04,0.05,35.96,27.14,NOT_ABLE_TO_WATER
5.38,32.43,19.19,28.48,15.32,0.0,0.0,22.52,28.3,NOT_ABLE_TO_WATER
54.78,18.39,59.57,15.81,64.46,532.74,0.0,55.95,30.77,LOW_LIGHT
53.4,40.38,81.24,37.66,88.9,126437.7,4.81,61.91,27.4,VENTILATE
62.09,17.93,33.91,14.35,42.56,111128.67,3.88,58.75,33.98,LOW_TEMP_ALERT
33.6,13.34,37.95,nan,35.84,157285.8,5.03,89.22,32.5,INSUFFICIENT_DATA
31.14,36.4,74.66,31.49,99.37,157285.8,4.52,31.18,42.81,ANOMALY_DETECTED
49.71,20.86,43.68,19.24,49.82,157285.8,4.93,56.38,32.82,OK
20.41,37.93,35.13,36.38,47.66,91642.96,2.8,13.78,30.15,WATER
40.82,9.16,67.66,5.63,77.57,0.0,0.0,13.08,30.28,FUNGI_ALERT_EXCESS_WATER
10.13,43.68,34.75,40.01,46.23,3874.43,0.67,31.29,24.89,NOT_ABLE_TO_WATER
46.61,10.38,79.81,9.21,94.94,4503.16,0.51,45.86,35.53,LOW_TEMP_ALERT
27.49,42.57,48.14,40.25,34.49,127124.43,3.56,29.28,36.7,WATER
58.02,39.28,61.84,40.07,61.15,0.0,0.0,55.01,38.09,NOT_ABLE_TO_VENTILATE
9.23,28.39,88.93,21.38,92.19,3704.77,0.0,10.31,44.58,ANOMALY_DETECTED
89.44,10.8,31.6,11.56,35.1,31873.71,0.78,20.53,29.04,EXCESS_WATER
91.51,38.68,41.0,36.58,42.11,1072.49,0.72,84.03,27.11,NOT_ABLE_TO_VENTILATE
79.88,43.06,39.25,41.95,43.77,157285.8,5.42,75.03,25.45,VENTILATE
44.41,18.31,64.52,16.29,61.49,2464.31,0.0,42.69,27.48,LOW_LIGHT
66.92,11.55,46.24,9.31,46.85,157285.8,0.1,29.94,26.98,EXCESS_WATER
80.23,41.2,39.22,39.51,50.9,59286.64,1.93,34.44,nan,INSUFFICIENT_DATA
64.65,14.86,30.81,15.29,23.39,157285.8,5.67,63.75,26.64,OK
57.24,39.64,22.52,39.16,11.94,0.0,0.0,53.34,31.86,HYDRIC_STRESS_ALERT
83.82,22.64,43.06,21.83,49.3,0.0,0.0,84.94,26.72,NIGHT_OK
86.49,25.5,65.03,25.93,73.77,0.0,0.0,74.87,26.32,FUNGI_ALERT_EXCESS_WATER
29.81,25.03,78.64,24.36,92.14,0.0,0.0,27.49,32.1,NOT_ABLE_TO_WATER
44.64,26.92,78.85,27.0,95.2,0.0,0.0,43.04,29.43,NIGHT_OK
25.97,10.73,58.88,6.48,62.42,114011.02,4.03,31.44,27.0,WATER
39.25,40.2,81.52,37.69,75.84,157285.8,4.48,41.08,30.99,WATER
18.76,41.15,65.79,40.87,68.18,1691.2,0.0,43.05,28.36,NOT_ABLE_TO_WATER
18.81,41.45,54.63,41.66,81.72,19895.24,0.28,91.22,32.3,NOT_ABLE_TO_WATER
76.41,17.24,88.48,16.85,93.45,13445.76,0.12,75.21,33.66,OK
65.57,17.13,66.09,13.61,71.3,85679.29,3.0,94.02,29.02,WATER
4.39,23.09,51.26,24.07,44.97,130865.69,4.38,68.33,32.39,WATER
38.74,35.95,68.16,33.55,65.71,157285.8,3.97,40.97,30.6,WATER
86.05,32.1,34.65,30.7,31.79,58065.79,2.03,78.68,24.0,OK
24.97,18.3,23.16,16.74,30.82,157285.8,6.12,23.84,33.99,WATER
9.75,20.25,90.4,20.71,87.9,78623.16,2.09,10.72,29.57,WATER
76.9,6.01,65.66,2.0,65.31,39561.38,1.7,22.15,24.0,EXCESS_WATER
56.05,33.53,26.84,30.0,17.52,0.0,0.0,53.29,27.99,NIGHT_OK
7.44,17.06,93.77,15.98,94.87,0.0,0.0,64.29,33.6,NOT_ABLE_TO_WATER
86.89,44.54,25.5,39.15,37.34,31758.39,0.34,87.59,32.16,HYDRIC_STRESS_ALERT
31.44,13.01,40.15,11.04,55.82,41823.37,2.08,32.44,28.53,WATER
32.24,33.71,88.17,33.68,100.0,157285.8,3.96,36.74,28.65,WATER
52.87,28.87,65.37,28.24,63.8,28707.72,0.74,54.7,31.53,OK
0.64,16.05,61.39,18.44,69.41,157285.8,5.73,16.19,41.37,ANOMALY_DETECTED
27.21,38.65,42.1,40.12,37.87,0.0,0.0,79.96,44.91,NOT_ABLE_TO_WATER
88.85,18.83,73.95,18.98,88.37,157285.8,6.05,33.05,32.74,FUNGI_ALERT_EXCESS_WATER
48.18,39.0,68.23,38.69,77.71,0.0,0.0,44.63,27.71,NOT_ABLE_TO_VENTILATE
85.79,35.12,25.56,31.53,30.89,6251.76,0.26,86.0,35.91,LOW_LIGHT
46.74,28.52,55.35,31.58,50.03,952.52,0.74,50.3,31.06,LOW_LIGHT
27.07,23.18,78.0,23.54,91.98,2149.98,0.62,27.49,43.52,ANOMALY_DETECTED
7.19,19.35,88.36,21.13,83.03,0.0,0.0,56.86,30.65,NOT_ABLE_TO_WATER
97.52,9.88,61.33,5.69,77.08,135782.62,6.13,93.42,24.0,LOW_TEMP_ALERT
55.27,28.02,86.27,30.6,87.32,15414.59,0.62,30.35,25.97,FUNGI_ALERT_EXCESS_WATER
43.68,34.71,45.79,32.12,45.44,157285.8,5.57,44.56,24.9,OK
41.88,24.76,27.9,25.75,44.09,0.0,0.0,50.41,32.11,NIGHT_OK
24.89,27.51,75.89,21.88,94.27,157285.8,5.26,31.82,44.88,ANOMALY_DETECTED
55.61,28.28,52.88,25.21,67.93,92240.95,3.75,52.04,44.63,ANOMALY_DETECTED
89.28,18.03,19.0,17.69,23.86,48028.6,1.21,92.07,35.48,OK
83.18,21.81,52.33,22.6,65.17,460.55,0.0,35.29,30.15,EXCESS_WATER
26.57,7.45,87.99,6.86,91.44,0.0,0.0,34.67,28.41,NOT_ABLE_TO_WATER
2.04,13.29,19.89,9.58,31.39,18800.62,0.57,11.31,31.48,NOT_ABLE_TO_WATER
60.71,35.56,17.9,33.35,24.18,0.0,0.0,78.57,30.49,NOT_ABLE_TO_WATER
76.47,39.97,63.48,37.58,66.93,0.0,0.0,82.6,32.41,NOT_ABLE_TO_VENTILATE
71.4,21.46,65.05,19.09,62.95,141703.6,4.53,68.96,30.06,OK
1.03,25.75,77.0,22.82,71.39,0.0,0.0,76.66,30.36,NOT_ABLE_TO_WATER
64.1,31.25,32.39,31.5,48.3,157285.8,4.9,48.36,29.16,EXCESS_WATER
43.07,27.26,82.06,23.37,83.86,16183.38,0.37,13.26,27.75,FUNGI_ALERT_EXCESS_WATER
62.26,32.05,62.95,30.03,67.64,6799.69,0.0,54.54,30.97,LOW_LIGHT
23.26,7.94,49.25,8.5,55.82,0.0,0.0,21.37,31.66,NOT_ABLE_TO_WATER
11.14,20.41,71.99,16.92,79.29,0.0,0.0,18.79,29.96,NOT_ABLE_TO_WATER
84.32,19.76,90.25,17.97,96.28,128376.54,4.95,26.93,31.55,FUNGI_ALERT_EXCESS_WATER
61.8,20.1,71.8,22.58,89.4,0.0,0.0,23.96,29.83,FUNGI_ALERT_EXCESS_WATER
23.65,12.71,90.5,8.28,94.74,157285.8,6.0,71.72,30.91,WATER
99.6,22.59,61.0,21.85,59.43,0.0,0.0,11.09,29.78,FUNGI_ALERT_EXCESS_WATER
49.47,22.35,73.46,20.58,61.8,0.0,0.0,35.55,25.04,FUNGI_ALERT_EXCESS_WATER
8.81,31.67,32.39,31.03,44.11,157285.8,5.5,68.75,29.96,WATER
74.71,20.05,72.7,17.98,90.6,157285.8,5.75,63.35,28.47,FUNGI_ALERT_EXCESS_WATER
95.29,26.3,61.38,29.1,72.32,132092.13,3.51,44.6,34.86,EXCESS_WATER
27.57,40.45,56.28,38.38,58.36,153452.11,5.62,53.01,30.19,WATER
67.6,41.77,59.25,43.8,52.09,36284.17,1.07,45.26,28.98,EXCESS_WATER
55.9,7.87,47.66,7.39,51.03,42861.95,1.58,58.15,31.15,LOW_TEMP_ALERT
18.2,24.25,77.35,21.01,90.22,157285.8,5.03,65.66,31.13,WATER
55.58,16.41,61.73,14.17,64.17,157285.8,5.15,91.23,31.3,WATER
16.21,24.42,84.84,23.12,91.29,157285.8,4.91,17.94,34.55,WATER
26.92,14.96,42.18,9.99,46.34,20094.56,1.86,32.11,24.0,NOT_ABLE_TO_WATER
35.4,37.66,92.13,35.71,85.64,43156.3,1.31,29.68,32.57,NOT_ABLE_TO_WATER
69.23,5.15,24.92,4.62,21.27,157285.8,6.14,63.76,37.68,ANOMALY_DETECTED
90.71,20.04,94.81,17.07,97.23,14381.98,0.69,13.47,28.18,FUNGI_ALERT_EXCESS_WATER
72.16,18.88,75.86,15.63,78.69,4365.87,1.06,55.31,33.68,FUNGI_ALERT_EXCESS_WATER
89.85,15.35,81.37,17.5,95.07,23331.24,0.32,84.78,27.4,OK
69.77,32.14,74.9,33.65,96.95,4608.79,0.0,77.78,26.02,LOW_LIGHT
80.19,5.6,16.64,3.67,39.58,0.0,0.0,71.98,29.91,LOW_TEMP_ALERT
77.18,8.79,79.58,8.11,87.43,0.0,0.0,78.92,24.0,LOW_TEMP_ALERT
22.75,28.96,74.79,26.15,88.48,0.0,0.0,83.88,30.9,NOT_ABLE_TO_WATER
35.34,nan,53.63,15.48,63.94,157285.8,4.9,45.78,25.02,INSUFFICIENT_DATA
35.78,16.24,53.99,14.42,61.11,157285.8,5.23,94.84,28.01,WATER
55.22,18.02,15.77,17.67,33.94,0.0,0.0,91.04,32.58,NOT_ABLE_TO_WATER
33.47,24.68,59.9,25.31,50.47,6240.76,0.53,36.81,33.91,NOT_ABLE_TO_WATER
84.81,22.72,36.36,19.57,40.53,0.0,0.0,84.93,31.09,NIGHT_OK
36.89,24.67,85.53,23.43,81.86,0.0,0.0,32.57,26.82,NOT_ABLE_TO_WATER
51.21,30.13,48.98,27.19,49.85,8009.54,0.0,53.88,30.67,LOW_LIGHT
90.32,38.26,73.94,36.74,77.13,157285.8,5.92,84.98,26.92,VENTILATE
69.92,23.9,70.52,25.54,77.56,0.0,0.0,65.64,31.34,NIGHT_OK
88.13,40.2,48.15,40.96,57.19,8849.75,0.82,89.3,29.05,NOT_ABLE_TO_VENTILATE
36.68,9.89,77.72,5.4,73.9,45370.26,1.77,28.35,29.23,NOT_ABLE_TO_WATER
73.99,13.56,54.75,15.0,58.03,26582.41,1.38,23.75,27.43,EXCESS_WATER
98.56,22.84,85.33,19.85,91.61,157285.8,5.44,61.26,34.85,FUNGI_ALERT_EXCESS_WATER
1.32,17.63,nan,18.32,55.93,157285.8,4.97,86.26,32.63,INSUFFICIENT_DATA
28.78,16.44,65.06,15.04,61.89,0.0,0.0,29.27,25.91,NOT_ABLE_TO_WATER
73.39,31.32,80.99,26.98,89.82,38383.79,1.46,71.02,32.03,OK
4.99,11.03,27.15,11.35,29.08,0.0,0.0,79.35,31.07,NOT_ABLE_TO_WATER
29.74,16.07,67.39,11.33,83.1,57085.03,1.8,25.51,30.49,NOT_ABLE_TO_WATER
37.8,40.1,83.26,40.38,85.5,0.0,0.0,81.78,30.0,NOT_ABLE_TO_WATER
98.99,31.41,39.35,28.67,43.72,157285.8,4.97,25.93,27.78,EXCESS_WATER
25.54,43.36,47.49,41.14,38.99,157285.8,6.27,72.63,30.71,WATER
64.56,8.7,20.24,3.96,16.41,2231.37,0.42,71.14,36.23,LOW_TEMP_ALERT
17.0,5.22,76.96,4.28,85.16,17607.5,0.1,28.74,25.89,NOT_ABLE_TO_WATER
73.2,7.25,79.85,4.86,71.95,0.0,0.0,75.16,32.32,LOW_TEMP_ALERT
77.89,8.09,50.06,8.43,49.99,157285.8,4.82,76.04,27.08,LOW_TEMP_ALERT
71.17,44.54,87.95,42.17,94.01,12065.48,0.39,76.27,36.83,NOT_ABLE_TO_VENTILATE
78.34,12.84,67.16,11.46,72.78,157285.8,5.06,87.05,25.43,LOW_TEMP_ALERT
59.14,14.93,87.0,13.01,97.92,0.0,0.0,50.47,31.54,LOW_TEMP_ALERT
29.86,39.26,92.07,36.77,96.16,157285.8,6.45,17.06,24.0,WATER
66.1,9.83,70.77,6.12,83.15,0.0,0.0,66.63,30.92,LOW_TEMP_ALERT
17.41,5.94,92.35,2.51,99.6,1669.56,0.94,16.22,24.0,NOT_ABLE_TO_WATER
65.61,nan,87.12,43.14,90.37,157285.8,4.88,64.66,28.99,INSUFFICIENT_DATA
40.08,26.86,39.03,23.3,54.47,61457.81,1.83,34.68,25.62,OK
90.6,21.75,80.69,21.2,71.36,0.0,0.0,39.88,33.52,FUNGI_ALERT_EXCESS_WATER
89.46,9.99,22.6,7.53,35.22,157285.8,4.36,31.75,31.06,EXCESS_WATER
14.65,38.14,66.43,35.77,65.76,0.0,0.0,77.18,27.41,NOT_ABLE_TO_WATER
23.75,39.26,71.37,37.65,76.81,87943.38,3.0,94.17,40.45,ANOMALY_DETECTED
45.76,16.6,18.43,13.88,12.55,157285.8,4.89,93.27,29.93,WATER
32.18,23.71,31.94,25.96,47.02,157285.8,0.07,36.76,30.89,NOT_ABLE_TO_WATER
15.81,21.26,42.47,18.89,49.33,0.0,0.0,20.63,38.78,NOT_ABLE_TO_WATER
83.19,27.34,78.58,25.25,93.82,157285.8,5.68,87.74,26.93,OK
30.34,18.4,36.54,19.13,33.2,157285.8,0.07,26.12,31.63,NOT_ABLE_TO_WATER
30.98,20.62,47.59,19.95,51.36,0.0,0.0,40.2,30.96,NOT_ABLE_TO_WATER
81.41,24.29,74.95,22.41,85.71,101916.16,3.0,86.8,40.07,ANOMALY_DETECTED
31.43,18.07,37.71,16.75,55.68,19628.77,0.52,30.8,33.84,NOT_ABLE_TO_WATER
26.27,43.64,63.56,39.33,78.67,157285.8,5.54,77.53,31.42,WATER
34.66,16.56,62.38,12.87,67.51,0.0,0.0,36.48,25.01,NOT_ABLE_TO_WATER
82.68,8.07,24.18,3.76,27.26,157285.8,4.37,80.22,24.98,LOW_TEMP_ALERT
60.58,10.5,93.55,9.53,96.74,0.0,0.0,55.8,28.75,LOW_TEMP_ALERT
28.08,36.78,15.4,33.9,10.4,157285.8,4.75,20.66,24.25,WATER
73.52,6.38,76.52,0.19,82.29,0.0,0.0,67.04,24.0,LOW_TEMP_ALERT
85.42,13.34,77.97,10.09,60.83,0.0,0.0,88.95,31.43,LOW_TEMP_ALERT
54.36,40.5,32.04,35.83,25.99,157285.8,0.15,50.6,31.27,NOT_ABLE_TO_VENTILATE
72.4,11.1,69.13,9.88,65.62,72590.59,3.04,68.86,30.24,LOW_TEMP_ALERT
59.21,23.2,18.89,23.66,9.57,26456.4,1.38,57.78,29.4,OK
17.28,13.9,38.14,10.92,33.85,0.0,0.0,12.6,25.69,NOT_ABLE_TO_WATER
19.55,7.56,43.92,7.96,60.45,3983.17,0.0,31.91,24.68,NOT_ABLE_TO_WATER
75.3,35.34,82.15,34.43,89.76,4267.69,0.63,77.24,33.77,LOW_LIGHT
81.15,33.27,56.94,32.65,63.97,157285.8,5.61,37.47,28.67,EXCESS_WATER
64.29,23.85,70.21,25.03,77.36,139655.93,5.15,69.64,33.67,OK
30.16,26.88,47.81,26.05,52.83,157285.8,5.73,32.89,30.16,WATER
27.87,27.92,40.46,25.93,41.36,0.0,0.0,30.46,24.05,NOT_ABLE_TO_WATER
53.08,13.34,58.85,10.16,58.51,143697.65,5.03,59.81,28.63,LOW_TEMP_ALERT
60.41,33.22,65.72,34.08,66.72,56692.2,2.25,32.15,29.93,EXCESS_WATER
86.15,27.23,61.26,23.97,68.29,15709.61,1.19,83.76,25.71,OK
97.29,15.4,57.51,14.22,69.92,0.0,0.0,91.14,27.66,LOW_TEMP_ALERT
18.04,32.36,85.12,29.32,94.18,0.0,0.0,13.31,31.28,NOT_ABLE_TO_WATER
87.62,33.5,48.08,34.09,51.04,157285.8,6.31,19.45,31.6,EXCESS_WATER
29.57,26.48,59.56,25.25,67.48,157285.8,5.22,60.68,26.77,WATER
89.57,12.34,36.74,14.0,27.0,157285.8,6.12,84.34,25.03,LOW_TEMP_ALERT
82.62,28.11,74.25,24.42,65.57,0.0,0.0,75.89,25.91,NIGHT_OK
23.58,40.87,34.46,41.19,35.32,0.0,0.0,22.71,29.77,NOT_ABLE_TO_WATER
39.83,14.77,87.12,17.65,80.26,47569.56,1.25,37.33,26.64,NOT_ABLE_TO_WATER
92.72,10.15,77.74,8.4,83.6,157285.8,4.97,85.5,28.29,LOW_TEMP_ALERT
77.0,8.2,76.65,6.93,84.33,3281.77,0.0,82.05,29.15,LOW_TEMP_ALERT
56.45,13.02,71.64,14.0,80.42,0.0,0.0,82.39,38.14,NOT_ABLE_TO_WATER
61.77,19.91,66.63,16.35,65.0,20386.85,0.43,59.17,32.19,OK
54.18,38.8,20.84,35.33,26.79,0.0,0.0,47.58,24.37,HYDRIC_STRESS_ALERT
69.36,21.09,29.09,25.32,31.18,39620.43,1.57,58.52,26.88,EXCESS_WATER
28.26,23.88,76.97,21.6,71.03,20986.49,0.61,29.81,27.76,NOT_ABLE_TO_WATER
53.85,10.25,54.76,7.24,41.8,3051.41,0.05,57.2,27.57,LOW_TEMP_ALERT
43.13,32.96,42.72,33.05,43.03,157285.8,5.87,20.02,31.73,EXCESS_WATER
39.68,39.87,24.49,37.61,23.97,157285.8,5.66,37.72,27.04,WATER
32.81,26.08,17.32,24.76,35.24,0.0,0.0,30.64,32.29,NOT_ABLE_TO_WATER
91.65,41.05,87.92,37.25,100.0,0.0,0.0,94.29,31.38,NOT_ABLE_TO_VENTILATE
29.61,35.39,81.37,35.82,97.65,8158.42,0.46,89.4,27.48,NOT_ABLE_TO_WATER
67.42,23.54,80.13,18.32,72.26,0.0,0.0,80.59,29.75,NOT_ABLE_TO_WATER
41.02,13.81,39.67,13.97,51.09,100291.34,3.12,47.97,29.99,LOW_TEMP_ALERT
89.92,8.2,17.52,7.58,20.56,0.0,0.0,87.66,30.02,LOW_TEMP_ALERT
27.24,39.38,60.49,40.44,66.84,40176.77,0.75,37.84,35.95,NOT_ABLE_TO_WATER
8.35,15.17,40.64,14.28,56.65,89124.61,3.76,20.85,32.63,WATER
92.22,17.73,25.14,16.11,38.62,9835.13,0.22,90.87,26.08,LOW_LIGHT
88.97,19.48,19.74,20.99,25.26,157285.8,5.17,87.8,33.25,OK
88.09,8.1,45.51,4.61,51.65,22209.75,0.39,84.3,32.31,LOW_TEMP_ALERT
40.59,13.69,54.89,12.44,64.57,0.0,0.0,43.82,28.57,LOW_TEMP_ALERT
29.4,27.9,78.36,25.48,84.69,47848.4,1.09,23.55,30.72,NOT_ABLE_TO_WATER
28.0,40.98,70.31,38.78,75.89,157285.8,5.35,22.58,34.75,WATER
87.72,44.18,73.23,43.11,70.45,101490.51,2.98,91.47,27.9,VENTILATE
50.65,19.59,17.44,19.87,18.52,0.0,0.0,54.88,25.69,NIGHT_OK
86.76,26.24,48.47,23.65,38.38,157285.8,4.4,89.22,32.31,OK
32.65,6.63,23.25,1.83,29.23,6174.0,0.0,22.8,25.29,NOT_ABLE_TO_WATER
92.78,41.36,45.58,43.3,47.44,0.0,0.0,94.49,24.0,NOT_ABLE_TO_VENTILATE
27.73,16.66,92.48,15.25,100.0,0.0,0.0,30.82,33.78,NOT_ABLE_TO_WATER
91.99,17.96,75.32,16.32,89.17,157285.8,5.28,91.32,28.21,OK
67.96,7.03,80.89,5.25,77.43,0.0,0.0,21.15,28.62,FUNGI_ALERT_EXCESS_WATER
75.59,17.85,18.71,14.63,27.34,157285.8,5.65,48.53,27.56,EXCESS_WATER
87.3,15.16,76.65,14.67,80.89,1657.94,0.0,69.03,30.03,FUNGI_ALERT_EXCESS_WATER
70.68,9.63,43.51,7.42,45.54,65061.03,2.97,74.67,32.5,LOW_TEMP_ALERT
31.26,7.95,81.21,5.11,81.34,0.0,0.0,50.46,27.54,NOT_ABLE_TO_WATER
51.25,16.78,60.29,15.62,58.32,0.0,0.0,52.19,26.42,NIGHT_OK
27.05,24.59,34.85,27.86,41.97,157285.8,5.21,32.11,28.76,WATER
16.49,11.54,62.83,5.04,62.05,140243.38,4.46,21.36,28.54,WATER
8.26,20.3,20.92,20.62,28.72,0.0,0.0,11.12,33.39,NOT_ABLE_TO_WATER
57.99,7.62,25.86,7.31,22.36,50327.97,1.81,30.81,24.0,EXCESS_WATER
55.45,36.56,74.25,33.36,75.3,0.0,0.0,51.61,30.72,NIGHT_OK
32.18,44.93,58.51,39.77,60.28,27033.47,1.38,27.04,37.24,ANOMALY_DETECTED
90.85,18.0,93.21,18.45,97.21,16273.07,0.94,80.26,28.39,FUNGI_ALERT_EXCESS_WATER
24.71,29.12,46.68,27.86,50.53,157285.8,4.58,37.93,31.79,WATER
10.22,5.32,30.3,4.84,40.88,157285.8,5.56,22.88,30.39,WATER
85.74,22.4,83.66,19.19,92.12,157285.8,0.01,81.43,28.79,OK
44.93,40.09,75.48,37.46,75.63,2813.72,0.56,72.9,31.44,NOT_ABLE_TO_WATER
14.76,32.37,81.71,32.85,87.42,0.0,0.0,23.56,26.92,NOT_ABLE_TO_WATER
57.17,22.74,21.35,23.25,20.68,157285.8,4.55,86.79,27.32,WATER
36.4,32.34,27.21,31.03,13.77,0.0,0.0,14.45,29.23,NOT_ABLE_TO_WATER
89.6,35.14,79.68,33.94,78.73,85963.26,3.32,67.36,24.0,FUNGI_ALERT_EXCESS_WATER
44.55,41.05,57.91,41.33,67.56,157285.8,6.42,31.82,44.72,ANOMALY_DETECTED
26.12,16.8,81.12,17.46,79.52,157285.8,6.07,18.24,31.38,WATER
79.25,19.41,83.62,17.76,98.45,122671.23,4.19,36.63,37.32,ANOMALY_DETECTED
89.62,31.45,69.22,30.75,82.16,157285.8,4.37,50.39,28.21,FUNGI_ALERT_EXCESS_WATER
7.06,37.11,30.27,37.56,54.13,157285.8,4.87,61.76,33.52,WATER
35.49,7.5,80.12,4.96,91.1,0.0,0.0,32.63,30.03,NOT_ABLE_TO_WATER
59.48,20.98,94.67,18.94,92.64,157285.8,5.45,41.26,29.57,FUNGI_ALERT_EXCESS_WATER
25.23,43.46,57.0,43.72,70.55,31849.86,1.3,18.48,32.89,NOT_ABLE_TO_WATER
55.4,16.91,47.36,13.82,78.65,103859.33,3.71,51.2,30.0,LOW_TEMP_ALERT
46.48,29.63,59.06,27.3,61.07,157285.8,4.34,48.91,26.41,OK
80.67,7.76,84.85,8.88,91.07,157285.8,5.12,90.59,32.23,LOW_TEMP_ALERT
34.69,23.81,54.21,26.87,61.83,0.0,0.0,38.13,32.61,NOT_ABLE_TO_WATER
87.21,9.65,61.31,10.19,72.62,8982.1,1.39,91.98,33.65,LOW_TEMP_ALERT
40.67,20.65,40.94,19.55,44.08,0.0,0.0,15.37,37.1,FUNGI_ALERT_EXCESS_WATER
46.56,26.5,39.3,nan,53.77,0.0,0.0,52.42,29.04,INSUFFICIENT_DATA
34.59,13.43,76.62,14.53,85.93,83827.37,2.93,42.01,26.38,WATER
80.05,37.01,85.06,36.68,81.56,0.0,0.0,84.56,27.86,NOT_ABLE_TO_VENTILATE
99.53,38.92,18.54,39.62,24.7,0.0,0.0,94.97,44.14,HYDRIC_STRESS_ALERT
8.52,37.14,28.16,39.7,42.38,2087.84,0.52,40.89,32.69,NOT_ABLE_TO_WATER
nan,27.11,90.83,27.16,98.08,157285.8,6.06,47.61,26.41,INSUFFICIENT_DATA
19.11,19.96,85.2,20.59,90.21,0.0,0.0,20.0,43.06,NOT_ABLE_TO_WATER
68.09,41.62,28.74,38.8,23.87,157285.8,5.11,66.97,32.91,HYDRIC_STRESS_ALERT
33.43,9.54,41.82,10.51,47.07,0.0,0.0,35.1,30.1,NOT_ABLE_TO_WATER
58.35,13.24,34.61,10.19,39.85,0.0,0.0,57.34,30.24,LOW_TEMP_ALERT
75.68,22.76,76.93,17.82,75.59,157285.8,4.42,12.63,28.27,FUNGI_ALERT_EXCESS_WATER
74.23,32.64,93.9,31.85,96.58,0.0,0.0,92.76,31.78,NOT_ABLE_TO_WATER
52.46,23.28,69.07,22.46,83.15,0.0,0.0,50.56,28.55,NIGHT_OK
73.95,31.85,54.99,29.58,58.34,22793.21,0.0,23.99,25.48,EXCESS_WATER
30.59,7.71,19.15,4.59,17.38,0.0,0.0,87.47,43.41,NOT_ABLE_TO_WATER
72.07,39.41,36.22,38.9,33.45,0.0,0.0,72.61,43.05,NOT_ABLE_TO_VENTILATE
26.73,43.7,48.12,47.93,59.74,0.0,0.0,32.07,27.59,NOT_ABLE_TO_WATER
21.66,18.11,33.41,14.0,35.98,157285.8,5.03,24.91,29.39,WATER
85.46,13.54,25.72,11.44,36.88,0.0,0.0,87.64,29.07,LOW_TEMP_ALERT
26.26,22.53,21.95,24.27,29.2,0.0,0.0,19.42,32.94,NOT_ABLE_TO_WATER
27.46,43.93,68.88,42.99,70.95,0.0,0.0,42.83,43.03,NOT_ABLE_TO_WATER
99.49,30.23,30.21,27.02,23.57,4240.78,0.0,84.25,40.43,ANOMALY_DETECTED
51.43,16.85,61.97,15.61,56.0,0.0,0.0,48.5,28.26,NIGHT_OK
80.57,24.07,24.0,23.28,28.47,0.0,0.0,86.62,33.63,NIGHT_OK
58.16,33.07,28.17,30.26,26.77,26737.17,1.39,63.25,32.07,OK
75.54,26.78,65.31,25.67,73.89,0.0,0.0,65.23,29.08,FUNGI_ALERT_EXCESS_WATER
65.17,32.34,67.51,29.05,70.07,0.0,0.0,62.99,29.02,NIGHT_OK
37.58,18.92,69.35,16.83,71.92,157285.8,5.48,28.93,27.06,WATER
30.66,34.13,42.97,35.04,51.78,71036.1,2.39,34.61,30.97,WATER
41.37,29.67,57.83,26.57,53.64,157285.8,5.44,41.13,29.32,OK
5.6,25.38,84.72,23.26,93.12,45799.82,1.55,10.21,29.67,NOT_ABLE_TO_WATER
78.56,23.36,42.92,21.66,67.47,12146.54,0.83,76.19,33.57,OK
79.65,41.49,17.43,39.53,7.97,157285.8,5.0,74.19,29.3,HYDRIC_STRESS_ALERT
75.37,38.17,52.53,36.24,61.45,157285.8,4.9,66.78,27.69,VENTILATE
71.31,11.25,63.22,12.22,70.19,0.0,0.0,73.0,38.1,LOW_TEMP_ALERT
78.33,21.89,39.77,19.99,42.37,0.0,0.0,82.16,31.78,NIGHT_OK
75.13,8.52,67.79,7.03,67.89,157285.8,5.27,70.38,27.84,LOW_TEMP_ALERT
55.69,18.21,77.33,16.46,82.71,0.0,0.0,63.09,43.0,NIGHT_OK
36.4,24.51,52.35,28.31,58.47,157285.8,5.56,73.95,34.61,WATER
23.73,34.7,32.68,33.25,32.18,157285.8,4.63,22.09,25.24,WATER
75.24,40.01,52.63,38.56,62.38,144074.05,4.54,77.18,27.45,VENTILATE
nan,27.41,84.82,27.24,84.93,2551.11,0.0,88.55,29.02,INSUFFICIENT_DATA
11.5,31.56,42.49,33.78,42.95,nan,0.96,75.85,27.99,INSUFFICIENT_DATA
44.67,42.59,24.49,41.95,27.72,16273.48,0.05,15.47,40.2,ANOMALY_DETECTED
35.72,23.91,46.89,24.94,64.86,157285.8,0.14,35.93,25.53,NOT_ABLE_TO_WATER
25.27,39.04,43.41,38.63,45.49,157285.8,5.34,24.97,31.58,WATER
83.53,19.1,21.52,17.59,16.68,157285.8,5.42,82.25,27.54,OK
72.98,22.46,52.06,24.94,56.05,0.0,0.0,33.93,27.23,FUNGI_ALERT_EXCESS_WATER
60.11,33.23,25.31,33.15,32.62,157285.8,5.63,33.42,36.82,EXCESS_WATER
40.79,16.92,16.57,16.49,22.21,157285.8,5.09,38.09,28.91,OK
4.8,41.73,69.22,41.61,78.85,0.0,0.0,22.59,31.28,NOT_ABLE_TO_WATER
39.11,29.58,78.18,29.5,98.63,43976.41,1.41,32.04,29.74,NOT_ABLE_TO_WATER
16.23,44.02,20.28,40.72,34.37,157285.8,5.21,23.82,36.3,WATER
24.01,12.88,20.95,9.36,15.8,92027.22,3.32,43.39,28.9,WATER
58.98,27.96,52.24,23.77,59.13,157285.8,4.6,58.9,36.77,OK
71.65,39.17,71.61,35.21,68.73,5089.52,1.0,74.1,32.09,NOT_ABLE_TO_VENTILATE
98.3,23.04,88.69,18.49,92.67,2032.33,0.46,75.82,26.18,FUNGI_ALERT_EXCESS_WATER
43.01,29.24,54.01,32.14,61.9,54673.29,1.58,48.15,28.15,OK
64.82,34.58,43.79,31.54,61.63,157285.8,5.79,60.5,28.34,OK
41.34,21.6,87.07,24.41,92.13,81055.6,1.74,42.39,29.1,OK
95.47,41.67,46.83,38.94,75.98,0.0,0.0,70.33,27.64,FUNGI_ALERT_EXCESS_WATER
25.18,16.89,50.07,16.65,50.49,0.0,0.0,21.53,31.18,NOT_ABLE_TO_WATER
39.68,13.32,76.4,9.59,78.66,0.0,0.0,12.14,24.67,NOT_ABLE_TO_WATER
80.59,40.45,32.2,41.35,36.42,41136.42,1.04,82.38,25.77,NOT_ABLE_TO_VENTILATE
61.46,41.35,93.87,39.0,94.05,157285.8,4.66,66.08,33.72,VENTILATE
81.52,9.06,89.55,7.07,80.83,107987.58,3.24,82.22,32.71,LOW_TEMP_ALERT
70.49,44.81,57.94,41.74,58.44,0.0,0.0,18.66,27.87,FUNGI_ALERT_EXCESS_WATER
11.83,5.44,36.47,3.3,37.51,0.0,0.0,24.8,31.87,NOT_ABLE_TO_WATER
57.95,13.75,77.13,14.71,96.22,1058.09,0.0,55.06,25.05,LOW_TEMP_ALERT
77.44,40.28,47.44,39.05,50.96,21273.82,0.28,79.88,25.54,NOT_ABLE_TO_VENTILATE
9.61,7.74,26.63,7.93,30.99,157285.8,5.02,14.9,32.17,WATER
78.31,37.1,33.51,33.86,31.3,0.0,0.0,73.06,33.21,NIGHT_OK
100.0,5.62,71.26,2.72,76.22,nan,5.0,94.96,39.06,INSUFFICIENT_DATA
30.75,38.01,94.55,33.05,83.51,35396.49,1.74,45.61,27.13,NOT_ABLE_TO_WATER
20.64,5.73,45.96,3.44,47.68,72306.21,2.3,83.21,32.22,WATER
37.2,21.48,34.98,16.42,42.11,40838.68,0.92,71.49,35.51,NOT_ABLE_TO_WATER
63.07,18.02,42.58,17.24,51.89,0.0,0.0,43.61,25.38,FUNGI_ALERT_EXCESS_WATER
47.1,8.41,72.31,6.0,72.93,157285.8,4.83,52.96,35.62,LOW_TEMP_ALERT
34.76,15.98,89.9,14.43,93.55,0.0,0.0,32.38,29.91,NOT_ABLE_TO_WATER
97.67,19.71,94.63,22.27,93.37,0.0,0.0,79.58,35.59,FUNGI_ALERT_EXCESS_WATER
14.43,17.17,26.31,12.85,29.85,12141.76,0.39,13.31,35.06,NOT_ABLE_TO_WATER
81.47,40.91,81.07,37.97,93.64,157285.8,5.55,59.39,27.61,FUNGI_ALERT_EXCESS_WATER
78.82,11.06,43.58,5.09,35.19,37318.68,0.1,80.31,27.66,LOW_TEMP_ALERT
32.52,9.19,64.48,7.84,78.77,0.0,0.0,59.94,28.42,NOT_ABLE_TO_WATER
nan,39.34,92.37,38.93,94.74,19966.39,0.98,27.24,27.63,INSUFFICIENT_DATA
22.24,11.59,20.79,11.28,16.74,7923.54,0.0,20.51,31.38,NOT_ABLE_TO_WATER
81.45,20.82,45.92,18.55,45.79,130131.65,4.44,83.05,28.19,OK
41.38,16.7,31.3,18.08,40.81,157285.8,4.49,40.8,31.25,OK
81.07,12.94,58.57,12.96,77.14,0.0,0.0,79.36,30.88,LOW_TEMP_ALERT
62.88,38.11,53.24,36.85,52.09,0.0,0.0,73.49,36.07,NOT_ABLE_TO_WATER
5.58,41.35,44.34,40.74,38.99,26604.54,0.76,20.76,24.0,NOT_ABLE_TO_WATER
71.3,43.44,75.42,39.47,81.32,0.0,0.0,90.88,32.05,NOT_ABLE_TO_WATER
73.17,34.75,15.39,32.34,28.05,0.0,0.0,70.3,29.27,NIGHT_OK
21.94,10.66,27.14,9.56,34.77,2089.8,0.18,24.15,28.66,NOT_ABLE_TO_WATER
18.41,26.29,33.63,23.04,45.79,146333.8,4.23,51.99,25.56,WATER
37.06,24.89,94.55,22.93,100.0,0.0,0.0,32.87,30.28,NOT_ABLE_TO_WATER
18.05,25.0,46.45,24.6,51.45,0.0,0.0,13.79,32.15,NOT_ABLE_TO_WATER
54.15,17.89,89.2,13.71,92.11,157285.8,5.45,58.22,30.27,LOW_TEMP_ALERT
60.45,8.91,77.52,5.55,91.77,34818.82,1.14,65.9,29.13,LOW_TEMP_ALERT
19.07,5.95,77.05,1.77,77.6,128941.27,4.75,19.58,34.33,WATER
77.63,13.23,18.5,10.32,25.81,0.0,0.0,48.4,28.47,FUNGI_ALERT_EXCESS_WATER
30.57,18.6,35.81,18.07,43.38,143017.52,4.35,33.87,33.22,WATER
14.1,22.59,23.33,19.57,31.11,157285.8,5.69,12.47,31.65,WATER
75.23,15.09,22.01,16.25,17.6,157285.8,0.01,77.36,30.06,OK
43.66,23.62,60.69,24.01,77.57,58100.95,1.76,56.18,31.26,NOT_ABLE_TO_WATER
37.33,21.36,39.98,17.53,61.23,110858.22,4.06,26.21,24.0,WATER
34.87,20.86,40.12,18.26,45.21,157285.8,5.18,40.71,31.6,WATER
35.12,44.72,53.34,43.54,67.11,41295.84,1.35,94.65,28.53,NOT_ABLE_TO_WATER
76.01,13.06,64.05,14.42,68.27,93825.21,3.07,86.0,28.17,LOW_TEMP_ALERT
71.53,10.49,24.93,6.73,25.28,0.0,0.0,57.43,31.59,FUNGI_ALERT_EXCESS_WATER
35.14,30.8,30.82,27.54,43.43,157285.8,4.66,33.95,27.69,WATER
74.48,30.05,69.8,26.12,77.79,0.0,0.0,25.47,24.72,FUNGI_ALERT_EXCESS_WATER
83.67,27.69,61.63,27.26,61.9,157285.8,4.94,58.69,33.71,EXCESS_WATER
97.47,35.53,58.43,33.83,63.3,157285.8,4.69,81.31,30.25,EXCESS_WATER
78.47,35.56,81.18,33.92,86.88,0.0,0.0,87.56,44.63,NIGHT_OK
93.88,11.71,56.97,12.09,63.6,0.0,0.0,92.55,30.47,LOW_TEMP_ALERT
83.81,35.51,15.04,38.48,6.83,11906.06,0.17,75.62,29.63,NOT_ABLE_TO_VENTILATE
64.94,31.0,19.35,28.7,24.22,6110.11,0.0,79.06,29.06,NOT_ABLE_TO_WATER
68.8,11.25,70.56,nan,73.87,38473.94,1.11,71.61,26.67,INSUFFICIENT_DATA
47.41,36.39,36.92,32.37,33.59,157285.8,5.68,60.69,29.41,WATER
13.27,6.82,81.5,3.85,74.04,157285.8,5.53,22.95,24.0,WATER
22.01,12.67,70.37,10.65,81.72,3929.41,0.0,15.42,29.88,NOT_ABLE_TO_WATER
74.83,17.05,70.41,18.52,72.68,25533.02,0.68,64.28,24.0,FUNGI_ALERT_EXCESS_WATER
88.5,31.23,77.74,30.31,81.88,3064.86,0.46,90.87,27.32,LOW_LIGHT
61.82,39.26,30.46,35.99,26.21,0.0,0.0,64.19,32.39,NOT_ABLE_TO_VENTILATE
13.12,31.77,62.15,28.64,77.29,144539.79,4.55,23.21,26.19,WATER
95.16,5.91,93.82,8.37,82.4,0.0,0.0,51.64,27.63,FUNGI_ALERT_EXCESS_WATER
10.13,29.2,70.58,25.27,73.86,4892.79,0.27,73.13,28.72,NOT_ABLE_TO_WATER
35.41,21.82,86.94,21.58,93.9,72353.54,1.73,33.54,36.35,NOT_ABLE_TO_WATER
21.1,7.2,66.57,2.87,68.29,0.0,0.0,18.04,33.43,NOT_ABLE_TO_WATER
65.5,23.37,83.84,18.63,94.63,0.0,0.0,74.2,28.8,NIGHT_OK
3.57,6.43,59.76,6.07,71.47,0.0,0.0,73.57,nan,INSUFFICIENT_DATA
43.48,5.49,66.49,0.0,57.74,815.29,0.15,93.94,24.09,NOT_ABLE_TO_WATER
35.76,43.76,51.17,40.62,34.92,15316.37,0.57,10.76,32.94,NOT_ABLE_TO_WATER
48.26,39.72,61.41,36.93,62.84,91008.09,0.12,36.52,26.92,EXCESS_WATER
12.01,16.18,30.2,16.7,39.25,28735.14,0.98,23.92,27.51,NOT_ABLE_TO_WATER
55.7,11.54,60.94,7.83,62.47,9143.23,0.14,50.63,25.62,LOW_TEMP_ALERT
94.3,23.69,63.34,27.67,57.38,94984.0,2.88,94.1,30.99,OK
71.71,16.86,85.11,16.93,73.82,0.0,0.0,69.41,25.19,NIGHT_OK
27.85,16.99,89.06,15.19,91.46,17886.44,0.63,38.4,42.21,ANOMALY_DETECTED
35.2,26.67,89.9,24.83,86.27,0.0,0.0,10.69,29.19,NOT_ABLE_TO_WATER
61.44,10.52,84.53,6.79,86.29,157285.8,5.56,64.07,30.72,LOW_TEMP_ALERT
90.13,10.17,73.07,8.89,97.34,0.0,0.0,37.2,27.1,FUNGI_ALERT_EXCESS_WATER
78.01,18.53,74.43,18.32,82.34,37346.86,1.23,59.97,37.09,ANOMALY_DETECTED
71.0,20.49,19.22,18.63,19.48,157285.8,5.19,53.69,26.99,EXCESS_WATER
77.02,20.45,77.63,22.06,89.67,0.0,0.0,71.36,34.53,NIGHT_OK
13.67,13.81,59.79,10.66,59.73,157285.8,5.89,11.47,32.48,WATER
82.73,30.98,67.47,28.56,66.39,0.0,0.0,52.17,28.4,FUNGI_ALERT_EXCESS_WATER
18.56,5.82,85.22,5.41,100.0,0.0,0.0,61.51,26.41,NOT_ABLE_TO_WATER
81.86,7.96,44.59,9.88,60.57,0.0,0.0,75.66,34.31,LOW_TEMP_ALERT
84.46,27.21,73.7,28.41,71.12,25579.17,1.03,94.17,29.97,OK
52.45,23.15,29.38,21.45,27.14,157285.8,4.9,58.97,30.15,OK
31.87,22.96,57.71,23.24,70.19,27318.84,1.26,36.0,28.25,NOT_ABLE_TO_WATER
60.2,36.29,53.07,30.36,56.54,157285.8,5.67,86.16,32.34,WATER
94.36,24.85,90.27,24.27,89.51,0.0,0.0,81.12,24.58,FUNGI_ALERT_EXCESS_WATER
68.61,19.03,83.48,17.7,83.61,9755.1,1.22,68.98,29.47,LOW_LIGHT
40.6,39.7,29.85,32.28,38.0,0.0,0.0,40.08,24.95,HYDRIC_STRESS_ALERT
87.94,21.34,74.8,16.66,86.3,32991.5,1.2,89.28,30.71,OK
52.3,17.04,36.79,18.01,40.46,0.0,0.0,56.77,28.06,NIGHT_OK
49.42,38.1,86.03,31.5,98.63,0.0,0.0,50.88,29.82,NOT_ABLE_TO_VENTILATE
43.97,41.62,47.22,36.37,63.97,0.0,0.0,47.07,29.42,NOT_ABLE_TO_VENTILATE
14.57,14.91,37.11,16.33,48.22,157285.8,5.73,14.69,33.51,WATER
39.2,28.9,78.18,28.13,78.9,157285.8,5.19,35.03,28.26,WATER
76.63,38.77,29.03,35.82,38.67,0.0,0.0,86.98,25.42,HYDRIC_STRESS_ALERT
43.81,31.03,27.33,30.07,22.79,0.0,0.0,54.84,34.16,NOT_ABLE_TO_WATER
78.63,41.8,70.98,39.67,72.16,0.0,0.0,80.0,31.83,NOT_ABLE_TO_VENTILATE
52.53,17.93,54.03,16.2,46.14,74789.32,2.73,51.93,27.62,OK
11.64,34.07,23.25,32.47,21.22,884.36,0.43,11.09,28.37,NOT_ABLE_TO_WATER
21.19,15.61,26.04,12.49,26.55,157285.8,5.08,15.17,26.52,WATER
72.34,20.37,59.16,17.75,60.37,0.0,0.0,62.1,44.71,FUNGI_ALERT_EXCESS_WATER
29.82,12.46,52.09,12.53,61.08,0.0,0.0,29.99,38.49,NOT_ABLE_TO_WATER
32.19,31.95,55.83,28.87,66.26,18286.67,1.38,33.3,27.67,NOT_ABLE_TO_WATER
45.97,39.34,26.53,36.65,23.69,31641.09,1.05,43.88,28.03,HYDRIC_STRESS_ALERT
88.92,15.55,49.72,14.4,50.71,157285.8,5.48,47.91,27.61,EXCESS_WATER
92.14,27.27,15.93,23.59,15.38,0.0,0.0,94.95,29.17,NIGHT_OK
15.61,5.14,31.8,2.49,31.63,157285.8,5.81,26.01,34.23,WATER
24.62,40.7,16.7,36.59,6.99,157285.8,4.32,26.24,29.06,WATER
88.22,35.25,42.45,34.22,39.82,0.0,0.0,nan,37.18,INSUFFICIENT_DATA
3.22,33.86,86.42,30.11,84.05,33628.48,1.59,11.96,29.94,NOT_ABLE_TO_WATER
63.82,19.02,64.76,15.9,67.59,0.0,0.0,64.78,37.88,NIGHT_OK
37.4,40.47,64.99,40.05,77.72,2891.25,0.0,60.76,30.66,NOT_ABLE_TO_WATER
44.62,30.03,82.08,29.0,82.49,157285.8,4.73,39.52,35.02,OK
97.13,35.01,44.97,34.78,53.98,157285.8,5.94,91.61,31.49,OK
47.42,24.12,86.39,23.24,84.37,6465.86,0.3,18.86,28.51,FUNGI_ALERT_EXCESS_WATER
83.61,35.35,56.79,30.45,64.19,19992.4,0.94,68.98,32.02,EXCESS_WATER
79.82,30.33,41.2,31.67,52.0,145496.97,4.57,79.74,30.03,OK
71.62,26.33,68.16,24.08,73.36,0.0,0.0,69.93,32.16,NIGHT_OK
89.15,5.83,28.74,1.62,38.1,157285.8,4.85,92.6,30.21,LOW_TEMP_ALERT
18.66,43.04,35.17,40.81,31.19,0.0,0.0,17.44,31.68,NOT_ABLE_TO_WATER
96.39,14.52,21.05,11.23,17.13,0.0,0.0,90.75,35.12,LOW_TEMP_ALERT
35.23,35.53,55.27,37.75,44.72,0.0,0.0,38.23,33.89,NOT_ABLE_TO_WATER
73.46,19.44,16.95,20.77,36.97,4276.64,0.5,15.32,24.84,EXCESS_WATER
39.87,12.37,26.26,9.94,27.62,0.0,0.0,34.92,37.09,NOT_ABLE_TO_WATER
26.27,27.94,37.96,27.2,34.78,157285.8,5.47,24.39,32.77,WATER
74.43,9.51,63.58,9.86,74.26,76231.44,3.1,75.66,28.26,LOW_TEMP_ALERT
15.8,37.85,82.34,37.32,80.75,0.0,0.0,12.05,32.91,NOT_ABLE_TO_WATER
72.05,19.07,31.13,18.21,39.42,157285.8,5.5,73.03,30.19,OK
16.02,16.47,88.77,15.11,93.56,19581.14,0.51,84.23,32.4,NOT_ABLE_TO_WATER
76.53,33.33,50.86,29.35,55.34,0.0,0.0,72.95,33.33,NIGHT_OK
21.07,5.35,46.38,0.86,46.75,0.0,0.0,25.73,30.75,NOT_ABLE_TO_WATER
47.81,13.72,71.96,10.79,80.88,30104.88,1.37,49.92,25.5,LOW_TEMP_ALERT
45.76,13.52,51.79,14.98,68.13,0.0,0.0,42.92,28.08,LOW_TEMP_ALERT
35.38,44.13,41.81,42.2,43.04,49326.59,1.21,31.35,28.66,NOT_ABLE_TO_WATER
10.29,21.14,44.4,18.86,42.63,524.84,0.18,14.62,24.0,NOT_ABLE_TO_WATER
71.51,25.8,57.63,22.71,72.12,157285.8,4.87,67.64,31.13,OK
85.14,44.95,69.7,43.48,81.87,0.0,0.0,83.86,29.08,NOT_ABLE_TO_VENTILATE
81.13,35.32,89.4,31.42,88.04,157285.8,6.2,80.31,32.15,OK
11.03,23.2,65.23,22.85,77.74,157285.8,5.68,12.14,24.0,WATER
79.03,12.4,23.53,9.91,17.34,0.0,0.0,79.39,29.12,LOW_TEMP_ALERT
15.82,35.33,63.3,34.61,62.62,157285.8,5.53,16.13,27.21,WATER
90.07,10.85,84.86,13.19,90.95,21410.04,1.68,83.11,28.17,LOW_TEMP_ALERT
50.25,36.56,70.05,37.33,74.7,0.0,0.0,50.36,32.32,NOT_ABLE_TO_VENTILATE
92.31,37.06,68.28,38.21,54.11,12604.79,0.0,87.54,44.0,ANOMALY_DETECTED
8.09,31.58,40.02,30.53,53.47,0.0,0.0,14.74,33.15,NOT_ABLE_TO_WATER
14.85,34.01,70.34,33.4,80.53,157285.8,5.22,14.94,26.81,WATER
74.38,12.94,56.98,11.09,55.82,0.0,0.0,21.19,29.78,FUNGI_ALERT_EXCESS_WATER
20.11,35.29,51.12,33.92,56.67,157285.8,0.07,13.2,32.79,NOT_ABLE_TO_WATER
43.13,5.0,93.37,5.4,100.0,0.0,0.0,42.4,43.38,LOW_TEMP_ALERT
86.59,44.04,37.82,43.61,43.75,nan,0.0,79.75,29.53,INSUFFICIENT_DATA
9.12,36.47,45.91,35.37,52.87,0.0,0.0,11.85,28.18,NOT_ABLE_TO_WATER
58.42,38.7,35.31,37.55,52.29,31621.01,0.87,36.12,27.72,EXCESS_WATER
31.9,28.57,77.0,25.44,73.32,157285.8,5.01,38.45,24.0,WATER
62.0,36.25,20.63,33.44,22.53,0.0,0.0,73.86,31.53,NOT_ABLE_TO_WATER
71.25,12.76,48.72,9.98,51.0,157285.8,5.62,65.76,31.43,LOW_TEMP_ALERT
92.53,8.26,19.9,7.06,35.94,47376.8,nan,93.66,36.21,INSUFFICIENT_DATA
34.08,19.81,50.52,19.47,63.65,0.0,0.0,37.39,30.49,NOT_ABLE_TO_WATER
65.46,40.99,89.17,37.68,95.74,47611.35,0.95,67.6,31.56,NOT_ABLE_TO_VENTILATE
33.88,40.04,42.83,39.27,45.45,157285.8,5.61,29.37,33.11,WATER
20.57,35.37,17.85,34.55,26.63,157285.8,5.2,41.73,28.13,WATER
68.95,14.69,89.73,13.29,95.04,0.0,0.0,72.5,25.63,LOW_TEMP_ALERT
74.4,33.85,51.66,31.72,58.43,0.0,0.0,81.72,33.39,NIGHT_OK
59.95,27.8,86.82,27.5,87.7,9928.12,0.46,33.93,34.47,FUNGI_ALERT_EXCESS_WATER
82.54,18.88,38.72,15.65,42.34,0.0,0.0,54.86,30.22,FUNGI_ALERT_EXCESS_WATER
37.83,14.59,56.63,16.23,64.25,65164.38,1.72,68.5,34.87,NOT_ABLE_TO_WATER
32.72,43.0,76.1,40.73,96.37,157285.8,4.13,24.36,32.08,WATER
12.6,10.6,79.13,9.76,89.7,0.0,0.0,12.57,31.92,NOT_ABLE_TO_WATER
45.04,10.2,46.86,7.92,59.25,0.0,0.0,45.4,31.39,LOW_TEMP_ALERT
15.6,14.49,62.17,6.9,62.02,157285.8,5.37,20.27,28.67,WATER
29.27,12.49,16.54,12.21,17.16,9604.12,0.65,26.73,35.33,NOT_ABLE_TO_WATER
28.74,39.53,61.33,38.78,53.66,0.0,0.0,44.78,29.49,NOT_ABLE_TO_WATER
19.33,16.83,94.44,16.9,100.0,0.0,0.0,20.23,30.1,NOT_ABLE_TO_WATER
66.66,8.29,52.44,5.44,47.33,155509.98,6.78,61.29,28.67,LOW_TEMP_ALERT
26.83,18.81,31.97,17.3,34.13,150936.18,4.57,31.71,40.73,ANOMALY_DETECTED
42.16,27.74,86.96,27.51,86.64,0.0,0.0,85.16,35.36,NOT_ABLE_TO_WATER
33.48,27.36,60.61,26.65,62.23,0.0,0.0,28.46,38.01,NOT_ABLE_TO_WATER
54.47,38.5,87.19,39.3,88.32,0.0,0.0,87.41,31.45,NOT_ABLE_TO_WATER
26.13,18.71,93.36,19.57,85.83,2513.55,0.0,36.94,25.63,NOT_ABLE_TO_WATER
91.22,7.26,91.55,4.04,100.0,81569.07,0.01,86.67,25.08,LOW_TEMP_ALERT
16.42,35.57,83.66,33.43,90.19,37146.74,0.83,23.19,25.46,NOT_ABLE_TO_WATER
74.64,42.37,46.27,44.02,59.94,6377.32,0.15,34.37,30.2,EXCESS_WATER
56.35,28.71,94.38,26.41,97.5,93676.28,3.63,53.9,31.96,OK
9.22,25.08,41.59,22.29,42.99,0.0,0.0,72.05,26.86,NOT_ABLE_TO_WATER
89.15,14.82,24.31,15.32,28.89,0.0,0.0,93.9,31.26,NIGHT_OK
14.43,8.74,76.18,4.79,85.08,0.0,0.0,37.82,30.16,NOT_ABLE_TO_WATER
44.93,19.86,64.86,15.85,71.33,157285.8,5.37,44.85,31.45,OK
23.73,40.27,73.63,39.74,74.42,0.0,0.0,78.84,27.44,NOT_ABLE_TO_WATER
31.15,10.95,71.24,7.03,76.65,157285.8,5.29,46.64,27.21,WATER
66.33,31.42,57.38,32.27,81.43,153828.38,5.24,73.47,29.01,OK
91.59,30.19,66.63,31.91,56.13,0.0,0.0,88.14,27.08,NIGHT_OK
52.16,17.29,37.4,15.69,49.66,0.0,0.0,77.25,28.24,NOT_ABLE_TO_WATER
65.71,34.86,80.96,33.46,95.76,3654.69,0.65,58.84,35.1,LOW_LIGHT
82.5,29.63,16.93,29.48,31.14,1213.65,0.0,77.03,30.23,LOW_LIGHT
39.37,6.78,43.09,2.06,57.23,112852.7,4.0,92.79,27.56,WATER
88.07,7.38,62.88,8.33,74.22,0.0,0.0,84.31,27.19,LOW_TEMP_ALERT
93.98,26.06,34.65,24.04,42.42,5939.51,0.65,89.49,30.16,LOW_LIGHT
58.82,44.32,16.44,44.28,15.49,0.0,0.0,59.64,29.77,HYDRIC_STRESS_ALERT
63.2,15.66,40.07,13.55,31.26,157285.8,5.25,22.54,26.7,EXCESS_WATER
21.67,30.96,36.56,33.04,40.45,66745.6,2.58,30.59,35.97,WATER
22.12,25.21,85.28,25.45,89.34,157285.8,6.06,13.75,30.52,WATER
69.89,36.88,32.97,32.19,32.09,11164.14,0.0,66.04,29.55,OK
75.71,14.1,34.1,11.51,44.33,0.0,0.0,85.4,31.98,LOW_TEMP_ALERT
87.24,18.95,21.98,18.55,22.15,157285.8,4.76,90.31,24.43,OK
60.63,9.35,78.77,7.42,81.5,94625.71,2.7,26.15,30.15,FUNGI_ALERT_EXCESS_WATER
85.91,24.08,60.73,20.04,69.0,138472.0,5.21,71.28,30.7,EXCESS_WATER
66.06,6.13,93.18,5.16,93.5,157285.8,5.96,33.87,27.82,FUNGI_ALERT_EXCESS_WATER
25.51,31.58,46.14,27.54,47.28,0.0,0.0,23.73,29.01,NOT_ABLE_TO_WATER
23.76,35.97,46.82,34.39,41.41,149227.84,3.97,18.6,28.86,WATER
30.47,31.27,84.7,31.83,97.42,0.0,0.0,26.37,29.91,NOT_ABLE_TO_WATER
96.76,37.38,83.65,38.2,90.75,0.0,0.0,83.22,31.34,FUNGI_ALERT_EXCESS_WATER
25.94,6.72,89.38,4.96,94.03,0.0,0.0,37.71,28.67,NOT_ABLE_TO_WATER
74.67,41.15,nan,42.19,22.64,0.0,0.0,68.47,29.04,INSUFFICIENT_DATA
11.12,19.62,32.1,18.3,40.23,157285.8,4.16,10.64,37.21,ANOMALY_DETECTED
6.84,21.4,15.96,20.79,16.43,0.0,0.0,49.99,35.49,NOT_ABLE_TO_WATER
72.72,18.02,19.07,18.93,23.51,4145.17,0.0,71.28,31.36,LOW_LIGHT
29.35,28.75,49.63,23.82,58.17,157285.8,4.83,73.48,26.32,WATER
3.24,24.55,53.42,21.61,56.89,157285.8,5.08,78.83,28.99,WATER
61.53,14.27,66.7,10.79,84.97,157285.8,4.63,56.77,32.37,LOW_TEMP_ALERT
27.27,25.65,33.33,21.36,48.65,157285.8,5.41,69.91,35.48,WATER
62.85,21.34,79.83,23.04,73.27,0.0,0.0,53.37,31.73,NIGHT_OK
73.84,7.73,77.68,4.81,84.47,0.0,0.0,71.33,29.9,LOW_TEMP_ALERT
44.54,14.23,36.99,15.41,48.8,157285.8,4.09,43.31,28.69,OK
60.85,25.7,43.04,24.94,54.71,135462.69,4.35,62.52,25.95,OK
97.46,13.31,60.47,12.99,80.67,19863.18,0.69,71.24,33.36,FUNGI_ALERT_EXCESS_WATER
20.6,35.48,43.28,35.99,53.04,0.0,0.0,63.56,33.67,NOT_ABLE_TO_WATER
57.09,16.58,47.79,16.33,54.98,0.0,0.0,90.9,29.62,NOT_ABLE_TO_WATER
21.95,40.4,71.37,38.57,70.62,0.0,0.0,52.11,24.11,NOT_ABLE_TO_WATER
15.33,16.29,42.52,15.86,54.12,0.0,0.0,15.84,29.75,NOT_ABLE_TO_WATER
54.53,35.66,54.89,31.09,65.79,8516.07,0.89,58.4,35.11,LOW_LIGHT
80.02,40.13,39.23,37.75,41.01,47979.89,1.49,81.67,28.21,NOT_ABLE_TO_VENTILATE
96.35,8.29,88.59,7.82,99.32,0.0,0.0,66.32,30.95,FUNGI_ALERT_EXCESS_WATER
51.29,14.96,22.84,9.68,26.52,16296.69,0.33,15.6,27.32,EXCESS_WATER
99.19,36.53,27.68,37.45,46.83,157285.8,5.71,87.25,29.56,EXCESS_WATER
36.88,25.22,36.74,25.09,34.9,0.0,0.0,39.34,31.08,NOT_ABLE_TO_WATER
91.09,10.33,88.29,8.51,84.81,145218.03,4.29,88.81,25.22,LOW_TEMP_ALERT
38.64,11.97,89.2,9.74,97.86,11589.68,0.66,42.06,29.2,NOT_ABLE_TO_WATER
28.71,34.92,28.07,32.98,42.8,0.0,0.0,12.16,29.86,NOT_ABLE_TO_WATER
76.05,43.54,89.96,40.99,98.76,nan,5.16,79.18,24.34,INSUFFICIENT_DATA
nan,5.42,68.25,7.72,74.97,0.0,0.0,64.45,30.68,INSUFFICIENT_DATA
75.72,20.82,31.85,17.67,50.71,0.0,0.0,45.96,34.7,FUNGI_ALERT_EXCESS_WATER
0.01,39.31,57.91,37.58,55.11,0.0,0.0,92.05,30.24,NOT_ABLE_TO_WATER
35.92,22.82,35.07,23.32,44.38,0.0,0.0,37.19,30.75,NOT_ABLE_TO_WATER
19.9,36.64,36.8,35.32,46.39,0.0,0.0,19.5,26.82,NOT_ABLE_TO_WATER
74.81,15.18,85.47,13.89,80.11,32351.31,0.8,80.0,33.07,LOW_TEMP_ALERT
13.68,27.66,46.17,27.58,59.44,0.0,0.0,14.63,32.3,NOT_ABLE_TO_WATER
60.32,34.81,54.08,33.72,57.27,0.0,0.0,61.69,32.08,NIGHT_OK
72.43,8.91,28.55,5.69,26.41,0.0,0.0,74.79,39.68,LOW_TEMP_ALERT
55.19,32.26,35.92,28.97,41.15,157285.8,5.23,55.32,31.69,OK
89.63,29.93,43.97,29.26,50.24,1774.29,0.0,93.35,30.9,LOW_LIGHT
76.08,18.26,22.8,14.82,21.35,15089.57,0.12,11.94,30.57,EXCESS_WATER
27.5,44.65,18.91,41.29,23.07,1783.83,0.51,23.0,30.59,NOT_ABLE_TO_WATER
28.12,10.67,36.15,9.22,35.03,0.0,0.0,51.79,36.52,NOT_ABLE_TO_WATER
73.69,35.23,43.79,34.65,51.92,157285.8,4.72,79.99,29.19,OK
18.69,31.59,58.96,32.02,66.98,157285.8,4.46,29.73,27.89,WATER
29.07,6.91,17.73,7.37,15.31,157285.8,4.69,32.67,36.23,WATER
99.94,17.91,59.86,16.49,60.83,157285.8,5.74,41.01,28.83,EXCESS_WATER
3.96,38.6,90.55,36.49,73.56,157285.8,5.74,48.95,30.45,WATER
92.87,13.59,60.95,10.86,74.64,157285.8,5.44,27.39,26.9,EXCESS_WATER
56.45,18.57,59.16,16.55,60.23,8742.53,0.06,94.6,27.3,NOT_ABLE_TO_WATER
88.26,8.73,48.49,6.91,54.27,18538.84,0.07,37.58,28.31,EXCESS_WATER
98.43,34.99,78.49,32.21,82.36,0.0,0.0,30.79,33.73,FUNGI_ALERT_EXCESS_WATER
16.93,26.34,64.7,26.02,54.29,157285.8,4.94,70.16,25.44,WATER
59.37,28.91,57.35,28.52,67.8,0.0,0.0,11.33,25.74,FUNGI_ALERT_EXCESS_WATER
92.52,33.81,54.11,34.07,53.53,157285.8,6.09,84.54,33.08,OK
33.63,18.34,49.13,16.8,48.42,157285.8,4.91,38.1,43.19,ANOMALY_DETECTED
28.7,21.4,31.59,16.52,33.67,157285.8,5.08,23.22,24.72,WATER
57.97,36.13,64.96,31.27,76.99,157285.8,4.42,50.6,36.92,OK
81.05,26.64,71.71,22.13,79.85,34216.02,1.33,81.5,33.11,OK
55.03,13.69,78.84,9.54,99.62,1593.32,0.0,52.73,36.82,LOW_TEMP_ALERT
75.64,27.28,81.62,29.04,85.75,157285.8,5.64,74.89,28.53,OK
60.34,25.68,27.29,23.67,40.44,27747.5,1.17,53.99,31.7,OK
1.31,13.17,74.62,12.0,79.36,0.0,0.0,82.97,24.0,NOT_ABLE_TO_WATER
95.85,11.09,82.87,9.17,93.09,157285.8,4.94,87.38,30.89,LOW_TEMP_ALERT
20.01,33.77,93.14,31.47,100.0,157285.8,4.79,12.1,24.0,WATER
33.11,12.77,60.3,7.64,61.97,1129.81,0.02,66.49,44.02,ANOMALY_DETECTED
72.47,21.61,35.31,19.33,43.23,36050.21,1.84,74.29,31.25,OK
58.93,23.83,52.76,25.22,45.59,0.0,0.0,60.75,28.85,NIGHT_OK
38.51,23.81,55.51,18.11,59.95,3227.57,0.39,40.81,33.01,NOT_ABLE_TO_WATER
61.01,41.04,22.43,40.39,23.46,157285.8,6.33,55.24,33.99,HYDRIC_STRESS_ALERT
20.18,35.53,22.95,34.26,28.43,33051.65,0.58,15.31,29.93,NOT_ABLE_TO_WATER
66.99,23.37,43.83,20.47,42.83,0.0,0.0,76.13,29.95,NIGHT_OK
45.72,35.15,44.67,32.2,48.75,0.0,0.0,49.44,31.07,NIGHT_OK
14.26,42.6,70.7,39.63,87.88,0.0,0.0,17.45,26.54,NOT_ABLE_TO_WATER
62.03,29.62,81.04,30.47,79.33,0.0,0.0,64.63,29.62,NIGHT_OK
33.53,30.03,23.11,32.53,18.81,157285.8,5.34,23.28,33.19,WATER
64.85,13.98,58.11,13.35,75.3,0.0,0.0,17.0,28.73,FUNGI_ALERT_EXCESS_WATER
3.86,8.21,85.68,5.42,100.0,28779.4,1.18,90.16,33.62,NOT_ABLE_TO_WATER
26.92,40.43,45.99,41.24,47.05,157285.8,4.89,92.67,31.31,WATER
78.9,42.61,22.42,42.72,23.28,68702.0,2.56,65.14,32.4,EXCESS_WATER
64.98,44.58,70.59,43.34,87.86,0.0,0.0,58.94,30.42,NOT_ABLE_TO_VENTILATE
61.04,12.99,53.48,11.38,73.47,138700.0,4.55,64.16,30.11,LOW_TEMP_ALERT
89.2,6.75,25.43,3.98,24.77,157285.8,4.71,90.55,29.03,LOW_TEMP_ALERT
71.67,26.67,46.46,23.8,51.63,0.0,0.0,64.04,34.02,NIGHT_OK
35.6,12.02,35.21,8.34,41.63,157285.8,4.7,31.69,27.86,WATER
36.28,40.72,48.32,35.48,43.17,157285.8,4.98,40.28,33.52,WATER
90.16,26.52,93.11,21.09,99.57,157285.8,5.75,67.34,27.37,FUNGI_ALERT_EXCESS_WATER
73.07,38.05,30.58,36.87,25.85,94239.36,0.05,77.17,40.87,ANOMALY_DETECTED
93.17,32.84,42.32,33.52,42.37,157285.8,5.38,94.75,30.2,OK
36.9,32.7,59.79,31.07,76.73,87276.53,2.18,28.94,nan,INSUFFICIENT_DATA
97.47,41.14,63.95,37.76,75.37,157285.8,0.12,93.52,31.31,NOT_ABLE_TO_VENTILATE
58.07,31.83,52.38,31.77,53.44,157285.8,5.37,18.65,31.03,EXCESS_WATER
83.52,8.22,79.1,3.13,88.4,157285.8,4.61,60.08,30.02,FUNGI_ALERT_EXCESS_WATER
44.96,6.56,42.31,3.27,51.46,7525.89,0.11,50.83,40.27,ANOMALY_DETECTED
85.32,14.29,79.82,14.87,83.86,123996.89,2.95,89.29,30.16,LOW_TEMP_ALERT
31.09,31.54,40.65,28.62,30.74,5271.76,0.49,36.75,37.58,ANOMALY_DETECTED
5.38,27.47,87.95,24.96,93.62,6965.2,0.29,23.4,36.64,NOT_ABLE_TO_WATER
40.81,32.07,73.89,26.05,75.55,nan,0.0,40.06,25.4,INSUFFICIENT_DATA
39.72,43.21,73.75,42.45,88.5,119785.66,4.28,39.19,29.05,WATER
7.08,35.2,73.02,31.09,72.76,4713.41,0.0,21.51,30.94,NOT_ABLE_TO_WATER
93.1,17.36,22.67,15.31,29.21,6895.45,nan,89.68,29.62,INSUFFICIENT_DATA
3.17,39.69,31.13,33.26,12.27,79208.48,2.98,20.18,24.06,WATER
28.28,39.79,82.58,36.39,90.2,0.0,0.0,26.32,31.47,NOT_ABLE_TO_WATER
2.36,41.24,71.25,42.14,75.91,0.0,0.0,81.41,30.13,NOT_ABLE_TO_WATER
17.66,8.74,64.39,8.54,76.56,157285.8,5.48,13.64,28.38,WATER
19.91,30.59,78.46,29.31,100.0,6415.9,0.18,68.91,26.13,NOT_ABLE_TO_WATER
75.21,27.42,48.68,25.71,52.83,0.0,0.0,85.98,37.99,NIGHT_OK
12.54,25.34,36.42,21.75,43.83,107880.18,4.51,88.54,33.21,WATER
77.14,22.49,20.79,21.51,20.48,0.0,0.0,72.27,32.25,NIGHT_OK
88.25,43.57,45.9,37.45,56.6,122835.31,3.81,35.93,29.96,EXCESS_WATER
75.39,13.58,83.13,11.0,83.76,18562.84,0.95,13.96,32.15,FUNGI_ALERT_EXCESS_WATER
61.72,20.37,18.81,19.2,19.88,0.0,0.0,54.46,28.1,NIGHT_OK
10.08,13.88,62.86,14.4,67.74,157285.8,5.61,42.84,29.34,WATER
34.19,25.73,75.97,21.43,84.28,5656.18,0.08,29.58,28.66,NOT_ABLE_TO_WATER
13.44,44.43,30.11,44.69,10.13,0.0,0.0,67.78,28.53,NOT_ABLE_TO_WATER
30.78,7.49,34.35,3.52,38.32,157285.8,5.3,33.85,31.11,WATER
96.91,30.53,33.53,30.39,37.13,157285.8,5.04,17.87,41.56,ANOMALY_DETECTED
57.66,32.0,53.62,32.02,72.9,157285.8,5.09,16.99,32.47,EXCESS_WATER
9.53,43.92,16.24,43.97,21.09,0.0,0.0,35.25,26.7,NOT_ABLE_TO_WATER
67.55,30.87,86.21,29.07,88.51,77487.39,3.18,68.81,32.76,OK
84.68,17.21,43.01,17.72,34.45,0.0,0.0,85.27,26.31,NIGHT_OK
29.03,9.55,58.39,13.29,51.7,2563.14,0.16,34.57,31.42,NOT_ABLE_TO_WATER
48.29,33.39,82.14,33.86,89.36,157285.8,4.87,43.76,35.96,OK
83.35,nan,23.34,11.97,27.28,49411.23,1.69,84.58,28.94,INSUFFICIENT_DATA
94.34,9.56,51.93,7.13,48.08,49320.23,1.87,85.84,29.41,LOW_TEMP_ALERT
98.95,9.87,22.05,7.38,32.54,0.0,0.0,58.77,24.07,FUNGI_ALERT_EXCESS_WATER
42.63,34.36,35.19,30.43,40.33,0.0,0.0,13.05,36.22,FUNGI_ALERT_EXCESS_WATER
32.87,39.58,48.18,38.64,49.92,157285.8,5.51,51.13,26.45,WATER
65.06,36.64,32.78,35.3,50.94,157285.8,5.12,71.32,35.65,OK
93.02,24.59,44.93,22.21,43.42,157285.8,5.58,89.55,28.35,OK
50.09,43.28,45.88,45.38,50.92,9463.05,0.06,48.85,33.19,NOT_ABLE_TO_VENTILATE
92.44,34.8,35.48,31.28,47.19,0.0,0.0,43.69,28.46,FUNGI_ALERT_EXCESS_WATER
38.31,25.89,92.21,28.3,95.2,157285.8,5.46,37.0,32.82,WATER
11.92,36.22,57.51,38.26,52.85,157285.8,5.88,57.7,45.49,ANOMALY_DETECTED
65.89,40.54,91.77,40.61,96.68,44412.88,1.05,69.67,29.18,NOT_ABLE_TO_VENTILATE
26.25,16.9,44.39,16.78,54.96,0.0,0.0,83.99,34.37,NOT_ABLE_TO_WATER
49.84,5.57,78.43,2.62,95.68,157285.8,4.89,45.34,33.95,LOW_TEMP_ALERT
83.5,21.44,76.02,20.3,88.14,0.0,0.0,57.2,28.22,FUNGI_ALERT_EXCESS_WATER
84.24,42.19,41.69,42.07,56.71,68498.53,1.84,75.77,32.87,NOT_ABLE_TO_VENTILATE
95.01,37.04,22.74,40.51,42.8,157285.8,5.03,74.95,26.05,EXCESS_WATER
12.62,7.02,93.14,7.14,88.45,157285.8,6.31,19.4,24.36,WATER
78.46,40.59,40.83,39.37,56.33,42743.55,1.39,80.98,37.05,ANOMALY_DETECTED
55.03,5.56,60.94,2.38,47.53,7765.09,0.31,18.42,33.62,EXCESS_WATER
56.58,32.97,26.89,32.2,29.33,42518.65,1.63,60.43,27.98,OK
43.97,32.93,78.77,37.24,90.48,157285.8,4.62,36.79,36.06,VENTILATE
63.3,9.79,53.69,12.48,53.45,0.0,0.0,41.96,29.31,FUNGI_ALERT_EXCESS_WATER
32.92,17.59,34.79,16.71,50.35,16377.31,0.52,34.41,25.03,NOT_ABLE_TO_WATER
35.05,28.13,88.0,28.51,96.56,0.0,0.0,41.78,35.62,NOT_ABLE_TO_WATER
46.04,38.4,80.73,33.46,79.38,0.0,0.0,44.84,29.35,NOT_ABLE_TO_VENTILATE
70.18,17.89,19.01,13.34,27.18,0.0,0.0,65.18,27.62,LOW_TEMP_ALERT
53.56,22.91,92.94,22.26,99.44,2292.52,0.11,86.41,30.77,NOT_ABLE_TO_WATER
71.66,40.14,80.53,39.97,100.0,0.0,0.0,82.23,27.92,NOT_ABLE_TO_WATER
85.24,21.56,91.07,19.17,93.1,715.85,0.4,85.56,24.0,LOW_LIGHT
89.57,41.4,92.66,40.56,85.15,157285.8,4.88,52.52,26.83,FUNGI_ALERT_EXCESS_WATER
47.99,24.13,39.49,19.87,60.26,0.0,0.0,42.75,36.35,NIGHT_OK
53.26,6.93,51.45,5.2,52.25,24998.22,0.99,48.76,28.73,LOW_TEMP_ALERT
92.25,29.86,88.3,27.96,100.0,6844.56,0.28,53.24,33.12,FUNGI_ALERT_EXCESS_WATER
23.86,26.66,33.18,25.72,51.21,157285.8,4.71,27.63,29.64,WATER
23.9,27.39,80.51,25.4,90.16,0.0,0.0,34.92,30.45,NOT_ABLE_TO_WATER
80.76,19.5,41.04,17.36,50.58,157285.8,5.61,72.51,37.04,ANOMALY_DETECTED
14.44,31.28,42.57,30.31,43.77,157285.8,6.31,87.95,26.75,WATER
70.22,19.51,55.21,16.0,67.07,0.0,0.0,48.08,32.25,FUNGI_ALERT_EXCESS_WATER
46.08,6.64,59.0,4.37,61.68,157285.8,5.93,39.29,33.34,LOW_TEMP_ALERT
70.41,9.88,46.1,7.72,49.42,157285.8,5.4,71.33,29.75,LOW_TEMP_ALERT
23.78,33.18,19.02,32.15,20.21,0.0,0.0,26.85,29.74,NOT_ABLE_TO_WATER
86.71,20.43,79.97,19.02,88.67,6061.33,0.07,89.73,35.77,LOW_LIGHT
25.73,20.83,84.49,18.51,99.71,157285.8,4.8,26.51,28.31,WATER
57.41,5.41,16.21,5.22,14.44,0.0,0.0,64.9,31.12,LOW_TEMP_ALERT
5.17,39.46,25.31,39.72,22.64,0.0,0.0,10.37,27.8,NOT_ABLE_TO_WATER
6.44,33.07,54.14,32.43,67.78,157285.8,5.11,86.7,27.46,WATER
5.88,13.74,17.08,11.99,15.5,123555.34,3.93,71.3,29.22,WATER
70.66,12.23,83.04,12.79,96.25,81067.53,2.56,76.0,28.76,LOW_TEMP_ALERT
25.69,30.25,92.84,29.39,100.0,157285.8,6.02,23.3,25.25,WATER
51.08,17.74,25.95,15.77,39.52,0.0,0.0,78.25,31.25,NOT_ABLE_TO_WATER
68.2,11.71,22.2,7.5,20.74,0.0,0.0,69.55,29.06,LOW_TEMP_ALERT
39.91,16.61,21.59,13.21,26.2,0.0,0.0,85.16,27.64,NOT_ABLE_TO_WATER
62.92,20.4,57.26,21.05,66.76,0.0,0.0,48.89,36.29,FUNGI_ALERT_EXCESS_WATER
61.55,17.12,20.35,14.74,22.12,157285.8,5.37,79.34,37.37,ANOMALY_DETECTED
46.8,5.55,86.97,4.82,89.99,728.61,0.0,51.62,31.63,LOW_TEMP_ALERT
99.0,40.35,59.09,38.4,62.97,63502.28,2.32,13.11,31.41,EXCESS_WATER
86.24,39.66,73.35,40.66,76.62,0.0,0.0,71.17,31.24,FUNGI_ALERT_EXCESS_WATER
0.93,15.5,78.3,13.01,90.47,154206.93,4.68,48.82,24.0,WATER
74.77,36.19,83.64,33.32,84.56,38835.77,1.93,71.47,24.0,OK
36.32,16.68,82.62,12.64,85.15,157285.8,5.63,69.81,28.73,WATER
78.82,24.54,69.34,24.61,78.68,0.0,0.0,33.46,43.51,FUNGI_ALERT_EXCESS_WATER
54.15,21.2,77.6,20.49,89.91,57204.55,2.43,54.96,28.84,OK
40.67,29.13,89.19,26.7,91.23,137994.58,4.75,43.32,31.36,OK
0.64,14.9,20.46,15.61,28.26,106487.05,3.47,36.8,24.0,WATER
20.33,34.19,19.24,31.1,26.63,26870.47,0.97,13.3,39.5,ANOMALY_DETECTED
8.06,23.84,44.32,24.76,49.6,55879.51,1.18,11.48,28.16,NOT_ABLE_TO_WATER
26.13,22.1,62.54,22.11,66.8,157285.8,5.32,29.69,24.69,WATER
63.72,30.79,44.77,29.7,51.49,9296.53,0.27,61.97,29.04,LOW_LIGHT
68.5,22.63,51.98,20.02,54.45,157285.8,5.11,66.98,25.68,OK
98.29,20.89,21.88,14.59,13.9,157285.8,5.95,55.4,30.38,EXCESS_WATER
89.11,23.37,50.91,19.56,52.27,43069.27,0.97,37.57,27.81,EXCESS_WATER
52.63,18.15,82.04,13.81,83.99,3288.38,0.16,45.39,28.66,LOW_TEMP_ALERT
14.27,12.65,79.3,9.69,74.26,0.0,0.0,15.64,30.79,NOT_ABLE_TO_WATER
75.96,39.4,70.15,37.04,89.95,81387.21,2.24,80.54,24.29,NOT_ABLE_TO_VENTILATE
45.98,5.04,84.21,8.41,78.92,146813.62,5.75,41.59,32.8,LOW_TEMP_ALERT
75.28,13.41,24.22,10.53,22.55,80723.78,2.55,70.4,33.42,LOW_TEMP_ALERT
28.2,9.83,80.65,9.85,86.04,0.0,0.0,27.94,26.04,NOT_ABLE_TO_WATER
36.43,32.67,93.03,27.52,94.12,3575.54,0.03,39.12,26.54,NOT_ABLE_TO_WATER
22.89,39.88,51.91,37.22,68.8,0.0,0.0,19.31,37.53,NOT_ABLE_TO_WATER
59.38,26.39,65.01,21.61,80.52,0.0,0.0,53.45,28.76,NIGHT_OK
9.36,19.59,54.8,20.42,50.52,157285.8,5.94,11.17,33.32,WATER
10.74,11.65,70.62,7.13,71.66,157285.8,4.94,17.07,30.0,WATER
68.03,28.06,62.27,25.48,59.38,nan,0.0,69.16,33.1,INSUFFICIENT_DATA
35.7,15.55,45.61,15.07,60.47,86324.02,3.08,33.92,31.54,WATER
72.84,6.57,69.91,7.24,90.38,157285.8,4.91,70.39,24.8,LOW_TEMP_ALERT
22.54,44.55,43.0,44.01,38.09,0.0,0.0,16.57,28.44,NOT_ABLE_TO_WATER
78.34,15.18,59.4,12.16,65.45,33342.48,1.5,79.05,29.11,LOW_TEMP_ALERT
77.78,13.28,81.69,10.85,91.53,157285.8,6.01,88.29,30.44,LOW_TEMP_ALERT
64.54,10.68,68.71,10.91,74.55,0.0,0.0,70.21,29.56,LOW_TEMP_ALERT
29.44,15.29,84.83,14.36,85.15,157285.8,6.32,36.53,41.48,ANOMALY_DETECTED
37.15,7.01,87.9,6.87,100.0,0.0,0.0,30.8,29.15,NOT_ABLE_TO_WATER
95.66,10.41,92.86,7.9,100.0,157285.8,4.16,46.58,28.49,FUNGI_ALERT_EXCESS_WATER
46.75,27.25,47.4,24.48,60.49,0.0,0.0,67.47,26.28,NOT_ABLE_TO_WATER
30.51,42.15,42.96,39.17,55.48,12749.62,0.06,29.49,29.45,NOT_ABLE_TO_WATER
21.71,10.96,79.71,10.27,79.15,92689.01,3.81,18.86,34.53,WATER
0.43,12.93,58.3,11.11,72.41,5804.02,0.31,20.14,27.36,NOT_ABLE_TO_WATER
49.27,35.9,39.38,36.6,42.88,157285.8,5.02,31.96,30.55,EXCESS_WATER
57.84,28.46,26.34,32.12,36.07,157285.8,4.92,53.9,34.77,OK
64.87,40.9,21.53,41.32,23.58,24238.22,1.03,66.02,45.96,ANOMALY_DETECTED
1.85,33.69,38.33,34.53,51.56,157285.8,5.23,10.11,33.63,WATER
27.13,5.73,94.58,5.96,98.03,2418.96,0.26,22.8,31.7,NOT_ABLE_TO_WATER
36.23,14.53,22.61,14.36,16.51,63789.72,1.47,37.15,35.92,NOT_ABLE_TO_WATER
48.23,30.78,41.51,25.78,39.92,65414.4,2.55,54.44,27.21,OK
74.79,10.04,86.29,11.09,97.25,157285.8,4.88,74.72,29.97,LOW_TEMP_ALERT
88.09,37.41,60.38,37.97,61.72,157285.8,5.86,90.47,29.96,VENTILATE
22.77,32.79,67.32,29.99,71.84,157285.8,5.58,48.98,37.28,ANOMALY_DETECTED
86.69,30.54,70.82,27.71,83.38,0.0,0.0,87.34,30.62,NIGHT_OK
89.58,27.27,45.85,29.23,48.6,53223.74,1.7,91.46,32.4,OK
27.47,14.85,72.7,16.06,64.23,157285.8,5.21,28.37,31.75,WATER
86.06,28.23,55.18,23.81,62.54,32050.98,0.53,86.6,31.11,OK
55.71,9.15,39.39,8.33,37.88,0.0,0.0,51.72,25.41,LOW_TEMP_ALERT
36.22,40.96,93.46,40.33,97.89,148917.94,5.28,32.92,25.87,WATER
32.93,5.81,50.53,6.49,67.21,0.0,0.0,40.07,37.56,NOT_ABLE_TO_WATER
48.39,44.83,27.52,41.32,36.01,157285.8,5.92,52.98,36.56,HYDRIC_STRESS_ALERT
66.51,6.85,28.54,3.33,39.29,157285.8,4.38,74.43,31.61,LOW_TEMP_ALERT
49.11,9.68,92.88,6.88,100.0,157285.8,4.95,43.79,27.89,LOW_TEMP_ALERT
48.77,11.19,17.11,9.23,23.66,37778.19,1.67,48.52,27.02,LOW_TEMP_ALERT
69.15,43.0,36.95,43.44,36.56,44583.65,1.79,70.9,26.44,NOT_ABLE_TO_VENTILATE
92.06,24.98,53.17,22.59,56.49,2928.48,0.0,92.53,32.98,LOW_LIGHT
92.36,22.6,71.26,20.5,80.05,0.0,0.0,37.56,26.17,FUNGI_ALERT_EXCESS_WATER
79.59,30.15,90.33,25.16,98.84,7569.14,0.0,49.49,30.47,FUNGI_ALERT_EXCESS_WATER
63.7,34.61,39.35,31.58,43.58,48594.83,1.81,67.06,33.36,OK
19.85,41.95,89.09,40.69,96.02,0.0,0.0,20.33,31.68,NOT_ABLE_TO_WATER
18.8,8.66,23.61,7.48,28.21,157285.8,5.71,26.95,30.57,WATER
36.49,38.04,46.26,35.57,56.21,157285.8,5.47,42.26,32.67,WATER
85.33,18.91,86.64,19.03,83.38,55792.91,2.58,48.11,30.91,FUNGI_ALERT_EXCESS_WATER
57.07,34.98,71.95,32.87,77.6,0.0,0.0,52.58,28.82,NIGHT_OK
84.23,29.77,78.64,29.35,97.94,0.0,0.0,82.73,24.0,NIGHT_OK
98.54,27.42,83.57,29.43,82.04,0.0,0.0,78.33,34.16,FUNGI_ALERT_EXCESS_WATER
42.51,30.09,60.4,29.05,59.38,0.0,0.0,56.23,35.45,NOT_ABLE_TO_WATER
35.71,29.28,27.54,28.28,24.79,7200.98,0.51,34.17,33.22,NOT_ABLE_TO_WATER
7.27,32.4,31.86,30.87,21.63,4510.93,0.0,16.53,29.57,NOT_ABLE_TO_WATER
27.95,12.6,93.97,10.85,92.55,0.0,0.0,32.22,30.11,NOT_ABLE_TO_WATER
23.93,42.22,33.68,40.21,43.38,157285.8,5.59,24.55,33.15,WATER
37.09,30.68,90.11,26.85,78.69,0.0,0.0,72.16,29.69,NOT_ABLE_TO_WATER
88.98,30.8,59.57,25.58,68.1,15851.48,0.82,92.99,31.77,OK
64.03,32.52,48.98,30.32,70.34,157285.8,6.17,63.33,24.0,OK
57.72,6.21,79.58,6.94,77.05,6804.11,0.23,44.93,43.39,ANOMALY_DETECTED
41.49,40.91,49.9,35.99,45.23,1055.44,0.0,36.16,32.87,NOT_ABLE_TO_VENTILATE
75.28,16.35,27.46,11.8,41.25,0.0,0.0,31.05,28.32,FUNGI_ALERT_EXCESS_WATER
64.4,13.38,21.9,11.66,27.9,157285.8,5.04,22.58,31.07,EXCESS_WATER
52.48,20.02,70.39,19.05,61.27,0.0,0.0,nan,25.94,INSUFFICIENT_DATA
68.9,26.05,31.95,26.84,43.37,157285.8,5.31,52.73,28.47,EXCESS_WATER
42.87,11.22,60.06,7.69,68.44,157285.8,4.52,62.27,33.29,WATER
79.64,36.21,40.52,33.53,46.84,0.0,0.0,69.62,29.9,FUNGI_ALERT_EXCESS_WATER
76.27,40.55,50.49,39.9,55.49,0.0,0.0,83.99,37.08,NOT_ABLE_TO_VENTILATE
49.92,8.57,27.69,8.62,37.97,66500.1,2.35,46.98,30.09,LOW_TEMP_ALERT
97.86,39.59,89.47,38.48,92.72,0.0,0.0,91.24,29.12,NOT_ABLE_TO_VENTILATE
97.63,28.05,42.4,24.67,55.9,157285.8,5.5,19.27,29.74,EXCESS_WATER
66.27,40.94,21.98,38.74,35.99,157285.8,4.87,77.58,43.52,ANOMALY_DETECTED
47.2,18.88,30.66,19.23,26.65,63845.7,2.12,42.11,28.56,OK
83.63,24.1,23.85,20.2,31.27,73635.89,2.64,51.04,24.85,EXCESS_WATER
22.97,37.34,63.66,36.68,69.29,157285.8,5.7,27.19,35.97,WATER
68.96,38.26,37.13,33.58,39.43,5882.91,0.0,61.62,33.94,NOT_ABLE_TO_VENTILATE
58.42,15.85,20.65,18.84,17.17,0.0,0.0,11.86,30.11,FUNGI_ALERT_EXCESS_WATER
36.61,19.24,92.91,18.34,96.4,157285.8,5.92,11.54,26.74,WATER
87.09,31.67,61.77,26.43,69.33,6888.0,0.0,79.15,30.15,LOW_LIGHT
57.13,9.44,58.01,8.17,51.41,157285.8,5.29,35.69,29.81,EXCESS_WATER
31.8,9.74,62.58,10.26,64.23,1434.17,0.0,44.55,36.82,NOT_ABLE_TO_WATER
44.71,40.23,63.92,36.0,67.23,134765.63,3.75,28.44,29.29,EXCESS_WATER
39.76,33.94,76.61,32.41,69.32,0.0,0.0,46.61,39.49,NOT_ABLE_TO_WATER
20.72,38.74,17.32,37.45,14.73,157285.8,4.44,17.04,24.0,WATER
97.33,17.24,43.19,14.8,43.22,157285.8,5.56,74.55,26.82,EXCESS_WATER
5.94,38.5,24.31,31.83,31.24,90175.45,3.6,91.23,32.56,WATER
9.28,8.61,53.54,5.17,48.35,157285.8,5.4,73.26,24.82,WATER
94.81,31.85,47.4,30.26,49.05,7731.2,0.0,88.73,25.45,LOW_LIGHT
22.6,36.36,84.57,35.1,91.01,157285.8,6.1,24.46,30.34,WATER
94.13,25.71,17.16,21.43,16.0,0.0,0.0,82.71,30.4,FUNGI_ALERT_EXCESS_WATER
21.51,15.95,38.98,14.25,37.22,1484.67,0.37,45.7,33.29,NOT_ABLE_TO_WATER
34.65,37.18,35.33,34.93,28.23,157285.8,4.95,48.76,24.0,WATER
11.01,23.7,23.76,19.84,27.9,4697.85,0.46,48.81,30.54,NOT_ABLE_TO_WATER
76.06,30.01,34.59,25.63,35.46,157285.8,4.72,74.85,24.0,OK
36.68,18.76,60.93,18.07,66.66,157285.8,0.15,56.29,29.92,NOT_ABLE_TO_WATER
19.41,39.61,86.77,37.54,83.61,157285.8,5.58,19.67,24.0,WATER
59.17,22.57,15.31,23.46,24.46,157285.8,4.35,50.09,37.7,ANOMALY_DETECTED
25.25,19.12,92.22,13.23,100.0,0.0,0.0,28.92,33.66,NOT_ABLE_TO_WATER
16.7,25.85,63.04,24.77,76.77,157285.8,5.43,17.59,31.56,WATER
62.05,6.61,91.43,8.22,91.49,0.0,0.0,60.88,35.88,LOW_TEMP_ALERT
84.94,41.1,41.63,41.02,41.56,157285.8,5.43,58.37,29.88,EXCESS_WATER
49.59,30.21,69.81,25.9,76.71,107867.51,4.34,50.28,31.23,OK
15.89,5.05,52.68,6.15,56.03,114634.03,3.62,10.9,32.45,WATER
62.96,23.66,41.68,20.84,50.15,0.0,0.0,30.75,31.03,FUNGI_ALERT_EXCESS_WATER
96.94,42.02,51.71,39.77,55.3,157285.8,5.0,54.2,32.56,EXCESS_WATER
21.19,14.52,52.09,16.18,38.89,144923.94,4.87,32.95,28.91,WATER
98.08,15.67,88.43,16.29,100.0,157285.8,4.46,23.98,44.84,ANOMALY_DETECTED
75.05,34.59,48.16,30.14,53.25,0.0,0.0,87.69,33.37,NIGHT_OK
26.91,7.44,52.32,6.59,45.65,157285.8,5.78,24.12,28.89,WATER
91.17,38.89,70.42,38.6,81.64,157285.8,5.75,31.73,26.79,FUNGI_ALERT_EXCESS_WATER
12.31,32.35,65.12,27.98,80.43,1730.47,0.0,14.82,29.98,NOT_ABLE_TO_WATER
10.2,33.02,25.88,31.81,33.21,0.0,0.0,56.91,31.53,NOT_ABLE_TO_WATER
17.25,39.99,25.86,39.0,18.36,157285.8,5.09,14.78,30.77,WATER
53.02,14.91,51.95,15.23,66.74,0.0,0.0,49.53,28.54,NIGHT_OK
49.99,39.5,42.28,39.28,47.42,156837.0,5.09,51.21,33.62,VENTILATE
77.76,38.04,83.7,33.93,93.29,0.0,0.0,50.08,29.49,FUNGI_ALERT_EXCESS_WATER
70.59,25.52,48.91,21.96,45.21,157285.8,5.37,74.64,32.09,OK
45.44,43.71,59.69,42.58,65.93,2412.95,0.43,92.05,24.0,NOT_ABLE_TO_WATER
15.84,5.95,47.39,4.75,43.26,157285.8,nan,80.3,26.99,INSUFFICIENT_DATA
10.01,22.53,52.66,19.4,56.75,0.0,0.0,69.43,32.57,NOT_ABLE_TO_WATER
56.86,22.01,61.87,17.31,59.4,157285.8,0.03,43.81,32.39,EXCESS_WATER
87.57,26.0,82.95,22.7,82.23,0.0,0.0,73.94,36.88,FUNGI_ALERT_EXCESS_WATER
35.96,12.84,21.14,11.23,30.27,7508.27,0.0,35.2,25.27,NOT_ABLE_TO_WATER
75.38,9.66,70.62,5.36,77.37,157285.8,4.85,71.55,27.25,LOW_TEMP_ALERT
35.58,43.66,73.9,40.5,88.96,0.0,0.0,32.41,28.71,NOT_ABLE_TO_WATER
93.5,23.63,33.54,20.82,41.74,157285.8,5.34,34.46,32.25,EXCESS_WATER
16.55,29.63,35.34,26.11,39.19,26121.02,0.75,19.9,37.98,ANOMALY_DETECTED
48.28,28.17,80.96,29.16,81.72,157285.8,4.2,48.46,29.06,OK
64.21,6.6,75.01,7.2,90.23,157285.8,5.18,62.04,39.1,ANOMALY_DETECTED
30.47,21.89,24.53,20.49,32.64,157285.8,6.06,21.29,32.76,WATER
91.36,22.24,62.12,19.94,64.89,0.0,0.0,86.04,29.42,NIGHT_OK
77.83,28.69,28.76,27.59,30.68,0.0,0.0,72.24,27.82,NIGHT_OK
2.5,34.46,60.55,32.27,66.78,157285.8,5.36,55.76,24.0,WATER
95.3,33.05,33.38,34.08,38.87,0.0,0.0,44.02,37.41,FUNGI_ALERT_EXCESS_WATER
45.65,21.65,37.4,20.08,39.13,0.0,0.0,44.87,28.04,NIGHT_OK
35.11,41.21,50.13,39.68,53.65,6780.59,0.68,25.3,33.46,NOT_ABLE_TO_WATER
22.05,44.51,88.04,41.71,95.6,157285.8,5.18,25.73,34.11,WATER
17.96,20.54,84.52,17.88,92.38,0.0,0.0,71.74,33.66,NOT_ABLE_TO_WATER
71.93,34.33,88.48,33.01,96.31,0.0,0.0,66.6,32.91,NIGHT_OK
99.96,41.78,59.7,39.2,48.28,157285.8,4.06,24.51,24.43,EXCESS_WATER
32.88,29.4,92.47,28.01,94.06,0.0,0.0,27.25,35.67,NOT_ABLE_TO_WATER
65.4,11.15,71.84,10.21,71.64,0.0,0.0,40.15,29.41,FUNGI_ALERT_EXCESS_WATER
16.1,40.11,nan,39.94,79.42,0.0,0.0,59.2,24.0,INSUFFICIENT_DATA
3.16,19.74,94.25,20.41,94.48,4051.01,0.35,32.99,31.03,NOT_ABLE_TO_WATER
10.31,31.51,53.82,30.62,48.92,0.0,0.0,10.67,33.33,NOT_ABLE_TO_WATER
52.48,22.71,52.63,18.55,58.9,157285.8,6.2,47.29,34.19,OK
35.97,24.85,54.38,24.57,63.58,157285.8,5.55,82.28,30.44,WATER
37.97,32.74,36.81,30.8,46.7,157285.8,6.14,42.25,45.7,ANOMALY_DETECTED
17.72,38.65,15.26,36.38,17.77,157285.8,4.54,18.72,35.73,WATER
84.95,28.61,42.25,24.76,38.82,0.0,0.0,76.65,31.96,NIGHT_OK
28.09,27.64,89.85,27.02,99.66,157285.8,5.52,27.29,29.38,WATER
52.05,12.12,41.09,9.05,61.72,157285.8,6.07,56.71,24.0,LOW_TEMP_ALERT
12.24,11.77,27.62,10.46,33.09,0.0,0.0,17.31,24.76,NOT_ABLE_TO_WATER
11.1,17.01,26.42,15.58,34.68,157285.8,5.0,14.06,32.59,WATER
89.02,31.03,68.84,30.47,78.32,6018.93,0.47,89.63,24.0,LOW_LIGHT
42.6,18.03,51.3,14.91,50.86,42033.08,1.89,60.98,24.08,NOT_ABLE_TO_WATER
26.57,22.21,72.47,19.05,67.55,77550.07,2.44,28.8,34.14,WATER
72.19,37.98,65.95,31.73,71.6,115950.67,3.38,74.02,27.35,VENTILATE
40.7,21.84,92.51,19.85,100.0,0.0,0.0,84.45,28.53,NOT_ABLE_TO_WATER
25.35,23.78,72.98,22.2,95.99,157285.8,5.62,20.87,27.13,WATER
85.18,6.98,86.49,3.01,91.4,0.0,0.0,79.17,32.54,LOW_TEMP_ALERT
25.02,37.08,88.4,36.91,92.67,0.0,0.0,26.14,31.27,NOT_ABLE_TO_WATER
79.9,13.9,29.26,11.65,37.23,59932.84,2.07,11.66,29.99,EXCESS_WATER
22.09,11.78,66.5,10.38,77.71,4237.64,0.14,38.3,33.3,NOT_ABLE_TO_WATER
75.98,13.3,39.28,7.29,39.84,5161.26,0.2,39.33,24.85,EXCESS_WATER
48.68,24.92,28.5,23.96,42.65,0.0,0.0,76.96,27.52,NOT_ABLE_TO_WATER
82.14,28.32,34.0,28.68,24.19,0.0,0.0,79.06,35.76,NIGHT_OK
39.06,19.92,33.27,19.65,58.72,157285.8,5.32,38.58,27.77,WATER
25.97,8.76,27.06,4.19,38.35,157285.8,0.13,64.64,31.2,NOT_ABLE_TO_WATER
59.35,34.99,58.17,30.61,59.03,157285.8,5.75,56.53,24.0,OK
80.96,19.34,20.69,19.6,19.1,0.0,0.0,79.04,36.8,NIGHT_OK
42.9,18.41,34.0,15.74,40.46,157285.8,6.39,41.19,29.25,OK
75.06,17.33,42.97,16.63,55.48,0.0,0.0,51.28,24.97,FUNGI_ALERT_EXCESS_WATER
76.54,15.06,86.84,12.12,85.39,0.0,0.0,79.47,30.49,LOW_TEMP_ALERT
93.22,5.38,84.25,5.35,92.5,0.0,0.0,24.23,29.26,FUNGI_ALERT_EXCESS_WATER
6.27,14.27,88.35,17.15,96.36,4403.03,0.12,10.16,32.53,NOT_ABLE_TO_WATER
99.1,15.31,71.56,12.58,91.34,157285.8,5.31,90.13,26.65,LOW_TEMP_ALERT
69.45,39.15,15.3,37.66,6.53,0.0,0.0,22.74,31.47,FUNGI_ALERT_EXCESS_WATER
83.0,11.62,17.47,11.02,20.25,157285.8,6.49,85.33,39.22,ANOMALY_DETECTED
55.06,5.72,52.91,2.06,61.41,0.0,0.0,nan,28.08,INSUFFICIENT_DATA
73.69,8.24,41.64,2.05,40.42,0.0,0.0,31.19,28.43,FUNGI_ALERT_EXCESS_WATER
26.79,16.72,60.61,13.57,61.92,157285.8,4.77,58.5,29.11,WATER
73.14,10.43,92.33,5.67,100.0,94720.59,0.05,83.84,31.78,NOT_ABLE_TO_WATER
87.09,22.07,61.1,19.55,75.99,146644.45,4.28,89.64,27.98,OK
62.21,8.45,66.21,6.67,77.92,157285.8,5.2,64.44,35.99,LOW_TEMP_ALERT
92.7,38.98,52.13,36.7,48.28,0.0,0.0,91.3,24.0,NOT_ABLE_TO_VENTILATE
26.53,28.45,88.87,23.36,94.95,41061.55,2.18,31.49,24.0,WATER
84.37,25.48,62.24,24.94,63.68,0.0,0.0,16.66,30.47,FUNGI_ALERT_EXCESS_WATER
20.97,20.98,48.57,21.57,40.68,36985.36,1.31,63.12,36.22,NOT_ABLE_TO_WATER
69.01,22.53,60.34,20.07,57.9,157285.8,4.84,65.22,24.83,OK
95.76,33.19,88.79,28.51,100.0,157285.8,4.93,63.37,30.26,FUNGI_ALERT_EXCESS_WATER
58.82,29.44,48.73,29.78,63.11,94907.59,3.49,66.01,26.52,OK
51.78,29.56,36.99,27.68,31.67,0.0,0.0,60.57,37.84,NIGHT_OK
91.12,6.2,30.85,2.43,30.05,0.0,0.0,92.77,29.01,LOW_TEMP_ALERT
50.51,8.55,73.51,8.76,79.6,0.0,0.0,67.11,32.47,NOT_ABLE_TO_WATER
26.2,12.3,52.55,11.44,69.07,157285.8,5.22,25.24,26.14,WATER
83.31,21.22,65.61,20.64,57.79,157285.8,4.29,86.22,32.31,OK
49.47,9.9,91.94,9.71,97.18,0.0,0.0,52.06,33.52,LOW_TEMP_ALERT
52.15,41.12,90.58,35.31,81.98,2687.35,0.0,66.62,29.03,NOT_ABLE_TO_WATER
96.46,32.57,36.57,33.45,45.04,42755.29,1.83,90.78,26.92,OK
76.94,21.51,55.67,17.68,59.98,81674.32,2.95,80.75,31.67,OK
11.67,10.24,51.89,6.4,56.69,22949.29,1.47,59.44,24.2,NOT_ABLE_TO_WATER
78.91,33.36,77.91,35.07,88.85,0.0,0.0,75.67,32.99,NIGHT_OK
75.42,10.28,53.7,10.14,73.6,18565.82,0.55,78.85,35.15,LOW_TEMP_ALERT
51.74,7.27,71.8,7.43,88.71,157285.8,5.31,58.7,26.84,LOW_TEMP_ALERT
22.69,38.42,43.56,33.42,49.13,46644.76,1.63,22.52,29.89,NOT_ABLE_TO_WATER
14.02,38.34,40.46,37.65,44.14,18498.76,0.51,18.59,33.37,NOT_ABLE_TO_WATER
50.58,44.28,33.4,42.33,28.37,nan,0.0,55.27,27.26,INSUFFICIENT_DATA
61.43,20.9,40.65,17.81,38.86,120194.04,3.76,67.45,31.04,OK
8.89,24.65,92.89,20.95,99.12,157285.8,5.58,15.63,25.57,WATER
84.24,43.37,34.3,44.39,57.85,0.0,0.0,88.62,29.77,NOT_ABLE_TO_VENTILATE
67.82,44.99,69.94,45.92,84.48,46832.96,0.5,59.07,44.77,ANOMALY_DETECTED
44.35,12.41,18.04,8.54,29.57,0.0,0.0,43.9,28.18,LOW_TEMP_ALERT
90.35,9.92,19.25,5.32,12.68,157285.8,5.85,72.28,31.72,EXCESS_WATER
72.61,43.06,94.28,42.27,84.37,157285.8,5.3,70.05,28.68,VENTILATE
58.55,35.95,71.85,36.59,83.32,157285.8,0.08,68.48,25.64,NOT_ABLE_TO_VENTILATE
82.54,20.21,30.83,15.81,37.49,0.0,0.0,83.54,36.18,NIGHT_OK
98.98,25.52,21.09,25.01,23.85,8269.88,0.02,93.18,29.94,LOW_LIGHT
65.66,40.69,28.29,42.64,45.89,7555.19,0.01,60.47,29.32,HYDRIC_STRESS_ALERT
89.84,28.93,92.27,30.5,90.1,141239.98,5.57,87.53,27.79,OK
89.45,11.84,45.2,13.87,50.77,0.0,0.0,83.96,30.82,LOW_TEMP_ALERT
21.97,38.38,40.56,36.86,57.54,58382.14,1.87,17.84,34.49,NOT_ABLE_TO_WATER
15.77,37.73,81.35,33.5,79.96,112388.5,2.6,94.45,27.9,WATER
56.11,32.26,70.28,30.26,68.09,903.48,0.31,56.85,26.61,LOW_LIGHT
98.27,31.98,25.31,29.0,36.82,157285.8,6.39,51.15,24.0,EXCESS_WATER
43.52,36.79,41.79,33.89,38.62,105208.01,nan,65.59,32.86,INSUFFICIENT_DATA
81.39,17.11,31.36,14.31,35.24,157285.8,5.82,76.4,24.0,LOW_TEMP_ALERT
43.34,20.08,54.82,19.65,68.19,8892.51,0.32,41.91,29.39,LOW_LIGHT
22.68,15.86,47.64,17.03,38.63,0.0,0.0,22.85,34.34,NOT_ABLE_TO_WATER
38.75,26.85,44.35,25.22,49.89,71294.86,2.21,42.11,26.13,WATER
51.55,31.37,21.89,29.7,5.67,0.0,0.0,56.16,31.18,NIGHT_OK
76.92,33.5,64.04,34.38,64.02,157285.8,4.97,33.1,30.1,EXCESS_WATER
47.67,34.65,19.56,31.1,27.62,157285.8,5.44,49.8,34.64,OK
58.73,8.87,52.3,9.06,51.24,155577.23,4.29,53.5,32.9,LOW_TEMP_ALERT
86.66,29.16,18.21,25.54,39.79,0.0,0.0,65.56,28.94,FUNGI_ALERT_EXCESS_WATER
76.89,28.62,93.54,27.57,100.0,22995.03,0.59,76.82,45.49,ANOMALY_DETECTED
23.92,21.63,16.27,19.02,22.01,157285.8,5.54,29.55,27.41,WATER
23.48,44.09,76.51,46.3,77.56,80678.59,3.19,24.97,32.66,WATER
27.11,5.33,93.18,2.04,88.23,157285.8,5.72,19.01,32.26,WATER
61.41,24.1,24.7,25.98,33.71,25936.19,0.67,65.57,28.29,OK
18.73,36.59,91.91,33.67,93.12,114398.63,4.45,17.99,28.33,WATER
69.83,9.33,45.89,9.92,59.16,0.0,0.0,18.57,26.26,FUNGI_ALERT_EXCESS_WATER
29.91,21.35,65.4,17.27,62.35,157285.8,5.74,37.3,28.52,WATER
89.44,38.97,27.14,39.44,25.2,157285.8,0.11,61.73,24.0,EXCESS_WATER
9.02,31.8,79.47,30.4,81.69,35196.58,1.1,16.74,29.35,NOT_ABLE_TO_WATER
82.14,17.17,22.57,13.53,16.36,29192.02,1.23,46.57,32.8,EXCESS_WATER
50.69,21.86,86.93,17.59,100.0,48356.4,1.92,54.07,32.01,OK
26.6,13.82,55.7,13.41,51.55,157285.8,6.29,18.09,27.72,WATER
92.97,25.46,88.37,22.37,100.0,1550.93,0.0,33.28,32.2,FUNGI_ALERT_EXCESS_WATER
30.15,43.72,39.42,37.85,36.88,0.0,0.0,33.15,29.19,NOT_ABLE_TO_WATER
14.95,11.47,43.83,13.98,45.41,43674.12,1.37,20.38,29.18,NOT_ABLE_TO_WATER
8.62,43.9,76.23,43.75,92.61,16304.26,0.71,24.38,29.86,NOT_ABLE_TO_WATER
22.81,23.7,72.22,23.86,72.92,33999.05,0.98,74.76,27.01,NOT_ABLE_TO_WATER
85.69,19.73,27.01,17.62,43.78,0.0,0.0,93.57,31.34,NIGHT_OK
89.95,12.31,92.14,11.1,96.79,142448.6,5.35,90.61,30.72,LOW_TEMP_ALERT
17.87,32.86,15.44,27.55,24.02,157285.8,5.87,87.15,27.58,WATER
98.26,5.06,24.98,2.99,25.67,44788.63,2.16,39.14,31.07,EXCESS_WATER
39.95,26.47,38.82,21.95,41.58,0.0,0.0,40.38,36.33,NOT_ABLE_TO_WATER
33.25,18.85,93.09,16.73,96.83,0.0,0.0,24.58,40.86,NOT_ABLE_TO_WATER
8.79,33.79,20.52,30.48,24.76,43973.42,1.5,17.19,31.13,NOT_ABLE_TO_WATER
87.1,13.61,55.61,12.56,51.34,1506.71,0.44,85.93,31.04,LOW_TEMP_ALERT
63.04,14.77,75.59,12.1,65.9,95215.47,2.75,15.05,25.08,FUNGI_ALERT_EXCESS_WATER
21.88,14.25,25.7,12.02,35.13,0.0,0.0,13.58,29.85,NOT_ABLE_TO_WATER
88.46,9.08,93.19,9.59,93.37,157285.8,0.05,73.97,30.29,FUNGI_ALERT_EXCESS_WATER
32.32,22.97,92.79,18.56,100.0,157285.8,5.64,16.18,28.89,WATER
82.66,30.47,48.75,31.72,64.34,0.0,0.0,86.22,27.18,NIGHT_OK
89.17,5.35,80.81,5.42,83.45,10129.3,0.33,87.64,24.43,LOW_TEMP_ALERT
88.52,44.8,78.6,44.75,91.69,0.0,0.0,68.46,27.36,FUNGI_ALERT_EXCESS_WATER
91.97,31.3,24.84,30.13,32.85,81562.91,2.64,86.75,31.8,OK
26.68,39.54,77.7,36.38,95.91,0.0,0.0,83.51,28.53,NOT_ABLE_TO_WATER
95.28,40.7,52.53,39.8,54.88,6937.56,0.45,92.09,27.28,NOT_ABLE_TO_VENTILATE
99.89,8.99,47.46,5.54,53.49,0.0,0.0,20.4,24.0,FUNGI_ALERT_EXCESS_WATER
55.61,43.63,74.43,43.02,95.52,144771.34,4.92,25.37,34.33,FUNGI_ALERT_EXCESS_WATER
34.19,9.66,25.78,8.86,15.11,0.0,0.0,29.34,30.2,NOT_ABLE_TO_WATER
35.76,30.32,49.48,28.11,62.32,3010.79,0.51,24.04,33.25,NOT_ABLE_TO_WATER
81.12,6.05,76.5,3.8,80.48,0.0,0.0,85.05,29.98,LOW_TEMP_ALERT
90.55,16.73,46.58,14.4,35.39,157285.8,5.49,89.14,34.87,LOW_TEMP_ALERT
14.07,37.39,80.93,35.41,95.15,157285.8,4.8,13.87,25.72,WATER
95.35,42.63,54.45,42.61,53.18,0.0,0.0,94.76,30.54,NOT_ABLE_TO_VENTILATE
17.63,38.93,34.41,38.86,28.91,0.0,0.0,55.63,30.25,NOT_ABLE_TO_WATER
40.89,7.23,81.06,6.48,87.47,7434.85,0.29,49.08,31.36,LOW_TEMP_ALERT
86.15,35.47,56.92,34.18,63.52,120287.43,4.04,10.69,24.0,EXCESS_WATER
92.56,43.29,65.15,37.63,54.15,46857.82,1.17,17.65,28.81,EXCESS_WATER
65.69,8.05,nan,10.29,69.1,157285.8,0.06,67.19,24.0,INSUFFICIENT_DATA
97.36,42.35,66.77,41.24,55.11,0.0,0.0,94.16,29.79,NOT_ABLE_TO_VENTILATE
72.09,37.67,18.07,34.4,21.88,157285.8,5.75,70.09,28.27,HYDRIC_STRESS_ALERT
53.04,6.76,70.99,6.19,69.02,33345.15,0.71,63.59,25.62,NOT_ABLE_TO_WATER
82.79,23.41,31.28,20.82,42.37,9960.27,0.08,50.3,40.0,ANOMALY_DETECTED
54.04,11.95,66.34,11.77,67.61,126248.85,4.9,47.25,31.56,LOW_TEMP_ALERT
90.25,23.02,39.1,21.26,51.1,100739.34,3.72,89.37,28.37,OK
70.8,28.46,57.8,24.47,49.87,157285.8,4.95,18.51,31.77,EXCESS_WATER
47.69,38.66,73.62,38.09,80.28,157285.8,5.75,45.47,35.21,VENTILATE
77.49,17.65,80.24,14.21,99.5,0.0,0.0,73.61,30.88,LOW_TEMP_ALERT
39.91,8.7,19.08,6.65,15.33,0.0,0.0,75.23,39.37,NOT_ABLE_TO_WATER
27.1,7.64,60.79,6.77,45.69,157285.8,5.89,32.59,29.48,WATER
24.46,43.22,45.92,40.5,46.75,5143.2,0.34,20.72,24.34,NOT_ABLE_TO_WATER
88.56,26.71,36.74,27.99,37.18,44590.77,0.1,87.54,35.74,OK
21.88,35.19,47.73,29.1,58.8,0.0,0.0,14.21,35.83,NOT_ABLE_TO_WATER
93.16,31.32,55.13,30.36,57.55,95851.35,2.58,90.2,36.37,OK
94.78,24.79,18.36,25.15,25.61,157285.8,5.74,15.65,32.25,EXCESS_WATER
47.92,42.99,82.18,41.99,74.77,0.0,0.0,47.57,25.95,NOT_ABLE_TO_VENTILATE
72.46,7.96,15.25,6.18,26.06,5301.21,0.0,44.55,32.43,EXCESS_WATER
20.1,32.96,60.6,27.68,67.68,56696.58,1.99,54.46,25.28,NOT_ABLE_TO_WATER
54.56,31.58,61.47,31.81,59.91,6471.06,0.28,53.44,28.81,LOW_LIGHT
71.89,37.56,93.52,35.95,100.0,0.0,0.0,65.08,31.75,NOT_ABLE_TO_VENTILATE
82.05,31.66,88.55,28.72,100.0,32983.05,0.76,76.18,24.98,OK
40.44,22.79,57.19,21.14,69.71,157285.8,5.2,38.69,24.0,OK
95.17,38.04,23.49,39.05,30.26,0.0,0.0,56.75,31.58,FUNGI_ALERT_EXCESS_WATER
73.15,16.15,27.62,12.76,55.1,22207.96,1.11,79.79,28.42,LOW_TEMP_ALERT
30.8,41.96,30.88,37.13,49.4,16634.34,0.3,31.48,36.99,NOT_ABLE_TO_WATER
87.37,8.86,47.37,10.39,53.02,61985.32,2.11,75.94,26.28,EXCESS_WATER
36.76,37.59,56.15,35.18,46.24,157285.8,5.41,31.56,29.2,WATER
49.55,44.69,30.56,41.7,39.17,0.0,0.0,55.56,28.97,NOT_ABLE_TO_VENTILATE
31.68,15.33,81.21,11.45,82.62,22125.44,0.43,33.96,29.89,NOT_ABLE_TO_WATER
59.85,15.53,47.71,14.97,56.9,1736.31,0.76,39.23,30.19,EXCESS_WATER
73.54,33.89,17.63,32.89,21.15,157285.8,4.98,64.12,31.71,OK
40.73,22.75,85.38,21.63,82.1,3302.78,0.13,36.75,26.75,LOW_LIGHT
70.24,34.23,80.44,33.1,85.95,90629.16,0.09,84.19,28.34,NOT_ABLE_TO_WATER
28.17,16.17,91.26,15.79,97.43,23540.39,0.21,31.16,42.52,ANOMALY_DETECTED
49.4,28.27,19.81,27.96,26.89,144998.09,5.02,49.48,35.9,OK
5.59,24.85,70.49,23.46,83.73,0.0,0.0,16.38,30.79,NOT_ABLE_TO_WATER
34.28,20.39,49.21,16.73,59.92,0.0,0.0,34.52,30.22,NOT_ABLE_TO_WATER
57.62,31.89,42.25,30.59,52.35,5516.25,0.43,53.59,39.84,ANOMALY_DETECTED
74.18,20.83,53.82,19.58,59.99,7227.24,0.0,67.07,37.41,ANOMALY_DETECTED
34.42,13.9,46.33,10.32,48.31,157285.8,5.03,41.33,25.91,WATER
33.0,40.86,44.03,36.94,46.13,130859.09,3.84,28.88,35.26,WATER
26.57,5.42,30.48,2.94,27.68,9669.32,0.75,26.21,30.37,NOT_ABLE_TO_WATER
61.6,42.67,82.54,40.58,80.77,10793.51,0.25,63.79,35.87,NOT_ABLE_TO_VENTILATE
6.3,41.12,89.6,37.6,100.0,33245.16,0.8,51.4,32.99,NOT_ABLE_TO_WATER
93.67,26.44,60.53,27.26,65.92,157285.8,4.43,72.02,26.85,EXCESS_WATER
49.51,23.27,54.9,21.61,57.36,157285.8,4.62,49.3,30.88,OK
59.58,15.2,31.05,12.21,36.24,53691.08,1.94,nan,27.75,INSUFFICIENT_DATA
1.8,27.12,53.8,26.68,59.03,7297.76,0.54,83.79,32.44,NOT_ABLE_TO_WATER
37.8,35.19,89.14,32.93,95.82,157285.8,6.14,31.08,33.72,WATER
86.6,7.7,60.53,5.41,71.09,157285.8,4.21,28.73,32.47,EXCESS_WATER
57.6,13.27,58.31,10.97,74.11,157285.8,5.85,51.14,34.28,LOW_TEMP_ALERT
65.6,37.48,33.85,37.09,38.61,63436.06,2.81,62.58,37.01,ANOMALY_DETECTED
47.28,16.1,25.96,15.09,26.95,0.0,0.0,44.07,26.71,NIGHT_OK
49.9,37.41,67.65,34.08,63.49,157285.8,5.78,75.15,29.59,WATER
48.1,38.1,30.68,35.03,32.9,0.0,0.0,nan,34.05,INSUFFICIENT_DATA
56.05,21.83,58.64,22.99,65.1,0.0,0.0,58.41,31.99,NIGHT_OK
43.43,37.0,51.49,34.7,45.02,157285.8,0.08,36.18,27.52,OK
76.6,29.18,82.32,28.93,97.71,157285.8,0.07,72.25,30.74,OK
37.16,33.12,55.84,25.59,53.74,6583.08,0.36,34.88,30.06,NOT_ABLE_TO_WATER
84.51,44.29,41.03,40.24,46.78,7734.82,0.92,83.95,30.46,NOT_ABLE_TO_VENTILATE
18.94,6.99,54.69,3.76,49.9,136805.91,5.09,13.86,30.05,WATER
81.86,15.16,60.75,14.25,65.27,0.0,0.0,78.88,27.9,LOW_TEMP_ALERT
51.27,24.41,52.03,22.4,45.15,74029.93,2.35,55.49,36.88,OK
69.45,19.71,93.06,21.47,99.48,39656.87,1.17,73.76,35.82,OK
81.22,37.5,37.72,36.0,26.63,0.0,0.0,83.28,32.46,NIGHT_OK
69.9,10.71,92.44,7.35,99.25,0.0,0.0,59.9,34.06,LOW_TEMP_ALERT
81.84,41.53,19.9,36.84,17.35,45373.69,0.62,82.54,29.94,HYDRIC_STRESS_ALERT
52.81,16.01,24.42,15.62,27.07,0.0,0.0,53.99,27.11,NIGHT_OK
2.34,28.0,76.93,25.21,79.45,1143.5,0.0,86.26,33.08,NOT_ABLE_TO_WATER
29.92,8.73,44.7,9.56,41.34,97982.71,2.57,31.02,36.7,WATER
53.05,34.5,94.6,32.58,100.0,0.0,0.0,43.8,26.89,NIGHT_OK
37.63,31.2,44.11,27.61,41.65,16697.52,0.08,32.67,nan,INSUFFICIENT_DATA
20.3,43.23,85.61,44.74,90.69,0.0,0.0,19.56,42.96,NOT_ABLE_TO_WATER
53.75,14.92,32.1,13.29,45.39,144862.97,4.67,56.52,35.83,LOW_TEMP_ALERT
83.2,29.7,89.69,27.02,97.22,157285.8,5.94,88.07,32.7,OK
14.26,17.29,89.05,17.92,87.03,0.0,0.0,22.29,26.35,NOT_ABLE_TO_WATER
13.46,26.48,39.39,22.87,40.74,157285.8,5.63,11.69,27.85,WATER
67.84,10.4,80.13,6.26,74.4,157285.8,5.64,66.01,28.59,LOW_TEMP_ALERT
43.93,8.33,82.2,7.13,95.25,2373.47,0.0,38.1,37.21,ANOMALY_DETECTED
98.33,41.63,78.22,39.32,89.51,6710.09,0.16,90.97,34.62,NOT_ABLE_TO_VENTILATE
49.05,9.08,48.62,8.46,55.46,66429.44,2.0,73.93,33.26,WATER
19.23,33.87,68.52,32.6,87.18,0.0,0.0,19.22,37.79,NOT_ABLE_TO_WATER
33.78,40.4,47.69,34.85,59.17,157285.8,5.86,31.48,34.69,WATER
83.36,16.18,69.08,13.29,76.81,0.0,0.0,45.65,28.97,FUNGI_ALERT_EXCESS_WATER
33.34,16.74,38.76,15.39,52.31,190.58,0.0,33.84,28.71,NOT_ABLE_TO_WATER
66.39,40.31,61.91,37.69,67.56,157285.8,5.3,44.61,28.16,EXCESS_WATER
79.37,39.67,89.62,39.81,100.0,0.0,0.0,73.59,25.15,NOT_ABLE_TO_VENTILATE
55.67,7.68,92.53,6.28,100.0,1752.16,0.06,80.61,34.45,NOT_ABLE_TO_WATER
25.74,22.73,81.83,19.07,87.69,157285.8,5.14,11.14,32.09,WATER
42.39,38.47,70.21,37.77,76.69,35342.71,1.21,41.27,35.89,NOT_ABLE_TO_VENTILATE
44.04,29.78,83.03,29.1,77.33,0.0,0.0,15.19,45.05,FUNGI_ALERT_EXCESS_WATER
71.95,10.41,35.65,9.04,50.63,101990.56,3.86,71.42,31.75,LOW_TEMP_ALERT
73.16,8.17,31.76,4.17,25.61,157285.8,4.27,54.54,30.34,EXCESS_WATER
91.52,42.15,85.81,41.99,93.79,2468.85,0.59,94.74,31.53,NOT_ABLE_TO_VENTILATE
94.44,24.12,26.33,19.59,43.24,0.0,0.0,84.61,29.65,NIGHT_OK
92.86,28.66,16.81,27.11,33.2,22725.04,0.0,92.05,27.14,OK
8.91,14.38,83.92,13.92,82.89,157177.25,0.01,66.36,24.0,NOT_ABLE_TO_WATER
84.69,42.0,71.36,45.73,63.9,0.0,0.0,79.64,25.03,NOT_ABLE_TO_VENTILATE
67.78,10.4,57.13,11.95,56.73,3077.88,0.23,64.02,29.37,LOW_TEMP_ALERT
15.9,29.26,73.72,30.35,73.16,157285.8,4.03,91.22,26.07,WATER
82.1,38.48,91.03,38.15,100.0,0.0,0.0,25.22,39.25,FUNGI_ALERT_EXCESS_WATER
95.88,32.34,17.19,29.07,24.93,0.0,0.0,22.54,36.16,FUNGI_ALERT_EXCESS_WATER
77.52,29.37,34.13,28.58,38.87,0.0,0.0,82.85,28.89,NIGHT_OK
81.84,41.85,72.11,41.31,87.33,8440.64,0.04,83.01,35.52,NOT_ABLE_TO_VENTILATE
64.89,19.4,28.4,18.46,24.5,157285.8,4.88,76.03,28.2,WATER
71.49,13.79,73.95,11.01,86.62,18362.15,0.53,66.04,25.37,LOW_TEMP_ALERT
16.19,14.57,41.5,10.11,46.07,0.0,0.0,20.19,28.67,NOT_ABLE_TO_WATER
95.56,15.51,69.79,15.78,60.59,157285.8,4.64,19.99,32.81,EXCESS_WATER
52.46,26.25,20.61,24.47,34.48,0.0,0.0,42.72,33.01,NIGHT_OK
29.03,39.26,44.18,37.5,43.7,109540.64,4.33,28.44,26.31,WATER
87.83,10.24,89.0,5.53,100.0,157285.8,5.94,87.59,26.3,LOW_TEMP_ALERT
20.95,24.62,32.14,24.69,36.91,157285.8,5.37,52.43,32.21,WATER
78.76,nan,72.43,15.78,82.14,157285.8,4.97,77.49,37.08,INSUFFICIENT_DATA
67.98,15.44,70.69,12.21,77.43,95941.31,3.0,91.46,27.19,WATER
83.52,44.98,75.33,45.75,79.33,41003.09,0.04,84.22,35.0,NOT_ABLE_TO_VENTILATE
76.11,9.67,45.16,10.06,54.13,157285.8,5.6,16.57,28.52,EXCESS_WATER
20.58,21.96,54.29,19.13,63.55,0.0,0.0,23.53,26.45,NOT_ABLE_TO_WATER
59.83,19.79,48.37,18.44,64.68,0.0,0.0,61.84,31.82,NIGHT_OK
34.15,21.68,68.87,22.33,78.48,94801.34,3.49,34.16,29.82,WATER
82.48,44.86,62.29,40.8,59.97,7078.28,0.98,82.49,33.93,NOT_ABLE_TO_VENTILATE
87.46,42.12,92.94,40.78,97.32,157285.8,5.72,85.14,35.04,VENTILATE
89.94,11.3,24.96,7.61,25.66,0.0,0.0,47.27,35.21,FUNGI_ALERT_EXCESS_WATER
31.68,31.86,16.91,30.59,7.66,0.0,0.0,29.94,30.15,NOT_ABLE_TO_WATER
23.02,32.23,21.45,30.43,23.82,0.0,0.0,54.3,26.03,NOT_ABLE_TO_WATER
41.39,44.36,43.38,41.01,43.46,119126.37,4.16,65.21,30.48,WATER
57.44,26.49,26.03,24.97,18.35,6739.26,0.31,60.4,35.3,LOW_LIGHT
60.3,29.45,26.84,31.0,29.54,0.0,0.0,59.86,25.95,NIGHT_OK
16.28,43.81,35.61,nan,28.48,16096.82,0.1,60.2,34.49,INSUFFICIENT_DATA
14.12,11.86,89.56,8.67,99.57,104406.17,3.36,13.2,35.21,WATER
65.52,6.86,32.13,4.23,41.22,40539.34,1.61,58.29,30.91,LOW_TEMP_ALERT
81.97,43.0,85.62,41.87,100.0,157285.8,4.96,77.03,36.65,VENTILATE
86.3,33.78,86.58,32.35,96.01,157285.8,4.9,80.69,34.53,OK
42.64,35.64,64.32,36.08,75.31,4438.92,0.01,38.15,29.13,NOT_ABLE_TO_VENTILATE
82.27,42.38,94.89,42.59,100.0,157285.8,5.24,27.52,24.0,FUNGI_ALERT_EXCESS_WATER
89.73,22.44,47.37,19.77,60.11,0.0,0.0,10.51,34.93,FUNGI_ALERT_EXCESS_WATER
47.24,17.36,40.69,14.61,40.39,0.0,0.0,46.75,30.74,LOW_TEMP_ALERT
51.73,39.96,41.25,39.04,41.98,157285.8,4.94,45.08,28.6,VENTILATE
1.4,8.77,78.82,8.38,68.01,0.0,0.0,40.6,41.8,NOT_ABLE_TO_WATER
6.76,10.55,21.02,6.93,30.81,0.0,0.0,91.62,34.07,NOT_ABLE_TO_WATER
74.3,5.15,87.89,6.01,88.13,0.0,0.0,78.96,31.27,LOW_TEMP_ALERT
59.73,41.59,80.15,43.61,88.06,496.85,0.38,47.74,28.33,FUNGI_ALERT_EXCESS_WATER
57.89,33.5,66.62,30.05,60.65,0.0,0.0,57.85,30.38,NIGHT_OK
15.44,43.32,16.65,41.52,14.87,0.0,0.0,42.35,30.03,NOT_ABLE_TO_WATER
86.77,18.45,91.69,17.19,100.0,0.0,0.0,88.89,30.35,NIGHT_OK
6.91,19.34,59.15,15.21,66.66,0.0,0.0,66.53,30.61,NOT_ABLE_TO_WATER
54.34,43.14,83.31,37.99,87.87,3603.87,0.17,25.16,29.06,FUNGI_ALERT_EXCESS_WATER
61.46,25.78,58.81,24.42,81.62,0.0,0.0,62.97,24.0,NIGHT_OK
71.94,19.44,25.33,19.75,35.76,157285.8,5.98,69.37,34.11,OK
97.45,37.33,90.49,32.77,82.46,68021.71,2.25,71.98,33.28,FUNGI_ALERT_EXCESS_WATER
31.98,40.58,54.39,42.71,46.7,5292.8,0.19,11.32,27.5,NOT_ABLE_TO_WATER
nan,42.61,33.57,43.12,43.15,157285.8,6.14,31.33,33.36,INSUFFICIENT_DATA
75.73,6.94,47.9,3.0,48.2,0.0,0.0,68.1,32.32,LOW_TEMP_ALERT
46.32,35.13,88.77,34.11,88.03,0.0,0.0,45.36,34.74,NIGHT_OK
58.59,7.21,23.32,2.29,32.13,20163.71,0.59,51.57,34.25,LOW_TEMP_ALERT
90.5,42.68,56.4,42.08,57.51,0.0,0.0,34.94,24.0,FUNGI_ALERT_EXCESS_WATER
13.27,35.6,92.91,36.47,75.14,4249.7,0.98,26.96,24.41,NOT_ABLE_TO_WATER
79.31,13.6,34.17,14.11,34.99,27319.48,0.36,93.58,31.02,LOW_TEMP_ALERT
78.86,41.13,94.56,37.62,100.0,0.0,0.0,81.15,25.59,NOT_ABLE_TO_VENTILATE
54.61,33.88,31.14,30.8,21.18,1295.95,0.32,27.29,29.12,EXCESS_WATER
90.35,20.9,57.33,19.54,60.4,157285.8,4.66,82.43,30.77,OK
64.82,31.44,72.88,32.58,89.95,0.0,0.0,94.1,28.99,NOT_ABLE_TO_WATER
72.89,38.56,80.13,38.23,78.81,10247.43,0.0,40.4,32.29,FUNGI_ALERT_EXCESS_WATER
95.73,38.58,27.81,39.17,38.02,0.0,0.0,19.88,25.65,FUNGI_ALERT_EXCESS_WATER
98.57,34.49,39.07,32.86,39.2,107613.86,3.12,25.52,28.17,EXCESS_WATER
18.78,26.23,28.94,24.9,34.74,126707.93,4.62,11.24,30.93,WATER
36.62,40.86,38.72,40.44,33.26,0.0,0.0,36.34,32.06,NOT_ABLE_TO_WATER
10.2,38.24,86.01,34.09,84.87,140362.52,5.6,11.74,32.23,WATER
61.24,10.85,44.64,9.38,45.07,157285.8,5.26,37.05,31.31,EXCESS_WATER
75.88,15.8,91.46,14.63,90.58,157285.8,5.23,14.76,32.8,FUNGI_ALERT_EXCESS_WATER
78.2,21.34,61.06,17.75,57.7,27946.99,0.88,78.71,30.32,OK
18.25,40.63,55.3,38.62,67.32,41082.49,0.63,10.75,32.7,NOT_ABLE_TO_WATER
37.69,5.35,64.21,6.03,55.88,136606.72,5.59,47.37,37.56,ANOMALY_DETECTED
78.48,38.45,92.27,37.65,95.7,73327.77,3.11,73.97,29.08,VENTILATE
39.99,25.93,16.57,26.38,28.13,0.0,0.0,42.43,32.1,NOT_ABLE_TO_WATER
37.2,30.79,94.99,29.16,95.75,0.0,0.0,38.75,30.52,NOT_ABLE_TO_WATER
78.28,10.34,31.33,7.68,29.53,1311.08,0.29,80.37,28.73,LOW_TEMP_ALERT
26.6,8.05,31.8,7.42,50.61,0.0,0.0,32.72,28.5,NOT_ABLE_TO_WATER
61.73,26.06,15.26,22.18,26.01,15409.19,0.96,55.58,32.67,OK
26.45,37.76,15.86,36.85,1.71,157285.8,5.06,33.53,24.48,WATER
25.15,15.68,17.35,17.65,33.89,157285.8,5.67,31.41,31.67,WATER
97.56,23.83,66.58,17.33,75.68,157285.8,4.81,86.82,27.09,EXCESS_WATER
50.75,43.4,78.62,45.12,82.91,157285.8,6.24,32.27,28.8,FUNGI_ALERT_EXCESS_WATER
80.73,28.22,77.29,27.71,78.92,7221.67,0.51,39.96,28.1,FUNGI_ALERT_EXCESS_WATER
23.66,30.32,93.29,30.37,100.0,0.0,0.0,17.75,28.32,NOT_ABLE_TO_WATER
62.81,15.1,78.43,12.46,96.49,28714.42,1.13,51.58,25.46,FUNGI_ALERT_EXCESS_WATER
65.64,34.15,51.61,34.02,63.23,16639.18,0.75,64.28,26.53,OK
93.92,27.31,47.87,26.56,32.75,157285.8,5.38,76.82,32.92,EXCESS_WATER
34.05,7.57,92.8,6.01,100.0,157285.8,6.04,37.01,29.77,WATER
45.4,20.07,40.72,16.21,49.57,1749.91,0.24,45.37,32.38,LOW_LIGHT
25.43,15.66,26.95,16.29,27.93,1499.73,0.0,23.16,30.18,NOT_ABLE_TO_WATER
76.39,38.05,73.62,35.62,87.54,70787.23,2.8,80.56,28.92,VENTILATE
75.4,30.32,33.72,31.41,28.05,118835.63,4.74,68.17,33.72,OK
71.34,26.85,90.12,28.31,97.15,0.0,0.0,68.78,36.36,NIGHT_OK
14.76,14.91,36.55,14.26,65.53,0.0,0.0,32.7,31.9,NOT_ABLE_TO_WATER
20.09,33.67,75.96,31.59,78.47,5839.33,0.59,26.93,34.7,NOT_ABLE_TO_WATER
64.68,24.9,25.48,25.17,29.55,6315.53,0.67,60.49,25.66,LOW_LIGHT
81.8,14.53,93.77,13.13,89.21,157285.8,5.45,59.91,32.4,FUNGI_ALERT_EXCESS_WATER
42.93,32.54,41.91,27.4,42.01,157285.8,5.21,56.68,30.66,WATER
99.65,37.03,60.83,34.98,78.2,13208.59,0.35,54.93,25.4,EXCESS_WATER
80.04,33.22,72.18,30.92,71.57,0.0,0.0,70.36,31.38,NIGHT_OK
90.6,27.09,92.42,29.87,96.95,0.0,0.0,77.37,28.93,FUNGI_ALERT_EXCESS_WATER
78.48,26.29,48.43,26.49,50.21,8083.51,0.0,36.45,33.21,EXCESS_WATER
33.62,22.92,87.49,23.48,95.25,0.0,0.0,31.9,25.97,NOT_ABLE_TO_WATER
86.22,30.01,20.49,25.32,18.32,135466.91,4.23,86.82,28.43,OK
45.35,6.3,67.35,3.25,74.69,157285.8,5.97,60.46,33.23,WATER
13.94,22.2,25.58,21.34,44.5,0.0,0.0,12.09,32.7,NOT_ABLE_TO_WATER
45.24,10.72,27.24,4.53,25.06,157285.8,0.1,36.89,38.03,ANOMALY_DETECTED
26.02,39.04,49.43,36.68,62.18,6815.74,0.02,25.53,24.66,NOT_ABLE_TO_WATER
26.81,5.27,32.65,3.76,37.17,72842.46,2.32,25.94,32.72,WATER
85.62,32.93,23.12,30.74,26.2,0.0,0.0,80.98,31.32,NIGHT_OK
84.6,24.07,48.72,21.75,60.73,111334.3,4.28,83.71,35.2,OK
52.29,10.29,56.1,11.63,46.51,157285.8,5.24,42.27,29.0,EXCESS_WATER
21.0,43.79,89.18,45.37,100.0,30677.4,0.62,24.58,32.46,NOT_ABLE_TO_WATER
29.82,21.77,53.6,18.54,71.91,5493.03,0.0,49.21,36.41,NOT_ABLE_TO_WATER
16.25,21.35,66.35,21.47,66.97,0.0,0.0,12.66,28.07,NOT_ABLE_TO_WATER
47.76,36.15,87.49,36.65,100.0,157285.8,5.28,48.61,27.41,VENTILATE
12.53,14.34,53.57,13.59,54.54,157285.8,4.86,15.44,35.15,WATER
24.74,39.04,23.36,36.19,40.97,157285.8,5.93,45.81,40.19,ANOMALY_DETECTED
20.77,40.86,27.79,40.49,41.25,90706.2,2.4,23.28,24.0,WATER
76.75,29.11,42.59,27.6,43.73,4676.46,0.78,60.08,30.57,EXCESS_WATER
89.29,27.4,17.96,26.04,28.72,96557.89,2.69,44.22,29.46,EXCESS_WATER
40.15,22.8,91.64,21.42,100.0,157285.8,0.13,46.05,32.6,OK
66.7,41.07,35.86,38.42,14.8,1201.05,0.0,72.18,30.92,NOT_ABLE_TO_VENTILATE
79.02,27.98,25.68,25.67,13.96,157285.8,5.25,72.9,29.37,OK
49.18,19.73,85.06,19.14,98.9,17006.22,0.0,48.09,36.06,OK
21.99,36.37,45.59,33.37,45.64,106288.85,3.42,33.46,28.75,WATER
77.47,35.51,81.13,32.53,96.96,67749.93,2.65,75.79,39.11,ANOMALY_DETECTED
43.49,18.97,76.0,16.03,87.12,157285.8,4.39,37.61,33.4,OK
94.86,32.07,43.6,32.71,56.54,0.0,0.0,11.81,30.92,FUNGI_ALERT_EXCESS_WATER
19.96,35.32,61.64,31.34,59.2,62209.89,1.51,17.9,24.0,NOT_ABLE_TO_WATER
60.81,35.27,53.96,35.22,60.16,157285.8,5.51,32.8,27.1,EXCESS_WATER
45.91,18.63,57.38,17.18,70.85,0.0,0.0,47.78,30.6,NIGHT_OK
26.03,10.65,72.16,11.74,91.88,0.0,0.0,12.43,26.0,NOT_ABLE_TO_WATER
31.38,27.81,22.66,23.1,17.45,60692.67,1.71,36.48,33.64,NOT_ABLE_TO_WATER
70.63,12.42,28.89,10.17,36.06,0.0,0.0,72.87,29.7,LOW_TEMP_ALERT
20.49,21.23,53.35,19.85,59.51,0.0,0.0,61.88,31.92,NOT_ABLE_TO_WATER
20.1,38.29,86.31,36.62,92.36,0.0,0.0,18.0,27.72,NOT_ABLE_TO_WATER
62.13,11.58,87.44,8.6,91.65,0.0,0.0,69.85,25.93,LOW_TEMP_ALERT
49.58,17.95,17.38,20.28,15.32,157285.8,5.02,48.26,31.55,OK
18.89,7.61,72.25,7.39,82.1,0.0,0.0,22.1,33.52,NOT_ABLE_TO_WATER
50.01,40.09,40.92,37.16,41.76,6944.92,0.3,46.13,29.73,NOT_ABLE_TO_VENTILATE
12.18,30.65,83.29,28.63,97.04,0.0,0.0,17.22,31.64,NOT_ABLE_TO_WATER
72.37,27.46,29.87,24.16,40.49,930.05,0.15,28.23,33.2,EXCESS_WATER
17.28,26.81,72.23,25.85,78.09,0.0,0.0,13.06,33.78,NOT_ABLE_TO_WATER
71.81,38.1,31.0,38.85,34.14,0.0,0.0,81.19,35.6,NOT_ABLE_TO_VENTILATE
56.11,25.17,30.21,21.79,33.42,2512.78,0.11,62.22,27.19,LOW_LIGHT
87.61,40.55,nan,40.58,49.59,4976.04,0.0,84.44,29.52,INSUFFICIENT_DATA
36.61,29.44,33.0,30.49,54.22,0.0,0.0,17.88,32.14,NOT_ABLE_TO_WATER
54.41,43.88,44.2,39.34,45.15,0.0,0.0,43.72,28.46,FUNGI_ALERT_EXCESS_WATER
71.83,7.8,62.45,3.09,76.29,157285.8,5.01,77.51,25.81,LOW_TEMP_ALERT
43.54,32.52,65.87,31.05,62.45,157285.8,4.66,51.13,30.87,OK
18.73,36.29,78.48,34.53,93.25,0.0,0.0,52.49,41.23,NOT_ABLE_TO_WATER
25.61,7.75,75.92,5.26,80.02,157285.8,5.83,61.67,27.38,WATER
39.91,22.45,74.53,19.4,85.09,0.0,0.0,43.79,32.84,NOT_ABLE_TO_WATER
39.72,18.99,19.56,18.51,8.83,2258.67,0.0,37.62,26.72,NOT_ABLE_TO_WATER
10.05,42.8,53.7,41.66,60.37,157285.8,4.72,81.47,27.99,WATER
77.59,8.62,94.38,8.73,98.62,48597.62,2.09,38.27,29.91,FUNGI_ALERT_EXCESS_WATER
59.34,39.7,83.18,37.69,89.8,157285.8,0.04,65.58,26.73,NOT_ABLE_TO_VENTILATE
88.99,19.15,91.2,15.19,91.64,157285.8,5.95,86.31,26.24,OK
87.21,37.62,49.82,33.89,54.22,0.0,0.0,87.14,27.26,NOT_ABLE_TO_VENTILATE
24.46,38.25,49.74,39.94,48.9,157285.8,6.02,11.05,27.55,WATER
53.12,20.7,33.25,18.7,50.59,157285.8,5.48,59.77,45.71,ANOMALY_DETECTED
9.9,25.55,61.37,24.88,56.43,0.0,0.0,62.6,33.15,NOT_ABLE_TO_WATER
50.58,9.38,23.57,5.48,33.77,80841.06,1.65,53.55,30.63,LOW_TEMP_ALERT
41.15,28.26,79.12,25.91,92.46,157285.8,6.26,41.72,25.18,OK
91.43,22.29,55.63,19.11,43.32,43022.08,1.85,86.74,24.0,OK
32.43,23.97,74.51,21.57,80.17,19677.3,0.6,30.38,29.82,NOT_ABLE_TO_WATER
53.21,40.76,92.32,38.39,93.84,13202.43,0.09,55.9,28.4,NOT_ABLE_TO_VENTILATE
16.26,32.01,48.86,28.52,44.04,0.0,0.0,43.06,31.56,NOT_ABLE_TO_WATER
64.43,22.19,31.37,23.45,36.41,39210.88,1.6,70.15,28.39,OK
37.94,29.17,35.39,nan,37.62,157285.8,5.18,92.33,25.42,INSUFFICIENT_DATA
43.45,19.51,63.62,17.29,69.21,157285.8,4.78,35.0,24.0,OK
14.99,26.61,76.57,22.67,97.75,157285.8,6.39,44.62,31.75,WATER
72.16,36.3,50.93,33.0,49.5,157285.8,5.56,68.21,31.47,OK
22.32,10.94,49.2,6.79,64.15,0.0,0.0,54.86,33.26,NOT_ABLE_TO_WATER
33.34,36.53,31.19,34.38,35.63,0.0,0.0,64.72,34.34,NOT_ABLE_TO_WATER
17.54,25.24,28.27,21.44,21.13,0.0,0.0,66.51,29.34,NOT_ABLE_TO_WATER
62.42,40.4,76.64,39.72,90.44,5520.75,0.57,56.72,29.65,NOT_ABLE_TO_VENTILATE
16.69,25.74,69.54,24.97,77.19,157285.8,6.29,38.5,27.41,WATER
80.87,31.58,81.71,33.27,99.75,0.0,0.0,83.73,32.34,NIGHT_OK
29.9,5.76,29.24,0.0,nan,139925.31,4.48,26.77,27.29,INSUFFICIENT_DATA
28.01,22.08,23.34,18.84,19.63,94708.25,2.8,32.2,35.04,WATER
73.81,8.58,66.99,4.49,79.98,0.0,0.0,84.24,33.12,NOT_ABLE_TO_WATER
84.93,14.46,33.5,16.82,33.31,157285.8,5.21,89.61,45.01,ANOMALY_DETECTED
40.18,36.34,22.12,35.36,0.32,140451.71,4.77,47.82,24.05,OK
54.76,36.81,83.23,33.73,100.0,0.0,0.0,63.49,30.42,NIGHT_OK
84.29,35.21,87.79,31.11,89.4,0.0,0.0,54.29,42.45,FUNGI_ALERT_EXCESS_WATER
60.03,15.04,52.66,15.02,66.85,157237.33,5.48,80.08,31.37,WATER
25.44,29.27,69.95,24.58,60.37,0.0,0.0,18.25,32.0,NOT_ABLE_TO_WATER
81.27,32.61,71.36,34.26,77.79,0.0,0.0,88.3,31.07,NIGHT_OK
83.93,10.17,24.59,9.99,15.84,0.0,0.0,94.21,26.16,LOW_TEMP_ALERT
16.29,26.76,60.02,23.67,62.96,0.0,0.0,70.17,25.32,NOT_ABLE_TO_WATER
72.31,7.64,47.81,4.46,55.85,0.0,0.0,87.02,30.42,NOT_ABLE_TO_WATER
21.26,22.54,36.25,20.64,35.55,157285.8,6.04,14.56,34.5,WATER
79.4,33.67,49.29,29.69,52.17,157285.8,4.92,88.02,27.9,OK
6.44,19.09,76.97,17.17,88.22,16483.3,0.98,37.69,24.0,NOT_ABLE_TO_WATER
83.53,44.25,37.22,45.14,45.09,0.0,0.0,89.08,33.45,NOT_ABLE_TO_VENTILATE
68.46,5.48,21.47,4.21,34.43,157285.8,4.29,43.18,33.05,EXCESS_WATER
69.65,41.61,90.03,41.2,79.61,47629.46,0.93,69.55,40.44,ANOMALY_DETECTED
61.12,24.46,91.98,26.33,96.78,0.0,0.0,28.71,31.85,FUNGI_ALERT_EXCESS_WATER
33.01,16.45,54.84,19.14,56.21,94529.26,3.48,29.62,34.23,WATER
17.59,17.31,65.92,16.53,71.61,0.0,0.0,16.17,34.53,NOT_ABLE_TO_WATER
26.69,40.61,55.45,41.78,66.59,35716.76,0.29,16.03,32.82,NOT_ABLE_TO_WATER
86.83,23.97,61.81,23.62,63.03,157285.8,0.02,92.78,29.34,OK
3.55,24.81,56.34,22.0,65.73,157285.8,4.08,11.98,39.6,ANOMALY_DETECTED
34.18,27.93,20.97,29.72,25.34,123927.36,3.88,60.09,25.96,WATER
67.34,25.27,70.6,23.28,83.02,12749.8,0.27,84.38,42.91,ANOMALY_DETECTED
39.04,27.8,86.03,26.38,88.07,9651.73,0.58,67.71,25.07,NOT_ABLE_TO_WATER
94.87,17.71,61.91,17.32,46.07,93211.17,0.01,84.89,27.62,OK
32.55,14.33,82.83,nan,91.96,45527.46,1.77,27.17,25.83,INSUFFICIENT_DATA
35.72,36.69,84.7,37.37,85.44,122572.21,3.72,37.87,30.88,WATER
63.3,36.33,25.2,33.15,38.05,157285.8,5.87,35.96,36.72,EXCESS_WATER
41.35,30.19,87.15,28.39,100.0,0.0,0.0,69.74,38.06,NOT_ABLE_TO_WATER
30.33,36.54,24.45,35.21,24.93,0.0,0.0,37.66,32.24,NOT_ABLE_TO_WATER
1.52,15.15,58.47,14.56,66.84,112012.43,4.82,71.65,29.0,WATER
43.3,11.86,86.65,7.57,100.0,0.0,0.0,81.0,25.29,NOT_ABLE_TO_WATER
87.12,23.14,60.91,21.53,73.38,114280.6,4.14,90.94,29.1,OK
52.16,25.21,21.84,22.18,33.07,116301.28,3.83,58.74,32.68,OK
98.83,41.96,31.76,43.33,54.23,9880.21,0.45,81.06,28.91,EXCESS_WATER
91.66,34.66,86.32,33.92,96.03,0.0,0.0,93.59,44.65,NIGHT_OK
15.13,35.07,44.76,33.81,55.37,0.0,0.0,61.81,35.75,NOT_ABLE_TO_WATER
29.44,11.88,74.69,8.7,76.75,0.0,0.0,24.82,24.25,NOT_ABLE_TO_WATER
25.16,30.46,82.58,33.94,85.02,0.0,0.0,29.38,29.02,NOT_ABLE_TO_WATER
76.56,36.38,43.96,34.8,40.72,22571.7,0.37,76.82,26.04,OK
56.49,35.35,34.71,35.3,42.03,0.0,0.0,55.06,31.73,NIGHT_OK
76.94,29.64,57.39,31.08,68.58,7561.97,0.32,81.95,32.28,LOW_LIGHT
65.57,41.63,41.75,41.45,46.18,0.0,0.0,67.31,25.31,NOT_ABLE_TO_VENTILATE
32.47,35.6,49.19,34.72,64.17,157285.8,0.11,33.92,24.02,NOT_ABLE_TO_WATER
55.4,33.67,67.02,30.34,71.08,0.0,0.0,80.21,31.11,NOT_ABLE_TO_WATER
16.28,37.44,51.69,40.1,64.82,0.0,0.0,14.74,34.43,NOT_ABLE_TO_WATER
8.51,36.15,40.95,33.87,43.98,1986.65,0.0,13.01,30.76,NOT_ABLE_TO_WATER
46.2,7.14,63.36,8.79,51.8,0.0,0.0,53.43,26.1,LOW_TEMP_ALERT
4.07,44.61,67.84,45.88,67.02,0.0,0.0,63.38,29.22,NOT_ABLE_TO_WATER
69.29,15.91,24.43,15.82,28.94,28919.45,0.66,80.95,30.64,NOT_ABLE_TO_WATER
73.05,9.07,67.98,6.95,72.43,0.0,0.0,75.89,29.16,LOW_TEMP_ALERT
61.25,9.47,86.63,5.92,91.02,0.0,0.0,64.09,31.48,LOW_TEMP_ALERT
19.94,22.98,35.55,20.37,32.0,157285.8,4.7,45.66,37.76,ANOMALY_DETECTED
14.43,29.14,90.67,26.69,100.0,0.0,0.0,14.6,30.21,NOT_ABLE_TO_WATER
87.62,24.92,77.06,23.51,87.67,0.0,0.0,65.49,32.76,FUNGI_ALERT_EXCESS_WATER
78.8,38.11,19.76,38.47,16.89,37861.16,0.92,84.06,31.61,HYDRIC_STRESS_ALERT
84.38,18.45,73.94,19.35,63.42,9001.61,0.53,84.84,35.98,LOW_LIGHT
95.66,25.78,66.49,26.63,67.16,0.0,0.0,21.85,24.02,FUNGI_ALERT_EXCESS_WATER
nan,40.58,21.96,40.21,24.74,0.0,0.0,83.36,27.52,INSUFFICIENT_DATA
40.0,33.57,44.92,32.86,63.21,0.0,0.0,46.07,36.12,NIGHT_OK
47.81,24.37,84.2,26.08,91.42,0.0,0.0,53.73,27.26,NIGHT_OK
68.39,36.18,19.39,34.88,5.48,43143.94,1.2,87.42,39.13,ANOMALY_DETECTED
57.28,40.69,71.76,36.33,69.54,78199.23,2.65,55.27,30.88,VENTILATE
100.0,nan,17.54,32.45,19.7,0.0,0.0,93.38,29.06,INSUFFICIENT_DATA
76.96,34.95,49.57,31.03,35.66,157285.8,4.44,73.03,25.33,OK
69.22,22.82,25.11,20.27,33.39,0.0,0.0,67.79,29.54,NIGHT_OK
56.89,35.4,74.3,31.69,78.3,125867.18,3.82,88.31,34.02,WATER
52.45,18.22,42.37,20.69,37.08,0.0,0.0,62.72,38.09,NOT_ABLE_TO_WATER
76.16,36.99,84.65,33.39,100.0,29941.07,0.12,76.13,26.41,OK
78.78,22.88,46.32,23.43,52.91,8826.61,0.38,87.51,34.22,LOW_LIGHT
83.09,22.44,30.22,23.59,27.06,147060.57,0.13,84.06,29.83,OK
43.81,17.92,18.93,13.74,22.22,157285.8,4.51,16.07,24.0,EXCESS_WATER
16.74,34.81,22.83,33.85,38.2,157285.8,6.32,38.13,33.28,WATER
89.94,11.32,51.34,14.02,60.14,114683.8,3.7,92.47,32.07,LOW_TEMP_ALERT
38.77,6.45,44.64,10.31,50.44,0.0,0.0,50.44,29.29,NOT_ABLE_TO_WATER
56.18,31.23,33.47,29.32,39.6,157285.8,5.63,13.08,30.12,EXCESS_WATER
40.45,8.21,90.58,6.32,96.05,157285.8,5.87,42.17,24.0,LOW_TEMP_ALERT
58.22,19.0,53.32,18.61,56.86,154647.48,5.52,20.62,24.0,EXCESS_WATER
97.21,10.04,35.13,8.53,50.24,46389.75,1.24,92.44,39.07,ANOMALY_DETECTED
65.65,6.3,42.46,5.07,nan,2540.05,0.2,65.24,26.25,INSUFFICIENT_DATA
47.77,30.23,41.81,29.11,48.77,157285.8,5.38,40.87,25.24,OK
67.66,28.51,50.33,24.32,51.31,6008.07,0.11,26.98,28.11,EXCESS_WATER
54.87,18.81,68.43,15.45,59.88,0.0,0.0,63.02,31.49,NIGHT_OK
64.38,24.37,90.0,24.1,94.3,157285.8,4.96,61.13,30.09,OK
27.87,32.72,82.49,28.62,78.28,157285.8,4.49,25.21,33.46,WATER
21.14,37.37,94.42,36.38,92.08,0.0,0.0,26.91,32.22,NOT_ABLE_TO_WATER
nan,20.52,44.77,19.13,52.45,76742.8,2.45,44.98,34.63,INSUFFICIENT_DATA
84.1,44.88,88.95,42.32,87.71,0.0,0.0,71.11,24.0,FUNGI_ALERT_EXCESS_WATER
46.83,30.31,34.15,27.06,32.01,2590.38,0.0,42.88,29.85,LOW_LIGHT
51.96,19.71,65.03,18.39,72.32,119938.86,3.82,57.11,35.15,OK
85.02,17.03,41.99,12.84,37.97,0.0,0.0,38.09,29.83,FUNGI_ALERT_EXCESS_WATER
43.42,7.03,76.95,2.61,75.51,157285.8,4.9,38.46,33.9,LOW_TEMP_ALERT
32.42,36.71,90.6,33.32,100.0,157285.8,5.16,31.31,32.05,WATER
57.3,16.94,36.34,15.41,30.15,15435.0,0.0,62.42,28.22,OK
39.78,12.63,34.27,13.61,38.98,0.0,0.0,44.81,30.69,NOT_ABLE_TO_WATER
18.84,24.12,76.9,20.21,72.95,28413.32,1.31,33.31,26.29,NOT_ABLE_TO_WATER
33.24,39.85,34.16,37.42,24.74,131325.04,4.33,30.46,27.1,WATER
44.32,35.13,55.37,31.38,38.38,0.0,0.0,43.69,28.43,NIGHT_OK
20.63,30.08,38.67,31.18,44.7,0.0,0.0,30.09,32.08,NOT_ABLE_TO_WATER
60.07,33.85,71.82,31.87,85.05,25698.84,1.19,53.21,31.1,OK
53.99,18.78,57.05,14.56,73.73,57572.67,1.35,50.3,30.82,LOW_TEMP_ALERT
16.35,27.84,21.03,26.61,18.37,0.0,0.0,66.46,27.37,NOT_ABLE_TO_WATER
86.92,14.0,51.71,11.17,53.88,0.0,0.0,88.89,29.68,LOW_TEMP_ALERT
77.38,9.49,89.34,12.18,84.07,157285.8,5.58,78.58,32.33,LOW_TEMP_ALERT
38.43,9.13,77.53,8.21,74.13,0.0,0.0,86.9,28.58,NOT_ABLE_TO_WATER
4.5,26.65,19.94,25.97,31.58,157285.8,5.9,11.88,29.31,WATER
55.04,20.32,52.17,22.96,61.21,106486.17,3.86,61.58,34.41,OK
52.46,18.79,66.71,18.02,74.46,0.0,0.0,34.86,29.36,FUNGI_ALERT_EXCESS_WATER
75.44,40.72,88.61,36.82,100.0,0.0,0.0,63.43,36.28,FUNGI_ALERT_EXCESS_WATER
35.62,14.52,84.15,14.09,94.07,2531.01,0.26,37.56,29.45,NOT_ABLE_TO_WATER
22.93,13.12,39.11,12.96,50.93,157285.8,5.07,56.94,27.5,WATER
50.51,5.76,88.58,3.12,95.1,0.0,0.0,47.49,27.48,LOW_TEMP_ALERT
40.14,31.57,65.21,28.07,60.92,157285.8,5.63,46.89,30.62,OK
35.45,43.72,44.05,40.28,48.26,157285.8,5.1,40.07,26.39,WATER
62.79,40.39,73.16,38.55,77.44,0.0,0.0,63.24,32.99,NOT_ABLE_TO_VENTILATE
84.93,26.83,80.3,25.25,87.38,157285.8,4.99,79.13,26.65,OK
71.74,11.77,45.96,8.59,59.44,157285.8,6.13,83.63,32.38,WATER
18.02,25.38,26.22,22.71,30.51,0.0,0.0,18.23,27.03,NOT_ABLE_TO_WATER
35.75,39.85,69.57,38.78,90.36,0.0,0.0,64.63,40.2,NOT_ABLE_TO_WATER
58.11,30.84,47.18,24.36,61.96,0.0,0.0,59.69,33.34,NIGHT_OK
42.25,9.75,43.03,10.23,60.91,39855.42,1.13,15.1,26.21,EXCESS_WATER
54.92,23.15,63.29,22.3,75.12,157285.8,6.11,54.65,31.6,OK
98.23,41.84,58.56,37.56,62.04,0.0,0.0,65.19,25.36,FUNGI_ALERT_EXCESS_WATER
43.19,38.14,20.6,38.4,29.68,157285.8,4.62,48.93,33.98,HYDRIC_STRESS_ALERT
65.57,20.01,28.27,14.96,35.7,0.0,0.0,66.36,24.0,LOW_TEMP_ALERT
25.29,33.37,43.6,31.97,51.81,33908.58,0.44,29.86,34.95,NOT_ABLE_TO_WATER
83.91,19.18,40.84,18.13,32.63,0.0,0.0,78.07,28.58,NIGHT_OK
8.19,26.59,83.91,26.17,94.02,0.0,0.0,40.79,28.92,NOT_ABLE_TO_WATER
21.6,22.96,28.75,23.35,30.27,0.0,0.0,20.09,26.98,NOT_ABLE_TO_WATER
54.7,27.01,22.75,27.34,14.57,0.0,0.0,54.21,28.39,NIGHT_OK
24.48,21.14,27.4,22.87,34.72,0.0,0.0,38.54,36.81,NOT_ABLE_TO_WATER
12.82,18.22,48.83,12.15,51.85,0.0,0.0,74.03,33.01,NOT_ABLE_TO_WATER
43.49,33.36,48.82,32.83,53.77,29650.95,0.1,68.12,30.67,NOT_ABLE_TO_WATER
43.13,20.67,54.53,22.23,61.72,0.0,0.0,44.78,28.51,NIGHT_OK
89.34,15.3,84.65,10.87,96.63,2891.12,0.26,37.31,27.57,FUNGI_ALERT_EXCESS_WATER
29.5,39.07,37.66,33.32,50.45,157285.8,5.98,73.18,25.94,WATER
43.87,38.89,89.2,40.47,100.0,0.0,0.0,31.03,32.29,FUNGI_ALERT_EXCESS_WATER
19.66,33.48,36.21,32.63,33.7,95473.41,3.36,18.33,30.22,WATER
7.81,35.9,61.2,34.86,41.62,157285.8,0.03,71.74,24.0,NOT_ABLE_TO_WATER
95.68,15.71,21.51,17.35,31.48,0.0,0.0,73.22,28.94,FUNGI_ALERT_EXCESS_WATER
81.21,36.76,71.79,36.34,73.34,0.0,0.0,62.68,26.89,FUNGI_ALERT_EXCESS_WATER
25.86,10.02,64.98,9.31,89.3,157285.8,0.11,57.66,29.59,NOT_ABLE_TO_WATER
16.69,12.11,65.05,10.39,83.9,77591.27,2.68,19.39,28.28,WATER
86.6,10.57,87.16,7.18,97.28,157285.8,5.18,86.21,30.83,LOW_TEMP_ALERT
54.24,28.31,28.29,26.46,31.85,157285.8,6.16,25.84,30.51,EXCESS_WATER
73.7,36.35,45.04,34.02,61.92,495.69,0.24,77.44,35.57,LOW_LIGHT
42.58,23.56,40.65,23.26,48.4,0.0,0.0,70.97,24.0,NOT_ABLE_TO_WATER
26.98,6.41,78.22,7.43,95.93,157285.8,5.93,32.77,32.1,WATER
70.36,6.04,65.67,5.29,77.89,157285.8,5.74,88.28,31.87,WATER
55.0,15.08,91.76,16.71,94.28,42669.65,1.12,48.12,34.67,OK
61.87,9.44,43.97,10.0,47.45,157285.8,5.31,79.86,30.1,WATER
83.87,31.79,62.03,30.28,70.54,0.0,0.0,92.12,33.22,NIGHT_OK
80.6,15.65,35.99,17.25,46.19,0.0,0.0,92.55,36.58,NIGHT_OK
72.24,18.19,56.72,19.33,69.64,28909.9,0.98,69.22,30.13,OK
41.79,29.03,40.93,27.97,37.89,73148.96,3.17,81.94,41.84,ANOMALY_DETECTED
29.84,36.66,83.32,34.93,91.46,0.0,0.0,41.76,28.72,NOT_ABLE_TO_WATER
39.97,35.6,54.16,34.07,67.92,826.81,0.0,59.21,35.14,NOT_ABLE_TO_WATER
42.59,29.47,51.98,30.13,66.68,0.0,0.0,12.5,31.74,FUNGI_ALERT_EXCESS_WATER
nan,5.97,50.71,5.37,56.12,157285.8,5.33,41.53,34.68,INSUFFICIENT_DATA
13.43,28.69,77.97,27.82,96.22,157285.8,5.74,86.66,31.79,WATER
59.46,44.55,58.26,43.0,nan,0.0,0.0,55.97,34.57,INSUFFICIENT_DATA
79.0,19.33,23.18,16.17,18.13,63036.61,2.66,25.3,24.96,EXCESS_WATER
94.83,17.14,65.24,15.66,79.68,0.0,0.0,94.66,33.61,NIGHT_OK
21.42,11.96,81.69,11.93,100.0,0.0,0.0,15.29,31.38,NOT_ABLE_TO_WATER
50.12,21.31,92.04,19.86,100.0,113617.01,2.95,54.43,31.7,OK
67.96,20.34,59.3,19.79,53.59,0.0,0.0,67.57,29.71,NIGHT_OK
1.41,24.15,21.58,18.78,30.76,28746.46,0.83,75.23,33.67,NOT_ABLE_TO_WATER
97.49,41.89,25.8,42.73,34.61,0.0,0.0,35.26,29.49,FUNGI_ALERT_EXCESS_WATER
30.3,12.85,15.77,14.99,8.46,34935.9,1.13,63.31,32.68,NOT_ABLE_TO_WATER
26.17,37.86,24.06,37.93,18.59,157285.8,4.74,30.63,32.59,WATER
76.48,40.71,49.91,39.39,53.7,33669.86,1.44,70.2,33.01,NOT_ABLE_TO_VENTILATE
94.19,25.64,34.99,23.29,35.41,0.0,0.0,87.71,30.42,NIGHT_OK
6.77,11.7,51.71,11.15,52.7,0.0,0.0,75.64,24.75,NOT_ABLE_TO_WATER
50.84,19.26,85.92,20.58,81.32,68836.32,1.95,49.61,26.56,OK
64.86,15.4,45.42,11.36,36.83,0.0,0.0,61.61,25.55,LOW_TEMP_ALERT
75.97,27.68,41.41,29.71,57.21,115804.18,0.0,75.86,32.83,OK
26.18,9.03,44.96,8.81,51.48,0.0,0.0,74.35,30.26,NOT_ABLE_TO_WATER
65.93,39.02,31.77,40.36,37.64,113530.36,3.99,26.26,30.55,EXCESS_WATER
65.19,31.51,58.7,27.17,77.73,157285.8,4.78,62.42,26.7,OK
73.59,13.5,88.94,14.79,97.12,157285.8,5.88,70.92,31.94,LOW_TEMP_ALERT
60.38,37.42,32.99,34.63,33.28,0.0,0.0,56.71,28.94,NIGHT_OK
64.15,23.37,93.93,24.3,92.31,157285.8,6.49,65.22,24.0,OK
72.13,39.03,87.24,36.61,100.0,39991.85,1.01,65.32,32.77,NOT_ABLE_TO_VENTILATE
71.17,5.78,84.44,3.97,75.44,132756.15,5.0,78.15,29.71,LOW_TEMP_ALERT
66.8,16.05,50.48,15.77,65.41,40266.71,0.66,64.78,25.06,OK
67.96,15.42,79.04,12.79,75.6,0.0,0.0,70.57,28.64,LOW_TEMP_ALERT
93.15,22.35,94.93,22.01,100.0,17281.56,0.92,92.8,29.93,OK
27.08,5.67,83.78,4.52,80.53,72983.79,2.58,61.12,26.59,WATER
58.03,13.6,30.42,10.7,25.87,0.0,0.0,59.78,30.37,LOW_TEMP_ALERT
60.02,37.41,15.89,36.67,23.25,157285.8,5.06,64.45,nan,INSUFFICIENT_DATA
66.31,23.17,90.62,18.95,100.0,8686.51,0.0,44.58,32.05,FUNGI_ALERT_EXCESS_WATER
55.69,37.73,93.53,38.78,100.0,0.0,0.0,54.24,29.69,NOT_ABLE_TO_VENTILATE
33.2,8.57,83.92,7.19,90.66,0.0,0.0,84.39,24.0,NOT_ABLE_TO_WATER
39.37,39.09,73.69,35.63,83.86,0.0,0.0,39.39,36.94,NOT_ABLE_TO_WATER
98.21,39.45,92.5,35.1,100.0,157285.8,5.25,nan,24.56,INSUFFICIENT_DATA
84.61,38.47,91.19,38.28,96.5,157285.8,5.59,53.66,41.24,ANOMALY_DETECTED
82.48,7.98,77.86,6.94,92.8,26454.74,0.81,27.33,33.1,FUNGI_ALERT_EXCESS_WATER
51.71,28.38,47.95,25.43,53.61,77059.94,2.41,53.51,30.89,OK
92.93,20.79,26.39,19.87,22.65,157285.8,4.56,90.86,24.0,OK
52.9,43.23,32.01,38.29,39.16,0.0,0.0,47.95,28.1,NOT_ABLE_TO_VENTILATE
45.71,18.86,20.75,17.67,23.02,2671.03,0.43,20.15,31.94,EXCESS_WATER
53.24,43.57,18.83,40.45,13.63,4907.0,nan,16.92,32.96,INSUFFICIENT_DATA
61.54,41.2,69.57,39.62,74.89,157285.8,4.71,47.57,28.48,EXCESS_WATER
66.75,11.22,82.5,10.04,79.18,135042.88,3.69,74.86,24.0,LOW_TEMP_ALERT
2.45,39.76,29.63,37.08,35.96,0.0,0.0,26.72,28.51,NOT_ABLE_TO_WATER
73.91,40.53,17.45,41.73,21.96,85771.5,2.58,56.38,29.21,EXCESS_WATER
17.85,9.99,53.99,11.57,68.75,157285.8,6.39,20.05,29.36,WATER
91.84,34.48,70.41,31.93,84.16,127300.56,3.41,56.18,39.6,ANOMALY_DETECTED
60.77,10.03,60.51,6.31,65.29,7563.34,0.39,51.43,33.79,LOW_TEMP_ALERT
40.13,18.76,27.56,14.65,31.99,8708.93,0.51,43.56,29.65,LOW_TEMP_ALERT
87.94,18.89,44.12,19.39,42.75,157285.8,5.84,87.75,28.63,OK
25.0,11.96,27.66,12.37,34.22,845.9,0.08,27.66,29.28,NOT_ABLE_TO_WATER
55.51,22.66,55.39,20.61,53.37,0.0,0.0,56.09,31.73,NIGHT_OK
25.67,43.68,37.08,40.15,40.5,157285.8,5.38,91.49,25.43,WATER
57.53,44.14,40.85,39.06,40.41,157285.8,5.42,57.71,31.45,VENTILATE
10.93,41.61,72.22,39.95,80.41,60803.74,1.66,11.24,36.26,NOT_ABLE_TO_WATER
28.85,13.18,86.23,12.16,92.58,33135.31,0.93,23.21,29.66,NOT_ABLE_TO_WATER
54.1,37.73,25.54,36.14,26.36,0.0,0.0,89.03,40.14,NOT_ABLE_TO_WATER
91.78,5.61,17.02,4.9,20.45,0.0,0.0,81.51,28.48,FUNGI_ALERT_EXCESS_WATER
16.78,43.67,67.49,43.01,70.44,0.0,0.0,73.86,34.06,NOT_ABLE_TO_WATER
57.11,43.79,16.1,42.39,27.09,157285.8,4.81,53.66,29.97,HYDRIC_STRESS_ALERT
87.93,21.93,58.64,17.05,57.68,0.0,0.0,53.4,31.23,FUNGI_ALERT_EXCESS_WATER
82.48,18.75,78.48,19.26,82.29,0.0,0.0,80.74,29.96,NIGHT_OK
70.26,36.57,32.41,33.76,41.78,2877.6,0.0,60.37,28.12,LOW_LIGHT
72.05,22.23,64.05,20.08,58.44,0.0,0.0,73.27,36.12,NIGHT_OK
9.16,28.46,92.98,28.15,87.88,41479.78,1.53,11.6,32.89,NOT_ABLE_TO_WATER
4.05,15.4,51.68,13.56,44.78,40255.23,0.68,10.57,29.97,NOT_ABLE_TO_WATER
43.01,32.04,73.43,34.93,74.65,0.0,0.0,10.57,26.42,FUNGI_ALERT_EXCESS_WATER
26.32,7.6,94.62,6.74,100.0,104974.33,3.44,20.87,31.85,WATER
65.93,26.31,17.63,21.38,30.16,0.0,0.0,55.88,29.84,FUNGI_ALERT_EXCESS_WATER
7.67,33.96,35.14,31.47,43.95,157285.8,4.98,29.33,35.46,WATER
79.6,9.48,78.67,7.21,79.62,125473.7,4.23,85.42,31.67,LOW_TEMP_ALERT
23.11,25.34,94.82,23.62,100.0,6446.99,0.05,30.35,31.68,NOT_ABLE_TO_WATER
25.3,24.94,nan,27.09,38.74,157285.8,4.38,18.55,25.64,INSUFFICIENT_DATA
60.09,40.19,30.97,38.17,33.0,0.0,0.0,43.08,26.5,FUNGI_ALERT_EXCESS_WATER
46.75,7.65,60.83,7.2,64.61,0.0,0.0,58.95,28.34,NOT_ABLE_TO_WATER
66.24,11.21,52.68,12.25,66.57,157285.8,5.01,62.65,29.47,LOW_TEMP_ALERT
75.92,42.44,70.34,42.43,68.78,141962.71,3.57,78.77,30.47,VENTILATE
76.56,34.77,43.96,30.29,42.42,116755.37,4.22,65.39,29.73,EXCESS_WATER
3.68,7.71,92.11,9.41,100.0,157285.8,4.84,11.24,36.64,WATER
87.29,22.06,25.22,21.02,31.77,0.0,0.0,62.75,31.22,FUNGI_ALERT_EXCESS_WATER
84.72,20.25,93.75,21.2,78.62,446.38,0.09,31.57,24.01,FUNGI_ALERT_EXCESS_WATER
95.83,12.7,53.06,13.65,62.36,0.0,0.0,54.52,28.18,FUNGI_ALERT_EXCESS_WATER
86.12,10.31,44.57,12.79,46.13,157285.8,4.81,23.61,28.04,EXCESS_WATER
41.27,22.81,83.5,19.66,83.59,5111.5,0.72,43.17,43.27,ANOMALY_DETECTED
43.57,13.14,79.8,15.43,85.82,8058.12,0.4,94.93,30.81,NOT_ABLE_TO_WATER
24.97,25.09,35.28,23.41,34.99,0.0,0.0,17.77,29.82,NOT_ABLE_TO_WATER
80.17,17.73,91.8,18.87,89.25,157285.8,5.06,85.27,28.26,OK
83.14,26.41,64.59,26.6,73.02,424.38,0.04,94.97,31.92,LOW_LIGHT
48.64,42.26,72.62,38.78,66.36,157285.8,4.69,52.72,29.15,VENTILATE
67.38,31.0,93.91,32.51,100.0,0.0,0.0,27.03,30.55,FUNGI_ALERT_EXCESS_WATER
76.64,30.4,38.11,28.44,41.64,122498.42,3.97,71.35,28.71,OK
82.7,12.53,77.75,13.42,83.21,0.0,0.0,83.26,28.11,LOW_TEMP_ALERT
79.74,34.99,80.16,34.8,89.3,129387.77,4.43,87.97,36.5,OK
68.9,23.85,31.34,22.02,43.95,0.0,0.0,72.01,30.65,NIGHT_OK
73.89,10.1,24.53,6.39,24.07,9407.38,0.0,68.12,32.63,LOW_TEMP_ALERT
17.84,40.09,26.65,38.5,29.61,0.0,0.0,17.61,26.82,NOT_ABLE_TO_WATER
81.23,43.69,60.12,46.98,61.04,157285.8,5.33,80.41,33.97,VENTILATE
34.12,29.94,51.3,26.89,56.99,157285.8,5.42,32.11,25.82,WATER
10.78,28.88,87.45,29.27,93.63,157285.8,4.23,18.31,33.66,WATER
54.94,5.55,88.36,0.0,91.31,0.0,0.0,47.25,36.65,LOW_TEMP_ALERT
63.57,42.73,66.91,42.88,69.7,157285.8,5.28,67.81,38.59,ANOMALY_DETECTED
20.73,14.53,21.11,16.39,24.38,0.0,0.0,16.53,28.26,NOT_ABLE_TO_WATER
9.69,44.7,83.76,42.85,75.33,157285.8,5.25,51.43,32.73,WATER
46.6,43.67,80.69,41.09,78.16,157285.8,5.95,51.68,32.93,VENTILATE
72.47,19.64,17.97,17.2,33.35,148515.54,6.01,82.27,30.32,OK
48.06,41.5,57.47,38.89,61.3,123544.64,4.03,48.72,36.51,VENTILATE
59.8,11.01,44.93,8.9,46.19,0.0,0.0,57.9,28.66,LOW_TEMP_ALERT
39.87,5.6,73.66,4.84,71.46,135970.82,4.56,59.62,34.78,WATER
1.38,28.06,25.58,28.0,30.63,157285.8,4.7,62.32,30.35,WATER
49.36,5.12,91.69,5.43,97.13,144242.03,4.02,44.81,32.76,LOW_TEMP_ALERT
33.05,42.25,50.75,39.73,49.46,0.0,0.0,29.46,27.78,NOT_ABLE_TO_WATER
27.48,18.31,78.51,17.78,85.31,0.0,0.0,28.27,29.7,NOT_ABLE_TO_WATER
33.34,18.42,17.16,18.83,15.19,0.0,0.0,34.34,27.87,NOT_ABLE_TO_WATER
63.83,23.83,46.3,22.5,63.17,0.0,0.0,61.27,31.0,NIGHT_OK
88.51,41.69,41.29,39.59,54.29,5498.16,0.45,16.19,29.17,EXCESS_WATER
23.9,26.02,30.85,25.57,46.52,30174.25,1.93,25.1,32.82,NOT_ABLE_TO_WATER
77.03,33.44,69.23,27.86,71.93,0.0,0.0,84.63,37.88,NIGHT_OK
46.39,39.42,79.31,36.42,88.65,4555.42,0.0,41.24,30.18,NOT_ABLE_TO_VENTILATE
82.94,6.47,58.52,5.18,70.1,18128.42,0.93,54.59,38.07,ANOMALY_DETECTED
6.96,7.22,51.92,7.59,53.94,7160.34,1.04,45.75,29.11,NOT_ABLE_TO_WATER
78.2,30.69,71.48,30.46,60.56,157285.8,5.82,20.28,33.32,FUNGI_ALERT_EXCESS_WATER
49.27,6.51,72.86,5.18,89.5,0.0,0.0,49.58,31.49,LOW_TEMP_ALERT
44.29,17.03,69.0,14.29,83.39,157285.8,4.47,37.72,30.55,LOW_TEMP_ALERT
14.25,42.55,62.32,42.43,71.33,4865.62,0.0,19.95,24.19,NOT_ABLE_TO_WATER
67.39,31.84,52.06,30.78,65.65,157285.8,5.03,68.72,31.67,OK
87.36,32.88,65.75,30.59,70.6,34303.97,0.77,90.3,25.89,OK
40.01,5.17,15.26,5.82,13.5,83234.35,2.94,68.39,41.0,ANOMALY_DETECTED
95.13,28.22,22.15,27.2,34.26,157285.8,4.74,10.45,27.04,EXCESS_WATER
41.06,16.76,49.73,13.01,50.66,8768.23,0.11,45.19,37.01,ANOMALY_DETECTED
73.3,16.79,73.16,14.29,76.46,8052.1,0.0,77.98,31.5,LOW_TEMP_ALERT
89.51,34.83,15.13,35.03,21.21,157285.8,4.84,94.81,27.25,OK
20.13,44.59,73.49,41.89,80.52,22518.56,0.98,15.7,30.73,NOT_ABLE_TO_WATER
43.21,42.39,72.97,40.95,72.7,0.0,0.0,41.45,25.14,NOT_ABLE_TO_VENTILATE
43.94,11.48,45.27,11.94,52.11,157285.8,6.32,59.88,32.2,WATER
66.58,29.95,37.71,26.59,38.48,107891.5,3.72,59.43,27.64,OK
26.12,7.79,58.0,10.52,74.86,0.0,0.0,22.51,34.36,NOT_ABLE_TO_WATER
1.23,17.63,88.14,14.61,100.0,0.0,0.0,18.26,33.13,NOT_ABLE_TO_WATER
44.33,44.65,62.51,42.18,69.12,157285.8,4.61,42.16,26.21,VENTILATE
35.65,9.76,56.84,7.01,58.92,157285.8,4.43,28.13,28.73,WATER
80.44,18.64,17.25,17.93,21.3,0.0,0.0,88.13,24.51,NIGHT_OK
36.68,9.52,23.98,6.6,37.5,157285.8,4.84,33.61,28.0,WATER
34.93,23.56,92.63,20.5,100.0,83980.31,2.17,27.35,26.87,WATER
88.61,33.21,68.96,30.23,75.98,42703.26,1.54,65.79,25.59,EXCESS_WATER
86.44,27.79,78.84,28.61,95.19,0.0,0.0,86.6,30.74,NIGHT_OK
83.81,44.47,76.13,42.61,89.28,75901.32,2.19,88.21,29.62,NOT_ABLE_TO_VENTILATE
79.08,21.75,61.61,20.32,62.71,157285.8,5.97,82.3,29.75,OK
90.66,42.33,83.58,40.94,100.0,0.0,0.0,88.21,25.34,NOT_ABLE_TO_VENTILATE
87.14,7.43,33.25,8.04,26.58,0.0,0.0,85.25,30.46,LOW_TEMP_ALERT
91.94,11.93,84.07,8.41,100.0,2211.51,0.02,93.44,30.44,LOW_TEMP_ALERT
56.8,31.57,64.6,32.7,72.62,111036.39,4.11,82.93,33.35,WATER
88.15,42.0,16.68,38.66,31.68,0.0,0.0,14.59,27.46,FUNGI_ALERT_EXCESS_WATER
77.82,9.23,18.5,8.11,21.35,0.0,0.0,80.26,34.19,LOW_TEMP_ALERT
54.16,24.81,20.65,18.54,25.23,0.0,0.0,63.15,28.2,NIGHT_OK
58.12,6.04,79.07,5.49,91.26,24148.2,1.29,29.7,24.0,FUNGI_ALERT_EXCESS_WATER
68.67,7.7,63.91,4.41,62.43,119953.62,4.27,65.06,29.42,LOW_TEMP_ALERT
90.67,7.2,68.92,7.1,76.06,22497.41,0.66,61.99,25.21,EXCESS_WATER
90.29,7.49,47.65,7.64,45.19,9072.92,0.0,42.5,42.43,ANOMALY_DETECTED
64.11,15.83,30.4,12.94,27.23,25731.13,0.96,61.47,35.47,LOW_TEMP_ALERT
45.84,13.92,54.71,11.0,51.04,157285.8,0.02,45.15,28.18,LOW_TEMP_ALERT
57.42,15.82,46.63,13.14,52.91,9100.34,0.62,52.0,24.0,LOW_TEMP_ALERT
44.97,6.04,78.41,6.36,92.05,0.0,0.0,81.34,34.16,NOT_ABLE_TO_WATER
31.31,31.12,72.85,30.37,72.75,157285.8,4.77,33.55,31.77,WATER
34.01,37.23,84.15,34.2,89.71,157285.8,4.9,33.23,24.0,WATER
46.34,19.9,22.22,20.15,38.84,157285.8,4.09,51.61,30.83,OK
22.44,31.24,48.5,23.94,48.89,157285.8,5.41,78.07,35.06,WATER
50.82,34.36,24.99,34.93,29.44,157285.8,5.21,33.95,36.93,EXCESS_WATER
90.38,16.25,50.16,14.8,60.27,52017.28,2.09,90.07,24.0,LOW_TEMP_ALERT
10.62,37.07,44.42,35.4,56.84,5550.62,0.05,12.12,30.07,NOT_ABLE_TO_WATER
23.26,42.82,89.39,42.22,100.0,0.0,0.0,19.67,34.1,NOT_ABLE_TO_WATER
34.0,26.52,21.62,25.11,26.41,125949.41,4.67,54.41,24.19,WATER
63.0,22.35,71.26,19.79,75.32,0.0,0.0,61.79,25.57,NIGHT_OK
71.05,15.38,79.09,12.25,88.86,0.0,0.0,13.77,29.38,FUNGI_ALERT_EXCESS_WATER
40.19,7.98,67.05,5.65,71.29,0.0,0.0,13.82,29.57,FUNGI_ALERT_EXCESS_WATER
6.24,25.97,88.79,24.26,95.71,119327.41,3.41,57.24,33.48,WATER
59.16,42.47,87.13,41.08,99.38,157285.8,6.08,61.8,31.02,VENTILATE
82.1,28.23,74.07,27.36,71.79,0.0,0.0,24.81,27.38,FUNGI_ALERT_EXCESS_WATER
76.9,24.54,71.44,22.43,76.58,0.0,0.0,77.94,24.2,NIGHT_OK
45.42,6.14,55.28,8.54,65.54,157285.8,5.07,49.17,37.03,ANOMALY_DETECTED
80.05,42.47,19.9,41.16,37.11,76406.16,2.64,70.02,26.57,EXCESS_WATER
nan,40.54,21.76,40.29,34.77,157285.8,4.26,23.76,34.53,INSUFFICIENT_DATA
89.29,38.22,68.49,37.15,72.61,5003.79,0.71,87.88,24.12,NOT_ABLE_TO_VENTILATE
44.55,36.43,84.95,35.08,97.28,0.0,0.0,13.85,38.41,FUNGI_ALERT_EXCESS_WATER
53.34,10.84,44.46,9.76,53.75,157285.8,5.54,62.54,33.3,LOW_TEMP_ALERT
85.97,30.38,18.98,27.68,14.41,7148.72,0.43,93.19,24.0,LOW_LIGHT
16.96,38.19,92.13,34.65,98.03,157285.8,5.15,90.84,27.3,WATER
44.77,17.4,70.67,15.06,75.65,0.0,0.0,33.66,33.07,FUNGI_ALERT_EXCESS_WATER
76.52,25.96,61.95,25.02,60.45,157285.8,5.07,30.22,32.23,EXCESS_WATER
64.97,8.07,45.25,9.07,61.52,0.0,0.0,59.13,36.02,LOW_TEMP_ALERT
59.6,39.65,94.25,37.78,91.61,0.0,0.0,56.2,26.42,NOT_ABLE_TO_VENTILATE
39.45,26.71,16.08,25.77,17.26,0.0,0.0,47.31,30.34,NOT_ABLE_TO_WATER
72.46,10.79,22.09,7.77,17.42,157285.8,0.1,75.74,33.24,LOW_TEMP_ALERT
50.09,29.83,37.53,28.44,49.24,0.0,0.0,55.01,28.42,NIGHT_OK
4.78,21.15,81.49,23.05,96.83,409.21,0.0,53.57,35.71,NOT_ABLE_TO_WATER
56.97,15.22,47.48,9.39,54.48,0.0,0.0,58.65,31.34,LOW_TEMP_ALERT
57.22,42.75,69.0,40.42,72.05,0.0,0.0,60.17,26.61,NOT_ABLE_TO_VENTILATE
50.65,21.6,93.17,21.51,98.6,157285.8,6.06,71.17,30.47,WATER
59.65,20.21,87.49,17.18,93.56,157285.8,4.71,70.33,30.16,WATER
79.45,38.49,55.28,35.73,46.06,8610.42,0.52,18.19,27.12,EXCESS_WATER
80.69,33.85,44.47,33.25,53.97,0.0,0.0,90.57,26.91,NIGHT_OK
26.72,18.31,71.19,18.25,78.59,157285.8,6.7,24.68,34.9,WATER
81.29,41.27,90.39,43.98,93.08,157285.8,4.9,79.18,30.36,VENTILATE
62.56,17.12,56.75,17.49,63.25,3675.94,0.57,24.05,26.5,EXCESS_WATER
43.24,39.46,90.34,38.0,96.98,157285.8,4.84,84.51,33.69,WATER
74.6,36.7,90.91,37.27,99.32,0.0,0.0,57.64,35.95,FUNGI_ALERT_EXCESS_WATER
69.47,28.09,35.04,31.12,44.52,0.0,0.0,54.56,26.45,FUNGI_ALERT_EXCESS_WATER
74.99,10.59,33.47,8.52,37.0,90023.42,2.61,70.34,31.38,LOW_TEMP_ALERT
16.92,17.54,45.32,15.41,60.69,0.0,0.0,13.64,38.2,NOT_ABLE_TO_WATER
95.09,27.66,47.36,22.85,66.11,21457.21,0.29,91.0,28.7,OK
69.26,16.75,21.81,12.43,31.94,0.0,0.0,72.95,25.42,LOW_TEMP_ALERT
21.59,27.15,17.55,27.12,38.53,0.0,0.0,19.35,30.74,NOT_ABLE_TO_WATER
50.2,20.31,53.66,16.24,56.73,0.0,0.0,57.95,29.98,NIGHT_OK
72.59,6.61,77.85,6.98,78.9,0.0,0.0,49.39,36.51,FUNGI_ALERT_EXCESS_WATER
23.54,34.7,47.26,33.95,66.26,0.0,0.0,30.92,30.43,NOT_ABLE_TO_WATER
85.59,19.5,32.67,17.25,27.88,157285.8,6.09,82.47,28.24,OK
81.22,8.28,49.87,6.19,56.9,157285.8,6.03,85.01,25.49,LOW_TEMP_ALERT
75.02,15.24,65.36,15.08,62.67,157285.8,4.86,74.1,28.42,OK
87.81,5.65,70.61,3.2,70.55,0.0,0.0,83.45,42.63,LOW_TEMP_ALERT
58.21,22.81,83.46,19.19,92.2,39853.32,1.86,60.6,25.8,OK
55.2,31.27,90.8,30.83,100.0,0.0,0.0,72.28,33.33,NOT_ABLE_TO_WATER
35.46,39.38,72.04,37.32,56.76,157285.8,5.79,36.76,24.0,WATER
55.2,41.96,59.74,40.52,58.76,52463.17,0.8,91.26,32.08,NOT_ABLE_TO_WATER
20.2,33.87,39.75,33.75,44.62,157285.8,6.39,64.51,29.43,WATER
nan,23.25,55.64,21.42,61.25,0.0,0.0,90.45,28.4,INSUFFICIENT_DATA
0.49,39.92,33.72,36.06,32.75,0.0,0.0,45.38,28.48,NOT_ABLE_TO_WATER
69.52,15.07,67.82,15.27,67.06,46146.79,1.33,63.61,25.64,OK
87.43,13.3,50.1,11.97,46.03,0.0,0.0,81.78,25.28,LOW_TEMP_ALERT
81.07,5.19,53.42,3.86,66.2,157285.8,5.34,94.01,26.67,LOW_TEMP_ALERT
55.4,11.88,54.65,9.89,69.39,0.0,0.0,57.34,29.83,LOW_TEMP_ALERT
65.24,5.44,83.42,0.0,88.18,0.0,0.0,91.91,31.42,NOT_ABLE_TO_WATER
95.05,44.19,86.42,42.87,97.16,133396.93,5.46,92.35,39.99,ANOMALY_DETECTED
85.68,17.12,27.59,12.66,30.81,2201.07,0.0,68.85,34.59,EXCESS_WATER
49.68,29.0,85.96,29.03,98.08,4736.46,0.0,56.88,36.76,LOW_LIGHT
40.69,9.91,29.37,6.89,22.55,157285.8,5.01,44.14,26.98,LOW_TEMP_ALERT
72.5,18.53,68.35,18.34,84.72,157285.8,4.79,65.79,30.7,OK
77.33,26.04,28.41,27.81,27.66,0.0,0.0,76.91,34.26,NIGHT_OK
88.02,32.16,86.53,31.65,100.0,0.0,0.0,14.59,24.0,FUNGI_ALERT_EXCESS_WATER
92.57,42.85,62.25,40.1,75.07,157285.8,4.87,92.98,29.52,VENTILATE
34.8,44.87,42.06,45.74,45.13,157285.8,4.66,25.48,34.39,WATER
34.73,43.58,80.96,41.52,85.11,157285.8,5.12,36.2,29.91,WATER
59.15,43.79,55.37,46.01,71.01,157285.8,5.53,42.17,32.91,EXCESS_WATER
47.03,41.77,80.82,42.9,93.54,119498.56,0.02,50.51,30.85,NOT_ABLE_TO_VENTILATE
87.65,29.94,47.21,31.81,66.25,7877.07,0.35,89.96,28.55,LOW_LIGHT
87.92,12.05,51.87,11.31,48.86,5781.04,0.97,77.57,29.28,EXCESS_WATER
56.73,17.4,58.71,15.54,75.02,70331.96,2.55,57.19,24.0,OK
81.82,8.72,42.33,7.32,49.25,9543.06,0.52,81.81,26.81,LOW_TEMP_ALERT
45.79,18.53,79.15,16.97,93.57,138738.39,5.27,37.51,24.0,OK
69.87,14.24,16.98,13.38,23.68,157285.8,4.19,69.8,31.94,LOW_TEMP_ALERT
45.74,32.05,44.73,31.42,62.84,0.0,0.0,35.78,26.46,NIGHT_OK
62.32,18.27,17.49,15.87,23.58,0.0,0.0,50.27,29.22,FUNGI_ALERT_EXCESS_WATER
75.29,12.21,46.36,12.06,63.8,0.0,0.0,73.68,30.0,LOW_TEMP_ALERT
22.76,25.46,82.34,21.11,78.73,60402.24,2.26,32.22,29.5,WATER
30.63,44.71,28.33,42.5,39.57,0.0,0.0,73.35,29.01,NOT_ABLE_TO_WATER
72.27,34.55,29.13,34.27,29.92,0.0,0.0,75.33,43.11,NIGHT_OK
15.82,18.07,62.45,15.0,60.32,0.0,0.0,14.95,29.91,NOT_ABLE_TO_WATER
62.18,15.7,36.91,15.06,50.95,157285.8,4.87,57.9,25.45,OK
66.21,22.35,77.26,26.13,79.15,0.0,0.0,74.46,28.01,NIGHT_OK
41.73,14.57,60.33,11.22,45.54,4328.34,0.0,36.7,36.02,LOW_TEMP_ALERT
45.4,14.74,25.45,14.3,37.99,0.0,0.0,35.76,29.51,LOW_TEMP_ALERT
62.94,43.07,78.23,45.2,76.91,0.0,0.0,72.06,33.9,NOT_ABLE_TO_VENTILATE
6.34,19.83,75.85,20.42,77.88,107660.2,2.74,51.25,32.07,WATER
68.15,34.73,37.96,35.41,54.36,2003.19,0.4,65.45,24.0,LOW_LIGHT
39.02,17.89,58.34,15.72,61.98,0.0,0.0,36.53,26.95,NOT_ABLE_TO_WATER
87.08,43.23,89.28,40.88,100.0,157285.8,4.15,77.71,30.55,VENTILATE
53.74,25.65,47.54,25.53,55.41,90409.22,3.23,63.92,42.99,ANOMALY_DETECTED
76.11,35.15,31.91,33.37,55.21,157285.8,0.05,74.33,26.35,OK
78.48,13.11,76.78,13.41,70.65,0.0,0.0,83.68,24.0,LOW_TEMP_ALERT
22.18,9.53,32.09,9.03,15.8,0.0,0.0,17.91,29.52,NOT_ABLE_TO_WATER
73.24,18.74,16.26,14.91,14.33,128227.9,5.46,70.27,32.01,LOW_TEMP_ALERT
2.86,20.72,67.98,17.52,70.59,0.0,0.0,81.87,31.95,NOT_ABLE_TO_WATER
77.75,36.22,18.85,33.7,16.23,0.0,0.0,78.81,34.91,NIGHT_OK
39.55,10.91,92.58,10.11,100.0,0.0,0.0,37.14,33.18,NOT_ABLE_TO_WATER
8.97,5.67,72.14,3.1,88.74,0.0,0.0,58.78,33.88,NOT_ABLE_TO_WATER
30.82,31.01,52.8,27.47,62.34,0.0,0.0,57.24,35.88,NOT_ABLE_TO_WATER
54.64,42.84,71.42,37.65,70.74,0.0,0.0,46.02,34.11,NOT_ABLE_TO_VENTILATE
81.6,37.47,17.11,36.54,20.09,27542.13,1.13,87.44,30.91,NOT_ABLE_TO_VENTILATE
99.82,24.32,89.56,23.13,97.78,30640.94,1.66,42.38,29.59,FUNGI_ALERT_EXCESS_WATER
73.48,34.6,64.18,33.51,69.7,0.0,0.0,62.48,30.85,FUNGI_ALERT_EXCESS_WATER
87.5,9.43,60.76,0.05,67.9,0.0,0.0,86.71,29.39,LOW_TEMP_ALERT
27.63,10.58,52.3,10.23,60.06,24393.97,1.39,35.88,28.03,NOT_ABLE_TO_WATER
47.39,18.36,71.36,15.5,65.62,4630.65,0.3,78.69,28.57,NOT_ABLE_TO_WATER
60.03,28.15,69.67,26.26,76.19,59369.89,2.09,64.78,40.84,ANOMALY_DETECTED
58.61,40.59,84.49,37.9,93.28,0.0,0.0,70.26,30.49,NOT_ABLE_TO_WATER
59.22,36.26,46.92,36.62,45.76,0.0,0.0,58.72,36.83,NOT_ABLE_TO_VENTILATE
58.43,nan,24.89,41.1,27.97,157285.8,5.43,64.03,30.55,INSUFFICIENT_DATA
74.25,38.58,69.67,36.05,87.74,143565.6,4.73,77.06,31.39,VENTILATE
15.6,29.03,32.48,25.02,30.82,0.0,0.0,14.18,29.49,NOT_ABLE_TO_WATER
65.42,20.14,47.9,18.19,56.68,8523.04,0.11,91.29,32.11,NOT_ABLE_TO_WATER
8.67,18.39,85.71,18.18,99.8,157285.8,4.97,87.0,27.44,WATER
15.06,34.17,51.77,30.9,66.95,3778.93,0.0,12.79,27.2,NOT_ABLE_TO_WATER
78.45,10.1,94.29,9.73,95.69,0.0,0.0,73.07,32.93,LOW_TEMP_ALERT
70.49,7.08,77.43,9.29,86.02,116273.35,3.96,71.4,45.12,ANOMALY_DETECTED
40.95,5.08,27.94,0.47,15.08,157285.8,4.74,43.68,29.2,LOW_TEMP_ALERT
37.09,37.22,80.5,34.8,77.3,157285.8,5.05,37.31,26.52,WATER
35.18,32.92,15.78,32.98,16.71,135832.05,4.96,30.33,29.47,WATER
33.31,13.04,16.48,11.13,9.86,42183.87,1.59,30.0,28.64,NOT_ABLE_TO_WATER
69.39,12.48,58.69,11.04,62.86,29579.77,0.07,64.97,30.99,LOW_TEMP_ALERT
48.75,35.15,58.79,35.73,70.09,29461.39,0.96,49.07,28.04,OK
77.92,13.01,24.77,10.41,36.08,5111.0,0.0,76.95,35.91,LOW_TEMP_ALERT
55.55,17.88,15.12,18.73,17.38,0.0,0.0,35.04,24.0,FUNGI_ALERT_EXCESS_WATER
46.3,26.14,37.86,25.74,57.28,0.0,0.0,13.98,25.12,FUNGI_ALERT_EXCESS_WATER
49.08,14.19,71.16,11.0,85.68,157285.8,6.17,36.59,32.67,FUNGI_ALERT_EXCESS_WATER
77.55,39.58,21.37,35.84,37.32,43479.66,1.49,52.48,30.54,EXCESS_WATER
69.37,12.65,36.6,9.56,42.5,1887.67,0.47,38.74,24.11,EXCESS_WATER
45.52,11.78,17.05,9.97,13.4,92055.76,2.68,39.93,30.94,LOW_TEMP_ALERT
13.52,41.01,24.87,39.19,19.7,0.0,0.0,19.58,26.21,NOT_ABLE_TO_WATER
47.54,9.77,23.1,7.6,16.01,126689.1,4.71,47.15,29.45,LOW_TEMP_ALERT
51.21,21.54,47.66,18.28,61.95,0.0,0.0,53.04,27.02,NIGHT_OK
93.34,37.44,85.14,37.89,85.27,0.0,0.0,85.69,28.0,NOT_ABLE_TO_VENTILATE
19.71,6.19,48.77,5.22,58.74,5721.8,nan,27.69,25.97,INSUFFICIENT_DATA
11.65,22.5,25.23,22.5,29.56,9705.25,0.0,26.28,39.2,ANOMALY_DETECTED
31.11,31.81,80.77,31.87,75.96,157285.8,5.45,37.97,32.91,WATER
47.21,24.29,21.53,22.33,22.0,0.0,0.0,48.2,29.0,NIGHT_OK
29.93,33.12,63.85,34.17,66.8,0.0,0.0,28.14,29.15,NOT_ABLE_TO_WATER
16.03,12.65,37.83,10.46,43.29,9131.73,0.13,nan,32.71,INSUFFICIENT_DATA
77.58,42.7,21.81,42.81,31.51,0.0,0.0,46.01,29.67,FUNGI_ALERT_EXCESS_WATER
61.53,9.15,94.46,7.13,99.96,47730.69,1.74,64.33,31.03,LOW_TEMP_ALERT
63.57,11.46,30.46,9.27,44.72,49989.3,1.64,66.2,35.03,LOW_TEMP_ALERT
13.28,18.45,24.1,18.27,23.49,74449.55,1.87,76.37,37.96,ANOMALY_DETECTED
96.6,28.85,27.51,29.65,19.54,7534.41,0.4,82.67,37.14,ANOMALY_DETECTED
25.67,38.55,34.37,39.85,37.13,119930.3,4.48,36.87,29.94,WATER
75.53,19.7,76.35,nan,91.87,48995.12,1.39,75.39,30.17,INSUFFICIENT_DATA
86.58,25.71,58.09,25.11,62.11,157285.8,0.1,64.76,25.16,EXCESS_WATER
33.67,23.14,25.72,22.72,28.28,68627.66,1.74,29.47,30.33,NOT_ABLE_TO_WATER
5.19,10.57,78.52,13.84,68.98,0.0,0.0,91.29,29.5,NOT_ABLE_TO_WATER
63.72,9.05,23.84,9.59,27.82,157285.8,4.75,60.89,31.12,LOW_TEMP_ALERT
53.68,30.82,19.5,26.47,33.78,157285.8,0.09,80.3,34.63,NOT_ABLE_TO_WATER
53.71,27.85,77.94,24.52,74.14,23074.43,0.52,85.78,24.12,NOT_ABLE_TO_WATER
63.57,28.68,16.64,28.67,22.08,854.53,0.4,78.15,44.91,ANOMALY_DETECTED
71.7,5.82,51.43,6.43,56.37,57306.14,2.29,77.99,34.47,LOW_TEMP_ALERT
52.86,17.29,62.49,16.54,68.33,0.0,0.0,76.15,29.37,NOT_ABLE_TO_WATER
93.23,7.9,54.55,3.66,61.36,0.0,0.0,56.97,40.59,FUNGI_ALERT_EXCESS_WATER
35.45,8.24,53.43,5.05,53.71,157285.8,4.03,49.66,28.45,WATER
40.74,23.4,93.34,22.13,100.0,0.0,0.0,45.82,38.22,NIGHT_OK
46.74,35.56,31.26,35.45,29.55,157285.8,5.99,43.49,36.72,OK
83.13,42.21,25.42,41.68,23.0,0.0,0.0,80.98,27.02,HYDRIC_STRESS_ALERT
58.15,25.96,49.29,28.17,53.7,0.0,0.0,47.11,29.63,FUNGI_ALERT_EXCESS_WATER
87.92,42.3,38.26,41.33,48.96,157285.8,5.21,58.44,25.84,EXCESS_WATER
46.5,10.87,48.16,9.03,65.82,157285.8,5.72,44.72,26.94,LOW_TEMP_ALERT
70.48,27.38,41.84,23.06,63.11,157285.8,4.83,68.25,29.59,OK
73.26,19.85,34.96,19.99,44.12,45438.7,1.12,77.49,30.35,OK
91.8,43.65,87.93,43.72,86.82,0.0,0.0,85.6,33.47,NOT_ABLE_TO_VENTILATE
26.25,8.53,24.23,4.81,31.0,0.0,0.0,87.67,24.06,NOT_ABLE_TO_WATER
97.57,35.48,56.88,35.11,66.82,28471.34,0.21,37.14,33.25,EXCESS_WATER
84.61,18.55,29.37,12.58,29.51,0.0,0.0,75.47,27.02,LOW_TEMP_ALERT
72.94,28.09,52.15,27.33,61.4,129290.99,4.38,71.95,29.85,OK
82.66,9.9,43.06,8.06,55.06,0.0,0.0,73.65,29.42,LOW_TEMP_ALERT
47.62,19.99,49.16,17.0,59.4,0.0,0.0,46.03,29.66,NIGHT_OK
29.88,40.01,79.98,37.45,91.09,24990.24,0.48,43.39,27.51,NOT_ABLE_TO_WATER
86.75,17.36,66.69,19.08,78.63,157285.8,0.12,10.71,34.14,EXCESS_WATER
65.8,36.41,17.77,36.94,16.58,0.0,0.0,13.77,29.23,FUNGI_ALERT_EXCESS_WATER
12.42,5.44,74.41,9.22,88.25,45082.28,1.56,11.87,27.73,NOT_ABLE_TO_WATER
34.31,24.07,18.77,24.54,25.46,2175.51,0.71,20.43,26.69,NOT_ABLE_TO_WATER
93.67,34.87,57.56,33.55,59.41,0.0,0.0,47.46,34.14,FUNGI_ALERT_EXCESS_WATER
51.96,42.68,27.42,43.45,14.04,125771.22,4.02,52.59,29.9,HYDRIC_STRESS_ALERT
12.51,5.02,41.46,7.03,65.52,0.0,0.0,42.58,24.0,NOT_ABLE_TO_WATER
86.83,38.61,63.8,38.46,73.94,0.0,0.0,32.48,31.0,FUNGI_ALERT_EXCESS_WATER
85.02,7.47,61.06,5.24,63.91,157285.8,4.95,64.77,33.91,EXCESS_WATER
51.93,43.31,47.5,41.4,42.62,0.0,0.0,48.32,27.71,NOT_ABLE_TO_VENTILATE
94.16,29.37,49.19,26.51,53.7,20837.62,0.64,88.26,31.54,OK
59.63,19.01,65.87,21.97,61.57,5239.4,0.0,61.9,46.0,ANOMALY_DETECTED
91.77,42.43,49.45,39.48,63.69,157285.8,5.74,35.7,30.44,EXCESS_WATER
86.31,16.41,46.82,10.81,48.15,0.0,0.0,89.96,32.44,LOW_TEMP_ALERT
11.33,23.42,91.6,23.36,93.61,0.0,0.0,18.08,36.22,NOT_ABLE_TO_WATER
18.3,11.76,60.81,9.08,64.56,0.0,0.0,21.48,26.09,NOT_ABLE_TO_WATER
22.08,17.46,66.51,15.8,97.65,157285.8,0.08,20.53,34.21,NOT_ABLE_TO_WATER
16.36,21.07,31.19,20.13,42.26,43944.98,1.71,84.4,24.0,NOT_ABLE_TO_WATER
36.13,17.81,32.28,12.67,32.81,157285.8,4.23,40.45,29.97,WATER
29.36,22.6,75.65,15.85,93.15,0.0,0.0,36.31,31.93,NOT_ABLE_TO_WATER
32.49,30.96,57.76,30.81,60.84,2752.06,0.0,28.73,30.48,NOT_ABLE_TO_WATER
80.68,42.05,47.24,39.35,48.75,44451.31,1.06,65.66,34.17,EXCESS_WATER
21.47,35.92,94.21,34.35,94.57,157285.8,5.03,20.66,43.37,ANOMALY_DETECTED
74.22,8.96,32.33,8.98,37.21,0.0,0.0,74.14,27.5,LOW_TEMP_ALERT
27.85,12.58,18.63,11.59,27.59,0.0,0.0,29.71,28.25,NOT_ABLE_TO_WATER
69.03,29.67,42.7,28.8,32.18,157285.8,5.14,52.43,35.75,EXCESS_WATER
61.98,11.7,51.12,10.12,61.07,43113.98,1.14,62.7,32.59,LOW_TEMP_ALERT
79.32,6.73,91.89,7.46,92.1,0.0,0.0,86.71,31.62,LOW_TEMP_ALERT
28.18,43.49,17.37,43.03,35.17,42690.12,0.95,26.56,44.85,ANOMALY_DETECTED
89.67,11.54,69.5,8.43,82.49,62465.57,2.2,93.17,29.95,LOW_TEMP_ALERT
63.35,5.04,94.77,7.67,99.17,157285.8,5.03,70.14,28.67,LOW_TEMP_ALERT
27.87,33.92,54.6,36.31,57.32,157285.8,5.06,26.66,28.63,WATER
85.65,27.98,43.97,25.04,48.35,0.0,0.0,86.9,25.33,NIGHT_OK
39.98,32.89,27.74,31.27,44.12,8052.85,0.0,41.67,34.55,NOT_ABLE_TO_WATER
23.08,40.72,19.3,38.19,15.06,131847.13,4.43,45.33,35.33,WATER
66.21,7.95,57.02,6.09,58.72,34434.53,0.87,75.62,32.44,LOW_TEMP_ALERT
53.12,30.03,76.99,27.67,79.15,2730.08,0.49,48.67,24.97,LOW_LIGHT
14.04,36.6,52.65,34.88,71.7,0.0,0.0,22.68,27.46,NOT_ABLE_TO_WATER
82.78,16.49,34.04,14.86,36.34,157285.8,5.03,80.66,38.2,ANOMALY_DETECTED
44.28,36.88,71.0,37.45,63.56,157285.8,5.06,42.61,24.49,VENTILATE
19.36,14.9,51.85,13.26,56.32,16250.59,1.11,19.41,28.36,NOT_ABLE_TO_WATER
53.43,17.53,26.12,12.78,32.27,157285.8,5.4,53.26,30.91,LOW_TEMP_ALERT
67.08,35.75,83.47,32.39,82.73,157285.8,5.1,74.1,29.99,OK
20.85,10.02,67.04,10.09,67.61,129432.05,3.87,30.25,24.19,WATER
82.67,23.52,85.19,21.68,84.15,0.0,0.0,52.03,31.67,FUNGI_ALERT_EXCESS_WATER
65.88,41.49,27.68,41.26,46.68,3067.65,0.0,64.48,24.73,HYDRIC_STRESS_ALERT
18.81,13.03,82.83,10.55,81.77,0.0,0.0,48.79,36.09,NOT_ABLE_TO_WATER
54.88,20.54,46.71,17.78,66.68,31019.14,0.77,13.93,28.2,EXCESS_WATER
52.64,19.18,61.72,17.36,71.82,0.0,0.0,64.58,27.29,NOT_ABLE_TO_WATER
65.26,39.88,28.95,42.62,36.16,77219.29,2.64,66.82,32.28,HYDRIC_STRESS_ALERT
16.65,26.98,59.33,27.78,61.02,157285.8,5.28,46.59,30.16,WATER
69.87,11.0,92.37,7.74,100.0,49670.88,1.5,74.62,28.07,LOW_TEMP_ALERT
35.23,6.82,54.77,4.98,53.74,148702.35,4.84,74.61,33.05,WATER
19.95,11.54,87.4,8.99,98.5,0.0,0.0,24.97,44.37,NOT_ABLE_TO_WATER
4.11,9.83,78.51,6.05,74.7,0.0,0.0,28.53,37.73,NOT_ABLE_TO_WATER
39.43,11.46,78.83,12.1,83.49,39240.85,1.8,35.92,27.74,NOT_ABLE_TO_WATER
47.54,21.96,32.0,19.52,37.19,0.0,0.0,50.27,29.14,NIGHT_OK
63.58,29.31,55.09,29.29,66.94,0.0,0.0,55.49,31.56,NIGHT_OK
46.98,12.13,51.07,9.71,61.4,157285.8,5.52,47.18,34.0,LOW_TEMP_ALERT
41.64,11.0,42.8,10.12,59.44,5630.14,0.08,67.4,28.96,NOT_ABLE_TO_WATER
7.25,8.74,52.86,5.96,57.02,157285.8,5.18,12.78,35.96,WATER
54.86,35.3,44.49,34.33,52.58,121386.19,2.92,54.16,32.88,OK
56.18,34.9,92.32,36.03,96.13,157285.8,5.25,70.79,26.8,WATER
91.48,10.91,69.92,10.53,72.99,2365.79,0.19,88.99,34.51,LOW_TEMP_ALERT
29.71,21.14,53.06,18.83,50.97,32859.16,1.32,44.54,27.02,NOT_ABLE_TO_WATER
74.88,15.84,27.6,14.71,30.13,157285.8,4.47,45.9,33.15,EXCESS_WATER
77.59,11.34,74.84,7.32,73.44,0.0,0.0,83.89,30.33,LOW_TEMP_ALERT
75.59,10.57,23.74,7.29,42.58,157285.8,6.84,76.32,30.0,LOW_TEMP_ALERT
88.94,8.3,80.7,9.29,84.9,9017.52,0.89,91.52,32.92,LOW_TEMP_ALERT
79.0,26.26,94.07,26.56,97.06,157285.8,5.62,79.94,27.34,OK
63.19,11.53,23.05,14.02,18.0,22853.13,0.68,53.63,33.37,LOW_TEMP_ALERT
29.89,20.45,49.44,14.42,64.97,157285.8,5.41,37.85,33.7,WATER
44.97,8.35,90.91,8.02,98.91,157285.8,6.21,nan,41.99,INSUFFICIENT_DATA
13.35,25.33,64.09,24.31,61.93,0.0,0.0,10.26,30.96,NOT_ABLE_TO_WATER
21.04,8.13,60.66,3.41,68.48,101798.98,2.34,22.12,31.13,WATER
88.74,39.55,67.98,36.22,76.24,157285.8,5.67,81.28,29.35,VENTILATE
28.58,31.19,32.05,27.94,40.7,157285.8,5.01,23.62,30.67,WATER
55.43,22.86,66.11,19.95,77.8,124875.04,3.46,58.37,30.35,OK
13.97,43.48,65.12,44.29,71.77,4992.83,0.13,52.39,33.86,NOT_ABLE_TO_WATER
81.92,16.77,15.43,14.82,19.36,0.0,0.0,22.08,34.78,FUNGI_ALERT_EXCESS_WATER
78.93,42.51,87.4,40.94,98.01,0.0,0.0,75.95,28.45,NOT_ABLE_TO_VENTILATE
61.32,39.0,92.22,40.17,100.0,2568.67,0.73,51.38,28.79,NOT_ABLE_TO_VENTILATE
54.66,17.31,92.44,17.7,91.62,0.0,0.0,49.63,32.31,NIGHT_OK
40.92,44.49,46.5,44.34,54.51,157285.8,4.38,39.87,31.62,VENTILATE
38.01,25.24,17.84,20.24,20.45,151365.47,5.83,48.71,29.2,WATER
88.64,23.22,83.13,20.1,84.64,157285.8,5.97,86.82,35.23,OK
3.27,24.59,88.23,24.02,88.99,3845.31,0.0,11.6,30.12,NOT_ABLE_TO_WATER
47.92,8.16,90.75,7.36,85.98,157285.8,5.63,15.92,28.82,FUNGI_ALERT_EXCESS_WATER
26.93,24.9,82.64,23.81,94.33,9793.61,0.46,24.36,31.19,NOT_ABLE_TO_WATER
23.86,39.43,73.88,39.11,69.94,0.0,0.0,24.16,34.43,NOT_ABLE_TO_WATER
44.81,29.66,61.95,26.39,91.65,22588.29,1.26,40.11,31.67,OK
42.0,44.28,80.42,43.2,81.51,0.0,0.0,51.2,24.0,NOT_ABLE_TO_VENTILATE
7.88,14.5,66.61,9.95,68.08,130516.41,3.59,44.48,43.03,ANOMALY_DETECTED
80.64,22.25,78.59,19.48,100.0,157285.8,5.58,83.06,33.28,OK
68.11,21.08,60.9,18.84,76.76,0.0,0.0,71.81,26.14,NIGHT_OK
68.84,11.54,39.61,13.51,36.09,0.0,0.0,41.75,31.0,FUNGI_ALERT_EXCESS_WATER
68.05,36.26,84.68,34.1,84.55,0.0,0.0,70.34,28.25,NIGHT_OK
6.49,41.41,19.83,38.29,21.95,0.0,0.0,10.33,29.54,NOT_ABLE_TO_WATER
61.68,24.52,77.79,22.69,87.58,89957.25,2.77,80.61,28.05,WATER
43.5,41.9,27.48,37.79,37.39,nan,2.53,42.19,30.37,INSUFFICIENT_DATA
73.48,31.81,71.13,29.97,65.54,0.0,0.0,73.62,33.67,NIGHT_OK
21.32,30.4,85.6,30.35,78.85,157285.8,4.85,28.9,31.56,WATER
65.38,20.8,92.84,21.75,100.0,157285.8,6.34,68.01,31.98,OK
17.52,13.91,52.94,12.81,52.16,0.0,0.0,56.25,29.1,NOT_ABLE_TO_WATER
55.67,42.39,29.73,41.24,31.11,0.0,0.0,57.54,32.82,HYDRIC_STRESS_ALERT
74.28,14.57,36.32,13.11,38.22,157285.8,5.28,38.08,31.66,EXCESS_WATER
58.85,44.81,16.05,39.08,15.35,0.0,0.0,74.24,24.0,NOT_ABLE_TO_WATER
51.51,43.84,62.79,43.0,68.14,157285.8,5.39,90.03,24.0,WATER
74.7,42.22,49.79,42.84,55.17,157285.8,5.5,30.28,31.78,EXCESS_WATER
78.72,7.85,73.56,3.85,83.71,0.0,0.0,42.96,34.06,FUNGI_ALERT_EXCESS_WATER
36.37,31.69,47.15,28.36,51.52,24914.45,0.87,73.9,26.81,NOT_ABLE_TO_WATER
90.09,21.56,19.09,21.92,11.18,5422.48,0.0,61.22,29.72,EXCESS_WATER
80.75,40.95,41.63,37.16,42.56,127489.47,3.87,23.43,30.93,EXCESS_WATER
19.63,43.82,46.09,41.27,54.32,157285.8,5.27,12.15,28.62,WATER
74.34,23.51,23.43,22.09,32.77,276.65,0.46,69.87,31.0,LOW_LIGHT
21.57,31.6,90.3,25.57,100.0,157285.8,6.12,71.81,34.52,WATER
42.01,31.88,86.23,29.36,86.06,102213.58,0.14,49.18,32.52,OK
28.97,42.27,47.59,43.59,51.33,7340.7,0.04,34.89,41.19,ANOMALY_DETECTED
0.22,9.99,29.09,9.8,41.22,0.0,0.0,23.33,32.09,NOT_ABLE_TO_WATER
26.79,26.96,92.22,28.14,89.82,157285.8,5.44,25.91,30.8,WATER
33.91,22.14,46.04,22.95,61.96,45218.51,0.84,32.41,33.09,NOT_ABLE_TO_WATER
34.73,10.14,69.23,8.79,74.02,0.0,0.0,40.96,37.95,NOT_ABLE_TO_WATER
72.77,12.17,41.03,10.7,36.65,157285.8,4.44,31.79,39.38,ANOMALY_DETECTED
40.11,26.69,83.26,31.22,77.14,157285.8,5.17,33.63,31.38,OK
6.83,13.91,75.06,13.55,80.46,7452.47,0.0,44.32,25.63,NOT_ABLE_TO_WATER
90.03,25.24,93.59,25.78,100.0,0.0,0.0,89.81,35.11,NIGHT_OK
65.4,16.1,89.67,14.47,90.92,157285.8,5.79,61.05,34.48,LOW_TEMP_ALERT
66.09,13.63,64.48,13.83,75.12,157285.8,6.09,63.28,33.33,LOW_TEMP_ALERT
91.14,41.43,18.13,41.3,16.37,8160.55,0.0,83.68,30.73,HYDRIC_STRESS_ALERT
38.9,38.81,25.85,38.06,35.82,0.0,0.0,33.67,31.47,NOT_ABLE_TO_WATER
61.58,9.51,82.65,10.96,92.1,0.0,0.0,64.7,30.21,LOW_TEMP_ALERT
76.37,10.91,26.12,7.96,39.15,0.0,0.0,74.12,30.08,LOW_TEMP_ALERT
57.21,11.47,16.85,9.5,28.7,0.0,0.0,64.74,39.54,LOW_TEMP_ALERT
59.16,25.51,69.13,23.11,73.34,0.0,0.0,42.17,24.45,FUNGI_ALERT_EXCESS_WATER
11.59,22.47,39.08,18.4,41.13,0.0,0.0,18.68,25.36,NOT_ABLE_TO_WATER
90.45,10.95,90.22,6.65,89.44,0.0,0.0,92.16,35.7,LOW_TEMP_ALERT
92.11,28.34,93.82,26.55,87.16,0.0,0.0,90.13,32.82,NIGHT_OK
70.01,7.36,89.27,6.94,100.0,1105.69,0.0,76.71,35.83,LOW_TEMP_ALERT
54.68,9.15,80.03,8.6,92.15,0.0,0.0,89.9,28.9,NOT_ABLE_TO_WATER
39.62,27.28,66.92,24.74,67.08,0.0,0.0,33.05,33.84,NOT_ABLE_TO_WATER
61.39,15.88,81.2,10.99,88.69,157285.8,4.14,71.47,33.47,WATER
73.98,10.47,78.35,8.0,73.03,8520.08,0.99,74.71,26.39,LOW_TEMP_ALERT
36.38,9.9,74.06,11.51,93.69,25902.59,0.15,40.73,27.86,NOT_ABLE_TO_WATER
29.73,33.93,89.54,33.77,97.81,0.0,0.0,69.19,30.02,NOT_ABLE_TO_WATER
31.33,15.55,59.65,14.77,55.18,157285.8,5.28,27.24,32.27,WATER
53.33,5.51,62.7,3.74,60.67,4537.85,0.13,62.74,28.34,LOW_TEMP_ALERT
51.76,25.97,18.71,24.66,35.64,157285.8,5.5,59.97,30.65,OK
68.94,12.32,72.65,9.13,78.28,0.0,0.0,71.77,34.81,LOW_TEMP_ALERT
13.16,27.38,61.16,27.9,73.67,0.0,0.0,47.83,24.0,NOT_ABLE_TO_WATER
48.52,35.36,59.48,33.95,59.99,157285.8,6.49,48.97,30.54,OK
21.89,33.86,93.69,30.94,100.0,157285.8,6.41,24.21,29.33,WATER
42.58,12.7,21.16,11.42,24.69,145192.8,5.26,45.23,24.0,LOW_TEMP_ALERT
32.03,24.51,35.31,27.07,25.37,41750.26,1.38,39.05,28.91,NOT_ABLE_TO_WATER
20.86,23.3,90.82,21.38,100.0,0.0,0.0,31.94,26.99,NOT_ABLE_TO_WATER
15.77,22.46,21.12,20.55,20.8,161.09,0.0,14.37,31.7,NOT_ABLE_TO_WATER
48.14,16.68,66.45,11.78,62.45,0.0,0.0,49.92,30.45,LOW_TEMP_ALERT
38.26,43.55,65.71,43.5,62.39,0.0,0.0,36.72,34.16,NOT_ABLE_TO_WATER
6.91,30.06,36.37,29.36,39.66,157285.8,6.73,26.75,25.67,WATER
53.88,41.13,37.88,42.97,50.03,3783.84,0.0,56.2,32.65,NOT_ABLE_TO_VENTILATE
59.72,31.02,93.61,30.09,90.23,0.0,0.0,56.88,32.98,NIGHT_OK
81.21,22.74,55.95,19.75,63.92,157285.8,4.73,78.3,32.62,OK
63.18,35.53,80.65,36.95,79.02,0.0,0.0,66.95,30.46,NOT_ABLE_TO_VENTILATE
77.07,15.17,21.74,12.68,21.65,157285.8,4.87,75.25,29.97,LOW_TEMP_ALERT
46.68,33.15,56.53,29.47,62.38,0.0,0.0,71.29,27.88,NOT_ABLE_TO_WATER
49.09,8.05,86.33,7.42,98.0,0.0,0.0,45.66,27.88,LOW_TEMP_ALERT
60.13,31.55,61.5,26.23,55.48,0.0,0.0,48.52,26.25,FUNGI_ALERT_EXCESS_WATER
9.25,9.52,18.63,7.08,23.32,12540.72,0.0,65.83,39.87,ANOMALY_DETECTED
9.54,20.88,81.11,18.71,85.04,150202.7,4.45,68.48,34.95,WATER
40.83,22.39,32.93,17.71,43.28,2862.64,0.0,45.08,37.44,ANOMALY_DETECTED
47.79,39.59,30.55,38.66,37.6,9920.16,0.16,45.01,28.07,NOT_ABLE_TO_VENTILATE
23.7,7.5,49.0,7.69,55.53,0.0,0.0,26.14,27.31,NOT_ABLE_TO_WATER
51.84,40.38,54.15,38.59,71.14,0.0,0.0,61.33,28.67,NOT_ABLE_TO_VENTILATE
62.21,33.44,53.16,31.91,62.26,157285.8,5.37,63.54,31.01,OK
90.19,33.55,75.03,29.3,78.33,0.0,0.0,92.93,32.3,NIGHT_OK
73.73,9.47,73.87,8.12,82.13,15398.18,0.65,74.32,26.56,LOW_TEMP_ALERT
44.36,33.77,56.7,31.02,45.11,37472.13,0.02,39.73,32.46,OK
73.58,17.74,90.92,16.53,100.0,0.0,0.0,66.74,26.27,NIGHT_OK
29.17,16.81,64.56,16.28,74.56,0.0,0.0,35.46,29.19,NOT_ABLE_TO_WATER
97.25,17.77,38.03,16.14,45.41,6896.27,0.35,11.85,34.46,EXCESS_WATER
44.69,7.03,15.38,3.24,32.16,26823.95,0.42,12.73,34.58,EXCESS_WATER
21.03,15.53,33.51,15.54,39.47,157285.8,5.32,27.46,31.45,WATER
67.05,8.64,31.79,5.07,39.31,0.0,0.0,52.24,24.0,FUNGI_ALERT_EXCESS_WATER
45.04,29.86,83.1,24.86,83.48,157285.8,5.77,49.39,31.81,OK
14.45,36.66,23.8,34.21,36.97,39685.1,0.02,37.93,29.76,NOT_ABLE_TO_WATER
64.12,14.03,63.97,13.3,66.41,157285.8,5.08,46.58,34.91,EXCESS_WATER
69.54,21.69,72.09,19.83,71.58,7929.6,0.43,76.03,41.9,ANOMALY_DETECTED
26.83,14.23,56.24,11.22,64.1,0.0,0.0,26.03,27.24,NOT_ABLE_TO_WATER
81.62,38.06,23.97,33.91,33.53,157285.8,4.95,89.94,45.75,ANOMALY_DETECTED
92.91,31.14,32.88,30.46,47.4,1574.69,0.02,42.01,40.53,ANOMALY_DETECTED
67.5,26.67,74.57,26.86,66.78,0.0,0.0,15.09,nan,INSUFFICIENT_DATA
21.02,25.88,77.89,24.73,72.7,74434.99,1.74,24.31,29.58,NOT_ABLE_TO_WATER
26.07,27.19,61.55,24.54,64.4,24586.83,0.5,27.22,27.2,NOT_ABLE_TO_WATER
98.74,16.81,36.97,14.86,37.49,157285.8,4.84,94.35,24.0,LOW_TEMP_ALERT
46.2,42.8,18.02,38.89,4.19,37462.86,0.65,49.97,25.2,HYDRIC_STRESS_ALERT
58.13,23.14,47.43,20.18,48.59,5889.81,0.3,67.68,29.85,LOW_LIGHT
71.31,7.49,89.88,4.45,96.81,53857.78,1.78,60.12,29.23,FUNGI_ALERT_EXCESS_WATER
29.87,5.19,56.52,4.25,65.47,20900.91,0.94,29.17,28.83,NOT_ABLE_TO_WATER
8.52,13.56,65.59,16.06,77.84,19943.7,0.88,10.86,26.4,NOT_ABLE_TO_WATER
37.0,21.98,54.49,22.37,70.18,62740.25,2.88,59.37,33.15,WATER
15.72,21.4,51.77,23.83,47.38,94502.36,2.85,18.47,27.64,WATER
7.4,30.04,77.45,34.29,95.27,157285.8,5.03,10.22,36.26,WATER
2.7,36.94,30.81,36.47,31.93,0.0,0.0,14.6,32.11,NOT_ABLE_TO_WATER
34.92,40.63,47.47,38.71,63.94,0.0,0.0,44.04,32.15,NOT_ABLE_TO_WATER
14.92,16.79,50.42,15.05,71.01,0.0,0.0,16.72,nan,INSUFFICIENT_DATA
100.0,9.56,55.37,7.12,59.11,47373.81,1.38,92.52,35.87,LOW_TEMP_ALERT
5.36,30.79,61.73,28.85,68.07,157285.8,4.74,80.76,42.12,ANOMALY_DETECTED
34.44,7.0,23.14,3.92,26.99,157285.8,5.46,68.45,35.81,WATER
54.41,41.21,24.85,42.7,20.61,124804.21,4.39,49.84,28.4,HYDRIC_STRESS_ALERT
42.21,9.73,87.69,8.91,91.69,157285.8,4.66,19.22,28.58,FUNGI_ALERT_EXCESS_WATER
98.56,38.02,90.67,34.07,100.0,0.0,0.0,93.94,33.68,NOT_ABLE_TO_VENTILATE
22.81,29.65,22.52,26.97,20.92,157285.8,5.76,32.13,32.6,WATER
68.09,14.84,32.73,13.1,44.64,157285.8,5.88,71.26,33.38,LOW_TEMP_ALERT
77.47,35.19,60.22,37.64,56.77,4293.63,0.53,73.96,30.24,NOT_ABLE_TO_VENTILATE
92.51,31.91,73.76,28.57,68.9,63185.37,1.93,90.34,31.26,OK
22.4,38.8,27.89,35.13,12.27,8596.86,0.12,26.1,32.33,NOT_ABLE_TO_WATER
52.05,34.12,48.29,29.25,52.03,24719.7,1.01,91.45,29.89,NOT_ABLE_TO_WATER
21.68,21.38,61.41,18.72,72.1,0.0,0.0,81.12,34.47,NOT_ABLE_TO_WATER
33.95,20.54,19.65,19.99,22.54,157285.8,4.85,21.53,27.98,WATER
21.27,8.01,28.45,3.51,26.13,0.0,0.0,25.81,33.06,NOT_ABLE_TO_WATER
44.31,23.77,28.29,20.83,37.39,157285.8,5.11,93.93,31.69,WATER
37.58,31.1,88.88,29.13,100.0,128570.03,3.61,52.05,34.64,WATER
62.05,42.71,23.94,42.41,10.6,20237.12,0.05,38.78,29.14,EXCESS_WATER
67.46,26.78,21.88,28.3,29.93,14802.07,0.81,51.26,39.52,ANOMALY_DETECTED
44.14,42.94,63.97,41.58,74.3,110599.28,3.31,87.22,27.0,WATER
42.84,21.19,83.14,21.25,100.0,0.0,0.0,32.87,26.55,NIGHT_OK
14.35,17.77,48.93,12.61,39.15,157285.8,4.32,38.83,36.75,WATER
67.46,19.91,69.11,21.25,79.86,0.0,0.0,84.22,31.2,NOT_ABLE_TO_WATER
63.03,25.86,43.78,25.76,59.61,49009.76,2.36,69.16,34.86,OK
46.57,34.03,35.65,30.23,35.19,153282.31,5.63,44.83,27.86,OK
67.53,42.5,86.03,43.78,87.79,55148.8,1.82,15.7,30.41,FUNGI_ALERT_EXCESS_WATER
44.93,20.25,30.43,19.27,39.89,157285.8,5.62,43.7,26.25,OK
80.3,40.42,49.53,37.58,54.28,0.0,0.0,65.27,33.19,FUNGI_ALERT_EXCESS_WATER
53.06,13.58,31.56,15.16,49.59,6758.39,0.1,52.87,41.54,ANOMALY_DETECTED
15.41,34.84,88.78,34.15,86.85,157285.8,5.62,16.41,28.46,WATER
48.58,22.99,37.14,21.58,42.76,157285.8,4.71,69.98,24.28,WATER
79.94,32.57,20.35,29.6,23.6,0.0,0.0,84.09,28.25,NIGHT_OK
36.25,20.15,70.51,17.14,71.81,53363.51,2.23,32.42,29.57,WATER
88.79,34.42,54.06,32.06,69.16,14996.48,1.34,31.98,32.95,EXCESS_WATER
13.7,42.62,26.76,37.2,43.38,30267.93,1.39,12.98,26.35,NOT_ABLE_TO_WATER
90.55,34.94,62.89,32.8,67.71,0.0,0.0,82.64,29.88,NIGHT_OK
91.44,23.6,28.36,21.95,34.05,0.0,0.0,14.76,30.49,FUNGI_ALERT_EXCESS_WATER
42.33,5.44,33.36,3.47,32.54,0.0,0.0,33.04,24.0,LOW_TEMP_ALERT
73.72,37.08,25.24,34.29,29.87,0.0,0.0,11.44,30.17,FUNGI_ALERT_EXCESS_WATER
58.65,13.87,78.63,11.67,95.77,0.0,0.0,60.6,34.66,LOW_TEMP_ALERT
92.22,14.38,84.07,13.21,83.13,157285.8,5.08,91.81,28.42,LOW_TEMP_ALERT
82.3,14.63,32.82,8.46,43.47,0.0,0.0,87.19,29.55,LOW_TEMP_ALERT
47.14,32.9,15.31,34.13,18.56,157285.8,4.08,25.6,31.64,EXCESS_WATER
88.54,11.93,76.42,11.67,75.17,0.0,0.0,87.02,28.87,LOW_TEMP_ALERT
70.21,41.54,51.76,44.22,65.94,157285.8,5.95,90.79,28.49,WATER
74.09,25.01,73.31,25.19,72.02,10780.14,0.11,42.38,30.96,FUNGI_ALERT_EXCESS_WATER
12.8,16.89,74.97,16.19,64.01,0.0,0.0,12.16,30.03,NOT_ABLE_TO_WATER
52.76,9.6,22.19,7.54,24.99,157285.8,4.62,30.77,27.75,EXCESS_WATER
77.48,24.87,17.52,23.92,11.75,0.0,0.0,30.67,27.79,FUNGI_ALERT_EXCESS_WATER
67.22,5.06,nan,3.38,50.64,4186.13,0.0,67.31,31.27,INSUFFICIENT_DATA
73.88,8.71,76.63,6.93,85.5,108664.7,4.41,75.55,31.97,LOW_TEMP_ALERT
72.31,9.13,65.97,8.54,77.37,0.0,0.0,74.14,37.25,LOW_TEMP_ALERT
50.78,40.25,83.86,36.66,92.05,0.0,0.0,53.31,31.94,NOT_ABLE_TO_VENTILATE
53.15,21.4,89.16,20.81,92.32,0.0,0.0,51.46,28.7,NIGHT_OK
79.07,28.64,80.03,29.97,83.05,0.0,0.0,84.91,31.47,NIGHT_OK
75.96,29.98,27.92,29.29,40.29,0.0,0.0,49.15,31.32,FUNGI_ALERT_EXCESS_WATER
67.03,24.21,77.37,23.14,87.59,157285.8,6.03,65.06,28.55,OK
32.66,23.17,91.04,25.02,100.0,6826.97,0.4,28.79,36.29,NOT_ABLE_TO_WATER
6.45,34.7,92.88,33.48,94.32,0.0,0.0,43.73,28.71,NOT_ABLE_TO_WATER
55.26,33.64,60.29,33.06,61.43,0.0,0.0,60.49,29.76,NIGHT_OK
6.39,15.28,60.3,13.88,71.64,93912.12,3.49,17.12,27.47,WATER
59.13,35.14,86.71,33.36,85.56,36488.78,1.58,58.13,25.2,OK
29.91,21.71,27.39,17.99,41.62,54904.67,1.73,82.13,30.72,NOT_ABLE_TO_WATER
57.71,21.84,62.74,19.67,53.34,157285.8,5.63,57.36,26.54,OK
40.77,41.52,47.85,39.71,41.4,92632.78,3.42,22.81,27.61,EXCESS_WATER
39.46,31.73,40.59,23.19,38.4,10165.23,0.09,45.46,34.85,NOT_ABLE_TO_WATER
36.97,5.13,18.72,0.84,26.15,157285.8,4.93,33.64,32.72,WATER
71.74,42.95,66.48,40.8,71.18,0.0,0.0,78.92,30.67,NOT_ABLE_TO_VENTILATE
18.73,39.45,31.58,41.58,41.91,0.0,0.0,22.1,35.57,NOT_ABLE_TO_WATER
41.32,42.35,62.77,43.03,67.38,0.0,0.0,48.58,29.81,NOT_ABLE_TO_VENTILATE
64.35,37.11,23.31,35.36,20.7,83238.4,2.37,67.38,30.47,OK
88.03,6.21,58.14,5.0,63.66,74638.71,2.51,76.68,27.21,EXCESS_WATER
80.23,36.06,93.94,35.25,91.66,157285.8,5.78,15.34,26.3,FUNGI_ALERT_EXCESS_WATER
99.47,24.07,94.64,22.5,97.37,9335.82,1.11,44.64,34.74,FUNGI_ALERT_EXCESS_WATER
27.8,32.9,86.0,31.29,85.24,157285.8,5.15,62.09,33.93,WATER
24.49,28.44,48.89,24.43,53.74,0.0,0.0,23.98,29.58,NOT_ABLE_TO_WATER
21.13,7.54,81.06,7.04,90.8,90623.07,2.08,17.87,35.81,WATER
19.84,8.69,48.82,8.27,56.44,157285.8,5.44,15.64,29.07,WATER
73.31,15.26,66.87,13.52,80.49,157285.8,5.58,71.45,27.3,LOW_TEMP_ALERT
92.45,26.6,25.98,19.93,23.27,0.0,0.0,86.69,34.44,NIGHT_OK
9.97,14.93,63.74,14.3,64.98,127713.4,3.84,12.56,34.35,WATER
77.08,31.27,44.31,24.81,50.55,0.0,0.0,63.66,27.54,FUNGI_ALERT_EXCESS_WATER
36.89,11.9,25.99,13.06,30.28,157285.8,0.01,37.38,31.94,NOT_ABLE_TO_WATER
16.8,42.62,38.0,40.88,44.99,0.0,0.0,21.21,43.49,NOT_ABLE_TO_WATER
78.4,13.34,89.19,8.42,90.84,0.0,0.0,76.57,32.98,LOW_TEMP_ALERT
32.0,11.22,79.42,11.81,89.77,157285.8,5.76,28.62,26.43,WATER
83.64,40.36,21.1,38.7,15.45,157285.8,6.16,59.99,38.41,ANOMALY_DETECTED
90.96,40.19,81.26,35.73,87.29,157285.8,5.13,38.4,30.52,FUNGI_ALERT_EXCESS_WATER
77.95,31.19,37.7,28.4,48.31,0.0,0.0,80.39,27.28,NIGHT_OK
92.68,34.16,43.43,33.51,49.2,4367.36,0.2,89.98,31.23,LOW_LIGHT
66.56,37.48,47.35,33.2,62.35,0.0,0.0,70.81,26.54,NIGHT_OK
22.32,27.64,53.72,nan,65.85,0.0,0.0,34.45,33.56,INSUFFICIENT_DATA
44.05,33.29,63.55,35.98,67.4,157285.8,4.94,69.48,27.89,WATER
8.11,41.22,30.86,38.78,29.78,0.0,0.0,10.94,42.07,NOT_ABLE_TO_WATER
42.86,10.45,28.04,6.27,39.04,44955.09,0.04,64.46,39.71,ANOMALY_DETECTED
21.97,40.21,84.64,38.29,89.54,0.0,0.0,25.3,29.06,NOT_ABLE_TO_WATER
63.32,41.47,41.96,42.84,51.29,0.0,0.0,63.23,30.7,NOT_ABLE_TO_VENTILATE
4.48,21.4,89.24,18.3,93.6,0.0,0.0,57.11,35.9,NOT_ABLE_TO_WATER
47.62,42.95,47.33,39.77,51.71,0.0,0.0,47.47,33.34,NOT_ABLE_TO_VENTILATE
41.41,12.9,42.7,9.71,49.29,157285.8,5.31,39.92,30.51,LOW_TEMP_ALERT
32.53,30.09,85.78,28.39,77.89,157285.8,5.89,25.49,31.92,WATER
20.04,21.83,70.16,18.04,85.58,25770.75,0.57,79.15,28.64,NOT_ABLE_TO_WATER
21.92,25.98,31.1,23.14,47.84,157285.8,5.27,13.68,31.85,WATER
90.38,28.01,41.03,23.21,48.12,27370.99,1.05,85.41,25.55,OK
82.25,33.97,17.99,27.85,29.19,nan,4.24,87.96,25.86,INSUFFICIENT_DATA
89.33,14.93,31.03,11.46,27.43,830.67,0.31,23.39,29.38,EXCESS_WATER
8.51,38.12,20.57,36.5,21.62,0.0,0.0,40.75,36.68,NOT_ABLE_TO_WATER
69.73,38.99,73.19,37.5,81.77,157285.8,5.58,71.36,27.29,VENTILATE
9.5,44.55,19.16,40.63,11.05,157285.8,0.14,14.92,25.06,NOT_ABLE_TO_WATER
52.23,40.47,32.52,39.35,37.29,80404.84,2.72,52.46,32.59,VENTILATE
7.67,28.18,25.37,30.34,34.65,157285.8,5.67,12.08,31.48,WATER
45.82,9.02,23.83,6.09,36.1,35220.91,1.05,42.23,30.34,LOW_TEMP_ALERT
41.8,39.71,68.92,41.49,73.47,42073.25,1.69,46.89,45.33,ANOMALY_DETECTED
29.32,15.62,65.11,12.14,76.24,0.0,0.0,66.42,33.31,NOT_ABLE_TO_WATER
43.22,32.84,61.19,29.48,68.01,9447.47,0.11,39.67,31.65,LOW_LIGHT
23.43,26.1,29.16,27.72,34.85,0.0,0.0,24.48,27.82,NOT_ABLE_TO_WATER
73.69,38.22,22.24,36.84,7.3,0.0,0.0,79.75,31.59,HYDRIC_STRESS_ALERT
65.27,10.24,66.52,5.16,79.13,144511.91,4.44,34.58,28.03,EXCESS_WATER
63.88,21.56,62.74,18.5,55.11,38790.84,1.22,53.47,32.7,EXCESS_WATER
10.87,22.13,79.55,20.88,82.46,4913.98,0.0,10.8,28.56,NOT_ABLE_TO_WATER
36.1,16.98,48.29,15.69,56.58,0.0,0.0,40.4,29.8,NOT_ABLE_TO_WATER
7.14,24.89,71.65,19.88,78.34,114623.59,3.67,43.4,29.72,WATER
12.97,8.8,48.85,7.5,58.48,38713.25,1.01,45.44,32.91,NOT_ABLE_TO_WATER
96.4,21.77,24.79,19.4,35.24,157285.8,5.08,92.5,29.55,OK
91.92,28.29,65.03,27.28,68.79,9248.69,0.0,94.34,25.88,LOW_LIGHT
74.28,41.38,21.42,38.37,18.53,1314.21,0.05,58.62,37.6,ANOMALY_DETECTED
56.29,42.44,42.24,38.83,38.14,157285.8,4.67,36.39,31.12,EXCESS_WATER
72.83,5.78,62.77,2.93,46.96,0.0,0.0,34.26,26.06,FUNGI_ALERT_EXCESS_WATER
49.23,34.1,57.94,31.27,70.01,92408.64,2.91,53.42,32.08,OK
59.84,38.0,40.67,37.81,40.18,0.0,0.0,51.01,34.27,NOT_ABLE_TO_VENTILATE
87.24,28.91,94.22,27.29,100.0,157285.8,5.29,86.66,32.96,OK
52.82,44.71,17.82,43.21,24.88,157285.8,5.27,38.5,32.82,EXCESS_WATER
33.57,10.68,48.82,9.06,39.17,157285.8,5.56,37.21,27.58,WATER
60.3,10.84,25.5,7.95,30.49,0.0,0.0,65.16,31.56,LOW_TEMP_ALERT
31.87,34.0,81.22,32.99,86.46,9467.07,0.0,32.25,31.03,NOT_ABLE_TO_WATER
38.59,28.82,36.0,26.59,48.03,0.0,0.0,40.87,26.68,NOT_ABLE_TO_WATER
18.37,44.8,70.06,39.03,77.85,0.0,0.0,64.61,24.47,NOT_ABLE_TO_WATER
85.75,41.46,44.07,37.4,63.65,58998.08,2.51,84.05,36.58,VENTILATE
68.89,30.35,17.99,30.51,20.09,0.0,0.0,66.44,28.58,NIGHT_OK
97.73,39.7,49.88,39.94,61.54,0.0,0.0,78.29,39.61,FUNGI_ALERT_EXCESS_WATER
92.14,7.46,93.67,5.72,97.52,157285.8,4.57,94.69,30.82,LOW_TEMP_ALERT
14.62,41.21,91.76,42.81,97.27,263.65,0.0,19.46,39.1,NOT_ABLE_TO_WATER
77.41,31.22,48.12,29.83,59.49,0.0,0.0,71.87,27.91,NIGHT_OK
95.19,13.49,76.28,13.08,83.83,8177.32,0.3,74.42,30.89,FUNGI_ALERT_EXCESS_WATER
95.12,40.91,88.02,39.3,90.55,0.0,0.0,63.78,29.76,FUNGI_ALERT_EXCESS_WATER
45.64,39.75,49.29,41.79,49.95,26096.99,1.4,34.77,32.04,EXCESS_WATER
35.41,39.92,17.08,36.13,12.36,157285.8,5.1,38.14,32.52,WATER
70.55,13.39,52.7,10.32,59.03,157285.8,5.3,75.06,29.48,LOW_TEMP_ALERT
6.8,13.08,62.15,11.76,68.45,0.0,0.0,77.38,24.0,NOT_ABLE_TO_WATER
4.82,24.96,18.24,22.58,30.04,0.0,0.0,32.75,36.44,NOT_ABLE_TO_WATER
34.2,40.43,30.78,38.58,47.29,157285.8,4.95,39.84,31.39,WATER
91.81,11.66,75.34,11.42,68.75,157285.8,4.89,76.51,24.0,FUNGI_ALERT_EXCESS_WATER
87.4,37.78,21.88,36.58,25.34,23125.76,0.44,89.86,31.92,HYDRIC_STRESS_ALERT
54.63,30.14,49.42,32.24,61.57,157285.8,5.3,49.76,31.47,OK
58.86,24.16,72.73,19.47,90.24,nan,0.0,60.99,32.87,INSUFFICIENT_DATA
83.57,7.4,15.33,3.73,9.43,0.0,0.0,66.51,30.79,FUNGI_ALERT_EXCESS_WATER
85.81,33.38,66.38,32.73,65.6,0.0,0.0,79.53,29.47,NIGHT_OK
49.74,36.68,80.01,37.79,90.25,12856.87,0.05,52.62,33.9,NOT_ABLE_TO_VENTILATE
18.3,19.55,50.37,18.02,51.28,0.0,0.0,23.21,25.1,NOT_ABLE_TO_WATER
88.76,42.21,25.16,39.72,49.89,157285.8,5.55,91.73,33.15,HYDRIC_STRESS_ALERT
87.59,6.67,48.71,4.15,41.72,0.0,0.0,86.35,39.51,LOW_TEMP_ALERT
18.32,33.24,94.26,29.65,97.03,0.0,0.0,10.37,28.17,NOT_ABLE_TO_WATER
54.65,11.22,65.21,10.5,71.02,157285.8,4.62,49.6,24.0,LOW_TEMP_ALERT
17.79,35.67,62.02,37.25,75.9,83570.67,2.75,20.74,29.23,WATER
2.27,22.77,37.05,24.77,36.38,0.0,0.0,55.65,24.39,NOT_ABLE_TO_WATER
33.79,40.52,38.78,40.17,44.63,7941.69,0.2,29.11,30.49,NOT_ABLE_TO_WATER
8.68,43.88,15.07,40.45,10.35,0.0,0.0,53.58,33.42,NOT_ABLE_TO_WATER
53.31,41.47,78.5,43.96,90.78,32701.87,0.8,57.84,30.72,NOT_ABLE_TO_VENTILATE
74.65,24.9,37.09,22.27,20.18,157285.8,6.52,67.75,24.0,OK
18.95,19.42,83.29,21.27,90.4,87703.69,3.22,84.03,30.83,WATER
69.04,16.23,31.08,10.27,46.05,0.0,0.0,81.16,29.65,NOT_ABLE_TO_WATER
60.35,43.37,31.13,41.08,32.88,157285.8,5.26,30.76,28.33,EXCESS_WATER
96.03,25.73,30.97,24.88,42.45,9913.85,0.5,93.92,26.74,LOW_LIGHT
67.8,21.11,23.29,20.62,37.71,0.0,0.0,59.23,26.47,NIGHT_OK
94.2,41.45,37.52,39.13,45.3,0.0,0.0,93.9,28.72,NOT_ABLE_TO_VENTILATE
21.81,38.55,15.68,36.83,18.77,37198.67,1.0,21.74,34.75,NOT_ABLE_TO_WATER
77.75,12.32,70.35,10.41,81.79,157285.8,5.88,83.56,30.01,LOW_TEMP_ALERT
39.31,37.81,72.44,37.02,66.76,0.0,0.0,37.93,32.54,NOT_ABLE_TO_WATER
36.56,21.45,24.86,20.83,22.05,0.0,0.0,37.03,29.57,NOT_ABLE_TO_WATER
72.42,28.92,53.85,30.93,63.84,157285.8,5.2,16.68,26.66,EXCESS_WATER
99.95,41.08,46.92,37.57,45.31,0.0,0.0,15.26,32.52,FUNGI_ALERT_EXCESS_WATER
4.18,5.8,91.28,2.59,90.0,0.0,0.0,12.8,37.86,NOT_ABLE_TO_WATER
38.79,39.66,25.79,36.14,26.08,157285.8,5.99,40.42,35.45,WATER
34.68,26.59,74.97,23.83,91.09,0.0,0.0,30.61,35.18,NOT_ABLE_TO_WATER
62.84,38.15,83.34,36.25,100.0,0.0,0.0,58.33,24.0,NOT_ABLE_TO_VENTILATE
80.89,20.42,53.86,16.11,64.07,157285.8,5.44,72.91,25.34,OK
65.39,19.1,35.05,18.28,54.07,0.0,0.0,19.59,31.03,FUNGI_ALERT_EXCESS_WATER
81.59,40.27,66.2,39.34,85.5,0.0,0.0,82.1,33.44,NOT_ABLE_TO_VENTILATE
88.87,32.49,46.61,29.33,54.51,520.03,0.29,93.64,30.56,LOW_LIGHT
34.18,11.13,43.23,10.36,46.38,0.0,0.0,32.53,34.04,NOT_ABLE_TO_WATER
76.33,43.62,94.94,41.37,100.0,103568.61,3.97,73.95,28.34,VENTILATE
18.73,27.56,63.1,28.93,65.74,146489.75,4.08,11.63,30.07,WATER
43.26,7.95,79.88,8.83,79.64,138127.79,4.97,40.71,45.95,ANOMALY_DETECTED
83.24,14.08,93.04,9.66,98.12,96654.9,2.21,60.45,30.17,FUNGI_ALERT_EXCESS_WATER
83.02,26.59,32.59,25.17,40.63,157285.8,0.1,26.5,30.45,EXCESS_WATER
3.73,18.72,65.03,16.65,67.64,157285.8,5.57,38.52,27.16,WATER
28.96,33.91,91.89,33.8,92.61,0.0,0.0,24.83,24.0,NOT_ABLE_TO_WATER
54.46,24.22,59.06,20.37,62.41,0.0,0.0,59.34,34.58,NIGHT_OK
53.59,42.88,17.2,39.94,19.52,0.0,0.0,50.87,35.94,HYDRIC_STRESS_ALERT
48.79,20.63,41.99,18.26,40.1,157285.8,4.08,65.73,31.85,WATER
78.77,44.4,67.63,44.14,77.73,96797.89,0.01,78.26,27.21,NOT_ABLE_TO_VENTILATE
64.79,9.7,20.53,10.95,17.64,157285.8,6.15,64.46,29.0,LOW_TEMP_ALERT
61.9,5.97,56.81,7.95,74.29,1341.28,0.0,61.9,25.8,LOW_TEMP_ALERT
40.04,18.02,22.16,17.8,35.6,0.0,0.0,81.75,28.77,NOT_ABLE_TO_WATER
21.4,6.49,54.4,6.36,64.43,0.0,0.0,47.85,34.01,NOT_ABLE_TO_WATER
58.27,43.18,89.73,39.31,94.68,157285.8,5.87,70.03,31.05,WATER
54.65,8.44,52.0,7.22,59.67,0.0,0.0,48.88,25.2,LOW_TEMP_ALERT
26.58,12.19,46.86,11.26,40.77,86361.29,2.68,20.94,36.49,WATER
36.08,15.43,19.5,14.21,33.45,15199.37,0.69,32.31,28.14,NOT_ABLE_TO_WATER
nan,27.71,76.26,27.02,95.38,157285.8,5.84,87.52,26.03,INSUFFICIENT_DATA
99.03,24.6,82.8,23.59,84.42,0.0,0.0,67.76,32.25,FUNGI_ALERT_EXCESS_WATER
32.31,28.13,94.12,22.9,99.35,0.0,0.0,33.64,27.78,NOT_ABLE_TO_WATER
54.06,41.41,46.19,38.68,53.15,7211.71,0.41,50.06,32.12,NOT_ABLE_TO_VENTILATE
47.61,41.77,75.46,39.17,83.91,0.0,0.0,85.3,30.68,NOT_ABLE_TO_WATER
65.37,40.08,27.23,40.82,30.04,0.0,0.0,71.75,25.6,HYDRIC_STRESS_ALERT
57.87,13.33,16.9,13.0,18.0,37733.19,1.4,84.85,31.24,NOT_ABLE_TO_WATER
20.81,6.65,42.54,4.97,40.89,157285.8,5.81,71.51,32.13,WATER
7.46,17.38,26.92,11.89,24.7,0.0,0.0,15.29,29.94,NOT_ABLE_TO_WATER
86.18,27.89,94.54,28.65,93.87,0.0,0.0,82.81,29.15,NIGHT_OK
63.91,32.35,35.51,31.37,42.83,134773.47,4.17,74.63,31.52,WATER
24.86,39.62,60.1,38.13,53.46,0.0,0.0,20.03,36.94,NOT_ABLE_TO_WATER
32.03,29.6,32.27,29.56,35.11,157285.8,5.62,79.15,36.36,WATER
86.67,40.59,29.83,42.63,26.84,12183.84,0.0,84.18,28.44,HYDRIC_STRESS_ALERT
19.09,10.95,89.51,10.3,83.65,145183.1,5.21,24.42,26.66,WATER
84.01,7.6,36.53,8.67,31.98,157285.8,5.12,15.53,27.67,EXCESS_WATER
36.93,13.01,49.1,12.17,57.62,0.0,0.0,82.6,28.53,NOT_ABLE_TO_WATER
52.77,31.15,37.57,30.51,57.13,8638.47,0.63,44.27,30.55,LOW_LIGHT
63.76,36.89,80.63,35.51,77.3,12913.18,0.83,62.7,26.38,OK
39.05,11.26,91.43,12.12,100.0,44404.09,1.02,45.17,29.58,NOT_ABLE_TO_WATER
53.64,28.11,64.49,26.41,74.62,0.0,0.0,51.09,29.73,NIGHT_OK
58.05,39.7,47.67,32.81,58.52,0.0,0.0,58.97,26.97,NOT_ABLE_TO_VENTILATE
65.02,11.23,71.62,10.88,72.08,0.0,0.0,70.23,31.67,LOW_TEMP_ALERT
56.1,26.61,59.44,24.93,78.25,0.0,0.0,47.77,26.48,NIGHT_OK
96.58,10.31,94.15,11.32,100.0,0.0,0.0,46.46,34.36,FUNGI_ALERT_EXCESS_WATER
63.34,15.93,75.9,14.44,83.08,8624.87,0.39,64.16,28.95,LOW_TEMP_ALERT
37.78,31.86,86.72,31.5,96.08,9925.93,0.02,47.02,29.49,NOT_ABLE_TO_WATER
27.48,23.72,57.84,24.23,66.18,38234.01,1.89,45.99,33.28,NOT_ABLE_TO_WATER
18.38,35.46,27.96,32.05,31.87,157285.8,5.62,16.54,33.41,WATER
67.43,38.94,62.75,36.85,61.85,8052.9,0.1,63.59,32.54,NOT_ABLE_TO_VENTILATE
31.48,27.69,84.85,27.84,89.56,157285.8,0.12,19.8,33.15,NOT_ABLE_TO_WATER
26.23,24.98,38.99,26.14,45.72,4413.03,0.05,28.46,25.85,NOT_ABLE_TO_WATER
83.88,30.05,93.04,29.11,100.0,0.0,0.0,91.94,29.64,NIGHT_OK
25.33,25.21,32.23,22.96,39.02,157285.8,5.27,84.63,25.01,WATER
73.92,13.38,57.85,11.89,64.67,157285.8,5.22,12.87,27.77,EXCESS_WATER
76.3,13.59,52.65,13.61,57.69,98846.22,0.06,80.52,32.05,LOW_TEMP_ALERT
73.64,27.33,19.13,26.55,28.43,157285.8,5.28,75.71,34.07,OK
46.83,26.06,44.2,27.42,50.33,20130.96,0.83,41.94,31.22,OK
48.65,38.03,24.95,36.94,32.03,157285.8,5.05,45.47,28.31,HYDRIC_STRESS_ALERT
33.67,39.12,68.82,35.71,70.78,0.0,0.0,32.45,31.59,NOT_ABLE_TO_WATER
84.27,23.97,65.8,24.3,63.04,24992.57,1.31,32.9,28.19,EXCESS_WATER
54.05,43.03,86.19,38.25,97.11,0.0,0.0,66.84,24.97,NOT_ABLE_TO_WATER
66.26,28.01,52.94,25.21,59.42,0.0,0.0,68.39,32.03,NIGHT_OK
94.11,36.86,64.88,38.58,73.09,157285.8,5.27,94.58,35.3,VENTILATE
33.22,27.97,87.37,28.62,89.4,9325.9,0.2,35.47,30.58,NOT_ABLE_TO_WATER
2.35,29.59,88.0,29.73,92.46,0.0,0.0,74.54,34.98,NOT_ABLE_TO_WATER
40.97,42.35,19.71,45.14,19.78,29307.07,0.78,34.93,28.54,HYDRIC_STRESS_ALERT
99.93,41.42,34.14,38.87,35.2,131198.32,4.33,90.94,30.82,VENTILATE
33.45,18.45,35.74,18.87,43.95,0.0,0.0,32.4,29.31,NOT_ABLE_TO_WATER
5.0,8.08,88.43,7.19,100.0,157285.8,5.74,84.51,43.0,ANOMALY_DETECTED
71.08,18.99,17.53,13.84,24.2,0.0,0.0,59.35,27.2,FUNGI_ALERT_EXCESS_WATER
18.5,8.49,35.23,6.67,32.67,0.0,0.0,16.2,32.81,NOT_ABLE_TO_WATER
28.62,43.72,71.91,42.32,77.13,157285.8,5.36,27.69,32.56,WATER
27.57,21.2,66.66,14.97,89.11,157285.8,4.71,21.67,31.68,WATER
47.85,21.76,85.67,19.85,86.49,157285.8,5.28,36.69,29.64,FUNGI_ALERT_EXCESS_WATER
35.25,5.43,15.14,3.84,29.47,8289.41,0.85,35.72,34.89,NOT_ABLE_TO_WATER
13.29,44.16,81.45,43.99,93.3,29461.18,0.9,16.91,36.73,NOT_ABLE_TO_WATER
26.4,24.78,48.89,27.74,51.13,48137.44,2.19,35.13,30.52,WATER
24.51,32.21,93.96,34.76,100.0,81567.88,2.77,18.77,26.55,WATER
25.46,9.12,76.08,6.17,85.88,410.77,0.0,24.7,28.13,NOT_ABLE_TO_WATER
92.77,34.84,41.4,32.4,57.04,0.0,0.0,93.68,45.1,NIGHT_OK
25.89,31.75,35.19,28.7,19.91,49260.48,1.88,30.5,28.79,NOT_ABLE_TO_WATER
4.14,17.51,88.74,15.99,100.0,157285.8,6.12,55.61,30.01,WATER
97.88,40.78,60.85,34.41,62.24,11275.93,0.04,69.16,37.53,ANOMALY_DETECTED
11.01,24.73,61.3,22.96,56.99,157285.8,5.48,50.11,26.62,WATER
2.87,40.93,85.69,40.33,90.83,157285.8,6.41,40.62,30.7,WATER
22.71,10.83,93.95,10.07,100.0,0.0,0.0,31.26,27.68,NOT_ABLE_TO_WATER
16.16,43.71,48.83,40.09,55.19,106595.52,3.64,12.29,33.47,WATER
19.55,29.11,45.69,25.17,47.67,9839.04,0.43,27.73,44.42,ANOMALY_DETECTED
61.5,32.7,81.3,30.91,94.78,157285.8,5.57,64.43,30.33,OK
77.22,13.08,73.94,12.77,94.79,80966.28,2.44,78.37,29.13,LOW_TEMP_ALERT
83.72,38.13,34.66,37.2,28.04,84311.14,3.18,86.26,28.4,VENTILATE
35.47,39.21,83.96,35.41,94.5,157285.8,6.47,90.08,32.61,WATER
70.12,39.09,23.48,37.92,37.37,0.0,0.0,76.66,31.79,HYDRIC_STRESS_ALERT
93.15,38.38,65.17,35.37,73.63,57674.12,1.68,67.27,31.97,EXCESS_WATER
37.82,11.79,62.01,8.87,67.58,157285.8,0.03,39.1,34.47,NOT_ABLE_TO_WATER
85.41,36.14,19.94,33.58,20.72,104578.06,3.82,80.63,25.0,OK
24.89,11.35,44.44,8.94,41.8,86190.78,3.91,23.28,34.16,WATER
72.67,7.79,18.12,6.57,29.62,157285.8,5.12,86.12,36.89,WATER
41.39,8.39,94.7,9.59,100.0,38024.06,0.46,26.77,36.58,FUNGI_ALERT_EXCESS_WATER
1.1,17.11,55.49,16.5,53.08,1432.51,0.57,51.15,24.97,NOT_ABLE_TO_WATER
95.77,28.28,45.95,26.9,61.69,38599.38,1.29,93.3,29.76,OK
67.27,25.79,40.43,21.86,37.24,0.0,0.0,58.68,33.83,NIGHT_OK
41.18,38.34,26.81,38.8,40.15,157285.8,4.05,30.95,27.95,EXCESS_WATER
73.35,17.68,46.46,13.43,50.29,0.0,0.0,73.61,35.2,LOW_TEMP_ALERT
89.89,36.41,55.9,32.44,66.28,157285.8,5.73,83.21,30.74,OK
74.02,39.96,93.48,40.07,93.82,2183.79,0.31,76.93,29.43,NOT_ABLE_TO_VENTILATE
14.14,6.38,92.67,5.81,100.0,112347.86,4.22,19.84,33.46,WATER
37.39,41.11,21.17,38.14,17.46,0.0,0.0,35.13,29.63,NOT_ABLE_TO_WATER
33.13,36.51,29.77,35.3,38.71,0.0,0.0,27.23,32.28,NOT_ABLE_TO_WATER
70.21,43.57,70.44,42.16,66.33,3753.97,0.28,71.5,31.81,NOT_ABLE_TO_VENTILATE
28.13,35.7,16.94,33.17,20.11,146817.31,4.7,23.24,31.06,WATER
18.71,38.35,50.64,33.67,61.24,157285.8,3.99,22.1,33.07,WATER
52.48,35.34,60.64,32.53,83.91,157285.8,4.84,48.46,35.07,OK
30.26,21.54,49.64,18.55,44.64,6940.07,0.21,28.24,26.79,NOT_ABLE_TO_WATER
80.55,29.83,92.31,26.62,88.25,55380.87,2.15,79.66,34.12,OK
36.19,25.02,59.68,24.67,53.89,157285.8,5.86,38.55,32.53,WATER
65.24,22.32,43.68,21.38,44.16,0.0,0.0,79.72,24.08,NOT_ABLE_TO_WATER
42.74,13.39,56.48,11.99,51.5,157285.8,5.74,36.37,32.18,LOW_TEMP_ALERT
31.41,19.06,60.75,15.06,73.16,0.0,0.0,32.46,31.92,NOT_ABLE_TO_WATER
82.83,26.36,40.77,25.51,52.54,0.0,0.0,24.26,25.93,FUNGI_ALERT_EXCESS_WATER
64.68,9.83,81.47,6.29,94.28,55526.97,2.29,21.38,25.34,FUNGI_ALERT_EXCESS_WATER
56.97,7.75,23.09,4.17,24.05,157285.8,5.32,62.66,28.94,LOW_TEMP_ALERT
77.98,13.97,39.45,12.6,48.32,0.0,0.0,13.69,35.44,FUNGI_ALERT_EXCESS_WATER
38.85,30.12,69.15,31.0,72.25,0.0,0.0,33.97,28.63,NOT_ABLE_TO_WATER
83.2,11.51,56.01,13.83,66.48,0.0,0.0,78.77,25.62,LOW_TEMP_ALERT
82.23,31.13,16.8,30.41,19.17,0.0,0.0,76.84,25.46,NIGHT_OK
89.39,11.31,65.4,7.84,63.7,0.0,0.0,79.14,35.52,FUNGI_ALERT_EXCESS_WATER
16.0,10.84,17.53,10.56,27.94,0.0,0.0,14.53,26.75,NOT_ABLE_TO_WATER
75.02,19.7,83.43,21.18,89.72,0.0,0.0,74.51,33.35,NIGHT_OK
92.2,35.66,69.64,35.19,82.96,3769.11,0.22,92.56,29.1,LOW_LIGHT
85.2,40.22,24.83,34.15,34.09,12117.23,0.38,86.93,28.91,HYDRIC_STRESS_ALERT
7.55,39.78,42.06,40.51,46.21,7296.2,0.0,46.8,39.59,ANOMALY_DETECTED
31.0,12.3,61.34,10.84,61.23,0.0,0.0,39.55,31.75,NOT_ABLE_TO_WATER
78.33,28.22,16.4,23.28,12.14,4866.77,0.0,86.54,27.89,LOW_LIGHT
83.94,15.76,56.53,13.87,64.31,0.0,0.0,78.34,37.91,LOW_TEMP_ALERT
39.53,43.5,88.0,43.43,95.57,0.0,0.0,37.0,32.78,NOT_ABLE_TO_WATER
77.14,21.54,90.73,22.15,76.32,157285.8,5.72,75.52,31.62,OK
9.95,33.86,20.76,30.54,17.32,157285.8,4.9,56.72,26.57,WATER
nan,36.97,21.32,33.21,31.07,157285.8,5.72,58.27,29.93,INSUFFICIENT_DATA
49.61,29.26,62.48,27.31,74.84,127095.34,5.4,42.3,29.5,OK
64.5,41.89,73.73,39.87,70.48,18750.57,0.0,65.5,24.0,NOT_ABLE_TO_VENTILATE
66.24,30.42,19.12,26.23,29.28,67565.06,2.83,66.95,30.14,OK
24.22,7.44,80.1,4.57,81.71,70474.32,2.79,30.86,31.36,WATER
57.28,18.52,54.83,16.61,52.85,0.0,0.0,55.37,27.0,NIGHT_OK
32.44,38.31,75.92,39.21,76.02,0.0,0.0,31.92,31.9,NOT_ABLE_TO_WATER
30.07,10.43,18.44,9.01,39.15,8042.51,0.54,37.26,24.0,NOT_ABLE_TO_WATER
41.03,32.68,86.27,31.08,84.41,157285.8,5.6,76.51,24.35,WATER
80.76,32.3,55.12,31.39,61.95,0.0,0.0,35.17,25.7,FUNGI_ALERT_EXCESS_WATER
79.26,32.53,25.53,32.76,21.33,157285.8,4.93,78.65,30.67,OK
79.16,44.22,31.29,40.09,44.35,0.0,0.0,82.22,32.75,NOT_ABLE_TO_VENTILATE
83.32,41.26,25.34,40.85,16.51,157285.8,5.35,76.62,29.91,HYDRIC_STRESS_ALERT
17.38,12.68,24.0,15.22,26.14,0.0,0.0,17.37,31.77,NOT_ABLE_TO_WATER
70.06,15.98,75.72,12.81,67.8,0.0,0.0,67.15,44.81,LOW_TEMP_ALERT
23.17,29.57,55.07,32.38,77.8,24352.51,1.05,19.27,33.82,NOT_ABLE_TO_WATER
51.65,8.15,86.17,6.73,90.76,0.0,0.0,55.28,32.97,LOW_TEMP_ALERT
12.3,11.44,15.81,9.36,26.21,0.0,0.0,13.52,33.5,NOT_ABLE_TO_WATER
31.43,29.26,24.52,26.71,36.8,0.0,0.0,37.42,26.2,NOT_ABLE_TO_WATER
13.31,43.77,90.03,42.35,100.0,0.0,0.0,10.93,29.23,NOT_ABLE_TO_WATER
17.14,37.96,58.94,37.38,81.0,nan,3.99,15.86,26.84,INSUFFICIENT_DATA
65.76,38.19,42.56,35.65,37.28,3072.31,0.08,73.48,25.19,NOT_ABLE_TO_VENTILATE
96.45,43.73,83.49,41.63,95.06,157285.8,5.66,17.09,32.33,FUNGI_ALERT_EXCESS_WATER
27.25,14.56,63.96,12.0,58.24,0.0,0.0,26.45,27.7,NOT_ABLE_TO_WATER
73.75,18.01,63.75,17.57,66.26,0.0,0.0,78.33,25.32,NIGHT_OK
65.02,26.17,48.96,23.83,66.34,7561.41,0.69,52.81,30.75,EXCESS_WATER
33.38,28.06,93.03,26.91,98.48,9798.22,0.33,31.81,31.34,NOT_ABLE_TO_WATER
69.27,22.1,26.72,22.84,39.53,0.0,0.0,65.83,34.75,NIGHT_OK
31.94,14.88,23.95,12.4,25.32,157285.8,5.59,34.41,40.33,ANOMALY_DETECTED
15.57,27.35,30.34,24.7,29.54,0.0,0.0,26.25,33.22,NOT_ABLE_TO_WATER
24.92,26.54,19.04,26.41,20.22,144053.41,4.16,34.8,31.95,WATER
39.34,7.4,67.97,6.79,75.36,60654.4,1.48,42.19,35.04,NOT_ABLE_TO_WATER
39.13,43.21,34.94,45.55,32.54,27821.92,1.31,25.73,45.19,ANOMALY_DETECTED
22.23,14.46,76.03,14.46,54.41,48022.31,1.69,51.5,30.12,NOT_ABLE_TO_WATER
45.14,21.54,33.85,23.09,26.21,0.0,0.0,45.64,32.05,NIGHT_OK
52.67,10.29,17.33,7.36,26.27,157285.8,6.18,56.71,30.77,LOW_TEMP_ALERT
2.17,15.73,72.2,11.54,76.39,23636.13,0.85,62.58,25.52,NOT_ABLE_TO_WATER
19.88,9.33,27.96,8.04,48.05,3843.86,0.0,15.64,30.52,NOT_ABLE_TO_WATER
52.85,19.44,46.06,15.91,56.74,0.0,0.0,58.41,29.02,NIGHT_OK
67.89,33.82,25.96,30.46,35.11,157285.8,5.13,70.77,31.19,OK
72.9,29.87,71.21,28.79,66.12,0.0,0.0,64.86,35.86,NIGHT_OK
93.75,23.02,28.23,22.83,26.67,157285.8,4.79,85.03,28.28,OK
31.41,29.72,87.52,25.36,97.13,19151.75,1.79,31.72,27.66,NOT_ABLE_TO_WATER
33.12,18.4,43.98,14.57,57.19,0.0,0.0,24.92,24.26,NOT_ABLE_TO_WATER
72.05,42.42,71.53,37.09,70.04,157285.8,4.76,26.18,27.65,FUNGI_ALERT_EXCESS_WATER
21.61,40.88,58.2,37.52,61.49,2118.52,0.36,32.49,30.57,NOT_ABLE_TO_WATER
18.91,15.65,62.61,14.49,53.97,0.0,0.0,31.62,26.52,NOT_ABLE_TO_WATER
48.51,38.53,67.23,35.14,83.48,157285.8,5.89,43.01,30.65,VENTILATE
29.36,26.81,76.01,23.54,88.06,639.73,0.0,81.93,24.0,NOT_ABLE_TO_WATER
10.57,25.65,79.73,26.15,74.92,157285.8,3.83,nan,30.6,INSUFFICIENT_DATA
24.6,27.27,64.48,27.18,80.53,46687.97,1.58,28.36,28.9,NOT_ABLE_TO_WATER
44.96,18.24,89.05,17.24,80.66,157285.8,4.4,85.16,34.53,WATER
4.04,10.38,89.37,11.25,95.82,25464.06,0.74,65.86,35.73,NOT_ABLE_TO_WATER
19.15,34.05,68.43,29.27,64.39,157285.8,4.37,92.47,30.56,WATER
38.9,13.29,51.12,12.18,62.35,29650.98,0.38,59.26,32.31,NOT_ABLE_TO_WATER
65.5,36.91,42.06,36.79,52.62,157285.8,6.16,53.36,43.04,ANOMALY_DETECTED
84.83,40.34,88.37,38.58,92.45,157285.8,5.38,42.28,26.79,FUNGI_ALERT_EXCESS_WATER
66.91,35.3,35.7,31.67,32.59,157285.8,5.4,74.3,31.89,OK
70.65,27.45,32.65,24.16,34.84,5314.88,0.16,38.67,32.85,EXCESS_WATER
57.26,26.52,62.94,26.06,62.01,0.0,0.0,63.25,32.85,NIGHT_OK
61.08,25.76,81.63,25.42,78.04,0.0,0.0,68.1,27.43,NIGHT_OK
69.26,41.97,16.31,39.5,5.56,85625.88,3.42,71.51,31.32,HYDRIC_STRESS_ALERT
49.83,30.9,69.86,29.54,67.32,95801.58,2.48,26.49,31.66,EXCESS_WATER
16.98,40.68,54.03,39.67,54.7,48667.57,1.1,15.49,24.0,NOT_ABLE_TO_WATER
94.65,33.46,22.25,26.9,26.21,0.0,0.0,84.4,33.96,FUNGI_ALERT_EXCESS_WATER
43.58,36.96,39.27,32.87,62.78,0.0,0.0,47.08,32.09,NIGHT_OK
86.03,6.92,43.01,6.04,53.59,124064.37,3.92,91.9,35.17,LOW_TEMP_ALERT
74.04,8.24,18.85,10.75,22.5,2742.43,0.69,71.59,31.25,LOW_TEMP_ALERT
45.79,18.59,75.24,14.93,83.18,7746.38,0.45,36.56,29.46,LOW_TEMP_ALERT
96.9,18.67,35.36,16.9,nan,157285.8,4.53,90.57,27.58,INSUFFICIENT_DATA
25.32,32.3,63.04,27.99,73.61,60222.9,2.83,31.35,29.27,WATER
71.44,41.14,67.48,41.36,93.1,157285.8,5.26,66.85,24.0,VENTILATE
92.6,13.83,62.73,13.09,59.65,152652.53,5.46,88.45,27.99,LOW_TEMP_ALERT
47.98,23.28,93.96,23.23,100.0,157285.8,5.68,50.75,28.6,OK
59.26,37.33,71.95,39.57,75.94,0.0,0.0,61.31,26.13,NOT_ABLE_TO_VENTILATE
100.0,17.63,61.41,13.17,59.65,157285.8,5.06,88.93,26.88,EXCESS_WATER
60.39,7.26,21.27,1.75,8.39,0.0,0.0,58.37,26.49,LOW_TEMP_ALERT
39.46,21.48,71.89,20.78,78.86,0.0,0.0,39.58,27.67,NOT_ABLE_TO_WATER
45.19,9.91,28.55,9.07,33.83,0.0,0.0,42.74,30.73,LOW_TEMP_ALERT
98.39,16.33,37.31,14.98,34.29,2053.08,0.0,91.78,31.56,LOW_TEMP_ALERT
11.02,41.71,17.72,41.55,14.91,157285.8,6.15,81.48,25.36,WATER
93.13,23.63,78.81,21.23,73.65,57562.92,2.18,46.39,37.4,ANOMALY_DETECTED
84.83,12.64,62.03,14.3,61.36,0.0,0.0,81.61,30.09,LOW_TEMP_ALERT
52.42,12.44,82.46,8.73,80.72,157285.8,0.12,59.34,33.45,LOW_TEMP_ALERT
47.75,37.62,38.41,37.8,49.71,9608.46,0.0,38.82,34.29,NOT_ABLE_TO_VENTILATE
65.92,5.34,85.14,3.29,91.69,0.0,0.0,62.18,31.96,LOW_TEMP_ALERT
36.14,11.25,17.5,8.35,24.78,12702.94,0.08,73.37,36.99,NOT_ABLE_TO_WATER
15.87,11.14,29.86,4.59,39.6,157285.8,6.25,19.14,32.83,WATER
5.89,38.12,73.13,36.82,88.14,0.0,0.0,59.69,43.85,NOT_ABLE_TO_WATER
39.21,24.35,47.81,21.02,52.13,57453.0,1.81,39.38,24.74,NOT_ABLE_TO_WATER
17.24,38.52,81.16,41.39,91.82,0.0,0.0,19.26,31.25,NOT_ABLE_TO_WATER
83.61,38.41,92.96,36.61,99.24,144092.08,5.84,82.82,31.94,VENTILATE
38.21,33.75,86.36,31.81,85.36,24470.93,0.96,40.77,29.73,NOT_ABLE_TO_WATER
60.68,31.02,44.8,32.29,58.65,157285.8,5.17,59.04,39.3,ANOMALY_DETECTED
35.37,20.94,46.01,16.69,45.7,0.0,0.0,39.32,32.09,NOT_ABLE_TO_WATER
57.18,35.11,76.12,32.6,86.26,157285.8,5.85,91.2,24.96,WATER
47.52,7.59,81.23,5.7,79.02,0.0,0.0,57.58,32.9,NOT_ABLE_TO_WATER
26.01,14.58,20.36,13.3,26.51,4446.63,0.28,23.9,34.37,NOT_ABLE_TO_WATER
20.58,26.47,36.36,25.4,53.69,85854.05,2.92,19.46,28.2,WATER
54.03,35.69,82.59,28.95,87.97,13780.16,0.53,49.01,34.0,OK
44.24,33.39,82.22,28.45,80.29,539.52,0.02,48.86,29.39,LOW_LIGHT
11.66,18.03,47.49,19.0,67.06,157285.8,5.16,59.18,34.3,WATER
0.42,14.48,29.31,11.77,28.98,116903.09,3.84,51.35,24.23,WATER
79.03,38.31,83.41,34.77,86.74,0.0,0.0,49.8,27.06,FUNGI_ALERT_EXCESS_WATER
45.24,17.45,53.23,13.91,41.48,157285.8,5.04,35.94,25.96,LOW_TEMP_ALERT
41.88,30.5,43.03,26.77,41.39,6146.23,0.65,88.0,31.06,NOT_ABLE_TO_WATER
79.64,18.75,88.44,18.45,90.46,5434.64,0.04,87.89,28.12,LOW_LIGHT
13.51,24.67,28.02,25.11,22.6,0.0,0.0,14.12,32.57,NOT_ABLE_TO_WATER
11.5,14.05,40.4,9.43,46.77,0.0,0.0,32.25,31.56,NOT_ABLE_TO_WATER
33.21,20.33,49.31,20.49,59.43,157285.8,4.16,35.96,34.26,WATER
26.14,24.05,72.3,23.01,68.1,157285.8,5.25,15.81,34.07,WATER
94.19,6.83,26.07,9.42,35.96,17173.8,0.62,55.58,30.06,EXCESS_WATER
94.46,8.67,71.21,4.5,66.8,0.0,0.0,43.84,31.06,FUNGI_ALERT_EXCESS_WATER
42.99,9.06,53.06,9.9,54.73,12406.16,1.08,47.28,28.98,LOW_TEMP_ALERT
86.44,26.75,84.33,22.65,94.33,142622.11,4.73,89.59,24.0,OK
29.92,33.73,64.87,30.19,68.98,157285.8,5.52,31.53,26.15,WATER
59.08,35.2,49.55,31.53,52.67,0.0,0.0,56.46,31.16,NIGHT_OK
69.32,5.67,93.66,3.34,93.94,0.0,0.0,33.7,38.03,FUNGI_ALERT_EXCESS_WATER
85.6,30.68,41.91,30.02,59.89,1320.3,0.77,86.85,28.78,LOW_LIGHT
23.33,26.6,41.91,26.16,46.07,0.0,0.0,15.87,29.22,NOT_ABLE_TO_WATER
27.94,25.41,29.12,24.53,37.8,157285.8,4.61,23.69,31.0,WATER
61.41,35.02,35.87,30.44,48.3,157285.8,5.73,11.58,27.83,EXCESS_WATER
70.36,17.76,79.47,16.83,78.37,157285.8,6.25,68.38,29.24,OK
50.19,43.58,71.31,41.48,76.71,91607.71,3.42,49.59,31.92,VENTILATE
15.91,36.8,26.56,34.9,40.64,3694.63,0.0,10.4,27.8,NOT_ABLE_TO_WATER
61.45,20.15,35.89,15.44,36.92,61722.98,2.08,63.54,33.15,OK
89.26,33.82,79.45,35.37,81.6,0.0,0.0,86.94,32.89,NIGHT_OK
7.64,14.75,15.91,15.05,28.06,157285.8,4.96,28.15,31.49,WATER
82.56,10.05,64.73,6.95,76.17,0.0,0.0,90.48,24.0,LOW_TEMP_ALERT
83.45,29.1,34.13,26.74,49.7,157285.8,5.57,82.2,38.1,ANOMALY_DETECTED
3.4,30.47,73.0,31.0,76.36,44092.69,0.05,30.94,28.2,NOT_ABLE_TO_WATER
26.55,6.08,53.74,3.07,48.74,157285.8,4.61,21.71,28.21,WATER
78.1,18.08,83.96,17.1,90.86,0.0,0.0,53.72,31.81,FUNGI_ALERT_EXCESS_WATER
84.91,39.53,90.71,37.98,92.38,157285.8,6.07,14.62,32.71,FUNGI_ALERT_EXCESS_WATER
62.03,25.77,16.77,28.48,30.8,41025.97,1.46,92.82,27.8,NOT_ABLE_TO_WATER
39.1,27.32,71.61,25.5,80.99,0.0,0.0,41.64,27.59,NOT_ABLE_TO_WATER
64.87,29.16,80.23,29.78,84.2,0.0,0.0,31.97,37.25,FUNGI_ALERT_EXCESS_WATER
62.95,29.84,68.89,28.23,88.3,114700.3,4.26,66.24,27.03,OK
44.33,14.54,87.2,11.18,94.85,0.0,0.0,40.76,29.27,LOW_TEMP_ALERT
2.78,42.53,94.27,42.2,98.26,24022.11,0.11,46.41,31.4,NOT_ABLE_TO_WATER
19.39,44.66,86.21,43.86,90.12,nan,6.22,22.29,30.91,INSUFFICIENT_DATA
36.91,32.8,20.18,33.23,22.16,0.0,0.0,37.02,29.36,NOT_ABLE_TO_WATER
90.03,29.29,29.51,27.41,55.25,157285.8,5.1,91.26,24.0,OK
33.02,19.36,16.17,21.3,21.39,95880.33,3.35,28.78,33.18,WATER
33.43,39.14,46.52,36.61,36.68,0.0,0.0,36.89,33.69,NOT_ABLE_TO_WATER
12.23,21.96,34.87,19.56,29.9,0.0,0.0,38.28,29.33,NOT_ABLE_TO_WATER
5.41,10.45,22.91,10.31,24.1,4502.53,0.18,22.6,35.61,NOT_ABLE_TO_WATER
21.45,41.33,36.14,38.88,32.37,20753.09,1.13,14.09,31.39,NOT_ABLE_TO_WATER
32.82,34.02,72.24,32.79,81.96,75144.08,2.24,92.73,35.84,WATER
84.55,8.71,17.0,10.18,25.45,157285.8,4.24,94.33,29.25,LOW_TEMP_ALERT
73.92,19.21,83.68,18.83,96.76,157285.8,4.38,26.61,31.81,FUNGI_ALERT_EXCESS_WATER
86.94,31.77,16.24,29.43,14.14,0.0,0.0,55.45,32.17,FUNGI_ALERT_EXCESS_WATER
95.65,21.44,60.72,24.02,69.51,157285.8,6.63,22.23,31.82,EXCESS_WATER
51.59,28.48,74.96,31.31,88.08,9323.76,0.02,50.88,41.08,ANOMALY_DETECTED
90.79,22.25,34.11,17.27,24.27,10868.06,0.07,85.45,27.12,OK
90.54,nan,55.79,30.48,57.34,98065.12,3.62,85.77,26.37,INSUFFICIENT_DATA
52.45,39.13,74.76,36.8,77.39,10847.11,1.64,73.34,32.36,NOT_ABLE_TO_WATER
25.93,39.72,70.51,39.98,69.27,157285.8,6.26,16.89,29.28,WATER
23.43,8.66,42.6,8.56,43.54,157285.8,4.97,15.37,32.06,WATER
69.42,15.27,57.13,13.13,61.89,157285.8,4.47,66.61,33.74,LOW_TEMP_ALERT
83.23,7.0,42.77,5.64,62.47,0.0,0.0,80.38,27.25,LOW_TEMP_ALERT
92.54,37.7,90.8,34.41,100.0,157285.8,4.75,51.35,26.82,FUNGI_ALERT_EXCESS_WATER
43.49,19.23,74.49,13.44,80.06,157285.8,5.81,44.32,24.43,LOW_TEMP_ALERT
91.82,9.59,70.22,9.03,67.27,0.0,0.0,94.7,34.28,LOW_TEMP_ALERT
85.05,20.24,59.77,19.35,65.49,157285.8,3.9,82.49,31.94,OK
53.47,9.69,33.77,8.42,39.82,0.0,0.0,93.94,28.27,NOT_ABLE_TO_WATER
11.0,44.73,44.5,46.63,43.38,91531.28,3.13,63.44,41.37,ANOMALY_DETECTED
44.0,30.06,37.69,31.11,47.47,46977.07,1.97,37.41,31.02,OK
11.87,14.89,43.83,13.67,42.08,5112.72,0.2,51.62,35.94,NOT_ABLE_TO_WATER
76.25,16.87,93.43,18.23,94.67,58870.81,1.81,78.9,32.58,OK
31.91,24.91,19.21,20.03,24.06,0.0,0.0,34.92,36.55,NOT_ABLE_TO_WATER
40.91,20.21,41.07,15.57,56.12,157285.8,5.27,44.31,29.5,OK
79.62,32.9,80.38,29.75,84.83,100993.53,3.03,81.96,nan,INSUFFICIENT_DATA
nan,9.09,38.82,9.84,34.33,0.0,0.0,94.86,29.51,INSUFFICIENT_DATA
15.44,43.51,63.13,39.74,64.88,73419.16,2.77,16.31,29.05,WATER
19.02,44.87,63.67,46.11,63.67,157285.8,5.27,89.41,29.68,WATER
39.98,23.29,34.28,19.94,38.68,770.03,0.08,24.07,27.93,NOT_ABLE_TO_WATER
14.89,9.77,31.15,15.98,41.84,17155.49,0.52,44.41,29.35,NOT_ABLE_TO_WATER
17.96,18.46,61.5,18.92,77.32,157285.8,4.8,19.02,24.75,WATER
75.28,33.24,43.22,28.7,48.09,0.0,0.0,33.75,31.56,FUNGI_ALERT_EXCESS_WATER
76.25,43.19,83.9,40.98,82.84,157285.8,4.94,47.32,29.03,FUNGI_ALERT_EXCESS_WATER
11.85,11.99,23.23,12.85,36.27,64774.72,2.31,13.64,27.26,WATER
34.58,19.44,80.84,16.89,85.9,0.0,0.0,41.65,28.91,NOT_ABLE_TO_WATER
11.59,38.48,30.6,36.92,25.62,130019.72,4.93,16.53,36.97,WATER
72.98,19.17,44.29,17.11,49.02,0.0,0.0,70.35,35.66,NIGHT_OK
88.3,11.52,60.02,7.79,70.38,157285.8,5.96,52.87,26.47,EXCESS_WATER
70.29,9.66,17.71,7.07,30.09,157285.8,6.28,27.62,33.73,EXCESS_WATER
49.37,6.45,55.13,5.2,65.04,0.0,0.0,86.14,30.68,NOT_ABLE_TO_WATER
38.52,15.19,75.95,14.81,79.9,157285.8,4.93,40.75,41.24,ANOMALY_DETECTED
35.99,7.62,43.63,5.95,49.28,nan,4.41,88.82,32.34,INSUFFICIENT_DATA
1.74,7.83,81.17,7.83,76.18,26873.48,1.38,41.35,35.33,NOT_ABLE_TO_WATER
38.97,18.02,47.27,17.97,56.0,nan,0.3,37.77,32.38,INSUFFICIENT_DATA
13.28,21.77,34.98,20.47,24.02,3863.24,0.0,86.12,35.24,NOT_ABLE_TO_WATER
58.52,30.99,67.56,25.73,67.01,157285.8,4.68,58.44,31.38,OK
95.22,44.44,38.31,42.18,28.74,0.0,0.0,91.21,35.07,NOT_ABLE_TO_VENTILATE
89.14,14.72,24.35,13.43,35.51,78331.53,3.16,90.72,28.08,LOW_TEMP_ALERT
44.72,7.25,55.38,5.41,52.43,157285.8,5.17,49.3,43.81,ANOMALY_DETECTED
72.16,28.02,45.35,27.47,54.71,39116.78,0.61,51.34,31.27,EXCESS_WATER
34.52,13.47,89.6,10.57,100.0,0.0,0.0,42.74,34.47,NOT_ABLE_TO_WATER
45.15,44.49,41.18,41.39,42.93,0.0,0.0,42.57,39.24,NOT_ABLE_TO_VENTILATE
47.13,25.09,36.83,22.63,37.66,130032.46,5.05,44.73,27.26,OK
71.23,9.43,49.58,8.81,54.62,157285.8,5.81,65.97,35.12,LOW_TEMP_ALERT
38.38,30.1,84.91,23.86,100.0,157285.8,0.1,18.53,29.55,NOT_ABLE_TO_WATER
12.46,7.57,44.3,5.41,52.68,157285.8,5.68,13.62,30.03,WATER
12.39,24.35,25.56,23.56,23.28,8177.44,0.8,57.87,37.76,ANOMALY_DETECTED
17.38,36.15,73.26,36.52,79.59,157285.8,4.74,26.07,27.83,WATER
42.45,34.14,57.51,32.55,76.22,0.0,0.0,41.74,32.01,NIGHT_OK
15.3,29.94,37.71,30.91,50.04,13409.99,0.82,15.72,41.32,ANOMALY_DETECTED
45.13,22.55,49.23,23.45,47.65,65047.98,2.34,52.64,33.56,OK
72.5,27.81,15.12,28.8,40.78,39369.27,1.03,68.8,30.56,OK
82.96,29.45,64.65,25.89,64.65,45756.12,1.24,78.7,32.42,OK
54.88,28.08,65.85,26.81,84.19,0.0,0.0,61.3,28.57,NIGHT_OK
18.07,14.01,69.47,13.3,71.54,157285.8,4.87,22.52,42.37,ANOMALY_DETECTED
83.38,11.26,15.19,11.36,19.01,0.0,0.0,85.18,32.98,LOW_TEMP_ALERT
25.95,29.58,81.76,30.7,77.08,157285.8,6.11,28.18,25.77,WATER
47.38,30.46,62.51,27.98,71.61,0.0,0.0,41.52,28.07,NIGHT_OK
71.59,21.86,75.73,22.11,87.49,42169.37,1.36,73.12,32.74,OK
13.5,17.19,91.16,16.29,94.52,0.0,0.0,85.16,37.57,NOT_ABLE_TO_WATER
65.52,40.68,42.7,41.74,38.64,157285.8,0.04,61.57,25.96,NOT_ABLE_TO_VENTILATE
18.63,35.28,81.71,35.59,78.8,0.0,0.0,21.42,35.47,NOT_ABLE_TO_WATER
62.99,18.29,15.77,16.35,29.33,0.0,0.0,58.44,31.89,NIGHT_OK
52.35,9.33,71.3,8.89,76.8,71926.16,1.84,51.36,30.34,LOW_TEMP_ALERT
41.39,11.02,19.88,12.04,30.84,0.0,0.0,37.47,31.69,LOW_TEMP_ALERT
9.52,9.6,91.65,9.54,78.04,2190.54,0.28,14.43,24.0,NOT_ABLE_TO_WATER
83.57,7.67,34.37,5.29,35.71,0.0,0.0,85.37,30.19,LOW_TEMP_ALERT
12.39,26.23,88.9,21.67,94.91,0.0,0.0,64.97,25.47,NOT_ABLE_TO_WATER
41.34,44.96,23.75,40.77,35.17,0.0,0.0,36.91,29.9,HYDRIC_STRESS_ALERT
75.19,36.61,77.13,32.21,79.96,0.0,0.0,69.46,32.54,NIGHT_OK
38.51,40.04,76.15,36.07,90.49,0.0,0.0,41.85,26.91,NOT_ABLE_TO_WATER
27.62,19.51,28.45,19.19,26.46,16643.61,0.06,27.05,27.63,NOT_ABLE_TO_WATER
54.31,40.61,63.51,37.7,68.76,0.0,0.0,56.67,36.87,NOT_ABLE_TO_VENTILATE
72.79,31.85,48.56,33.88,61.94,134058.06,4.73,68.08,31.27,OK
97.34,25.8,44.48,22.49,54.27,11344.07,0.57,52.3,32.49,EXCESS_WATER
82.6,39.35,45.35,37.55,51.47,157285.8,0.01,65.73,26.13,EXCESS_WATER
85.57,35.05,21.02,33.46,33.82,57816.48,3.01,76.41,30.01,OK
38.08,42.0,50.38,38.42,64.68,157285.8,5.62,42.38,41.1,ANOMALY_DETECTED
76.37,19.76,57.17,19.67,61.63,30642.06,1.09,92.39,27.21,OK
56.96,24.1,81.51,23.82,81.33,157285.8,5.7,66.38,26.26,OK
76.35,31.12,84.17,28.72,93.38,0.0,0.0,60.73,30.41,FUNGI_ALERT_EXCESS_WATER
37.48,21.62,30.25,16.52,39.52,0.0,0.0,31.1,31.11,NOT_ABLE_TO_WATER
85.89,19.73,42.77,18.04,47.47,0.0,0.0,77.8,34.24,NIGHT_OK
83.05,35.06,22.39,34.45,23.05,157285.8,4.59,82.41,30.7,OK
54.11,16.97,79.49,17.77,81.32,0.0,0.0,22.32,26.72,FUNGI_ALERT_EXCESS_WATER
60.08,11.96,69.05,8.48,86.28,0.0,0.0,60.94,38.52,LOW_TEMP_ALERT
78.11,6.75,92.55,2.27,89.78,0.0,0.0,78.09,29.72,LOW_TEMP_ALERT
40.76,17.21,93.37,17.05,90.31,0.0,0.0,51.24,28.47,NOT_ABLE_TO_WATER
3.49,30.39,71.01,27.28,86.67,8613.37,0.07,91.65,25.06,NOT_ABLE_TO_WATER
89.28,31.89,72.04,31.33,84.11,157285.8,5.17,34.02,28.4,FUNGI_ALERT_EXCESS_WATER
14.25,41.5,50.45,38.76,50.24,150805.86,5.27,19.18,33.54,WATER
46.78,39.36,52.37,36.62,57.74,8529.72,0.14,77.64,38.98,ANOMALY_DETECTED
45.77,36.36,70.81,34.03,90.71,93406.12,3.69,19.36,35.6,FUNGI_ALERT_EXCESS_WATER
99.02,36.03,29.47,36.93,32.8,1451.2,0.0,46.52,28.24,EXCESS_WATER
98.51,7.65,88.44,6.51,94.89,122201.93,4.78,16.57,45.51,ANOMALY_DETECTED
85.23,23.49,30.59,22.69,34.85,12863.42,1.31,94.55,31.47,OK
97.67,12.97,45.15,10.29,45.04,0.0,0.0,56.02,34.35,FUNGI_ALERT_EXCESS_WATER
85.37,29.63,19.98,28.58,18.93,0.0,0.0,73.1,36.63,FUNGI_ALERT_EXCESS_WATER
10.74,26.49,68.59,24.37,73.08,0.0,0.0,11.77,27.33,NOT_ABLE_TO_WATER
46.83,19.91,45.38,17.57,53.26,5498.95,0.23,46.87,28.53,LOW_LIGHT
70.22,43.57,48.2,43.41,53.22,0.0,0.0,73.99,31.89,NOT_ABLE_TO_VENTILATE
46.53,33.91,28.64,31.61,21.39,0.0,0.0,64.83,30.54,NOT_ABLE_TO_WATER
24.12,16.0,30.89,19.29,34.64,157285.8,6.13,15.17,27.12,WATER
62.2,30.11,56.93,26.94,61.13,36068.74,0.55,48.02,33.55,EXCESS_WATER
89.45,41.8,56.33,42.1,64.45,45781.16,0.05,90.09,27.34,NOT_ABLE_TO_VENTILATE
42.96,18.94,87.02,18.38,80.79,0.0,0.0,20.86,28.14,FUNGI_ALERT_EXCESS_WATER
26.38,43.33,74.84,42.95,73.42,46237.67,1.09,35.16,31.25,NOT_ABLE_TO_WATER
14.1,13.41,89.1,10.23,100.0,0.0,0.0,63.19,25.47,NOT_ABLE_TO_WATER
67.0,36.35,61.37,33.68,66.92,0.0,0.0,76.45,26.33,NIGHT_OK
12.05,11.14,73.6,8.29,69.06,1106.43,0.0,80.2,32.09,NOT_ABLE_TO_WATER
22.68,12.43,29.78,11.17,27.07,130637.09,0.05,24.33,28.38,NOT_ABLE_TO_WATER
28.26,26.28,59.19,22.89,75.45,0.0,0.0,71.17,27.37,NOT_ABLE_TO_WATER
39.05,5.05,26.97,6.08,22.44,33319.91,1.34,40.54,29.82,NOT_ABLE_TO_WATER
47.05,11.04,62.5,9.35,54.1,0.0,0.0,31.06,30.16,FUNGI_ALERT_EXCESS_WATER
17.17,37.42,65.97,35.46,64.58,157285.8,4.37,21.82,31.62,WATER
42.29,7.33,20.12,3.61,19.64,79685.93,2.16,46.1,29.05,LOW_TEMP_ALERT
69.39,44.74,15.58,39.18,13.93,0.0,0.0,67.71,27.64,HYDRIC_STRESS_ALERT
58.23,43.03,30.87,38.61,45.57,7691.05,0.27,58.37,32.49,NOT_ABLE_TO_VENTILATE
96.71,26.95,25.82,27.07,28.34,42291.15,1.13,94.68,31.88,OK
6.18,14.46,70.67,15.67,84.0,157285.8,4.37,28.62,29.66,WATER
6.54,43.19,77.72,41.76,89.69,0.0,0.0,84.42,32.96,NOT_ABLE_TO_WATER
59.73,7.8,19.21,5.79,15.61,10169.89,0.0,63.92,32.04,LOW_TEMP_ALERT
46.04,43.73,24.96,45.3,39.98,0.0,0.0,22.86,34.99,FUNGI_ALERT_EXCESS_WATER
54.4,42.2,89.73,44.8,93.84,157285.8,6.22,60.01,29.1,VENTILATE
60.55,34.97,29.73,33.59,27.53,38525.61,1.66,59.09,27.78,OK
30.58,39.31,42.78,36.91,57.41,0.0,0.0,33.43,31.11,NOT_ABLE_TO_WATER
27.68,16.72,83.12,14.57,72.75,6777.93,0.42,29.48,nan,INSUFFICIENT_DATA
61.3,34.49,82.1,32.56,84.15,0.0,0.0,42.76,27.32,FUNGI_ALERT_EXCESS_WATER
47.97,8.04,32.78,6.72,25.89,52510.06,1.55,35.41,25.81,EXCESS_WATER
26.07,7.21,34.81,5.83,28.71,157285.8,0.09,22.8,31.8,NOT_ABLE_TO_WATER
40.02,23.74,49.92,25.01,57.8,0.0,0.0,33.43,27.91,NIGHT_OK
11.77,11.15,36.38,8.92,34.27,63136.07,2.5,10.65,28.37,WATER
34.06,5.81,65.64,5.66,80.55,157285.8,5.6,32.09,26.66,WATER
8.04,27.87,27.16,28.37,17.47,0.0,0.0,12.2,29.28,NOT_ABLE_TO_WATER
73.38,21.39,85.69,18.74,99.93,157285.8,4.67,30.39,34.17,FUNGI_ALERT_EXCESS_WATER
72.24,23.45,85.88,23.34,86.27,157285.8,4.88,74.58,29.34,OK
22.46,29.83,80.5,28.82,88.12,0.0,0.0,24.22,24.0,NOT_ABLE_TO_WATER
37.72,8.35,94.01,2.28,95.16,0.0,0.0,40.43,32.15,NOT_ABLE_TO_WATER
95.48,29.39,55.9,32.23,52.68,4933.4,0.0,70.31,27.01,EXCESS_WATER
76.11,30.59,47.78,30.33,58.04,39789.65,2.12,71.05,25.21,OK
38.29,5.27,78.17,3.4,77.96,154166.17,4.63,39.49,32.15,WATER
24.17,30.5,58.07,26.29,70.65,157285.8,5.88,29.33,30.44,WATER
0.28,16.03,90.98,16.15,92.28,36392.14,1.28,89.78,26.89,NOT_ABLE_TO_WATER
39.56,25.74,53.9,28.75,64.28,0.0,0.0,44.32,32.63,NOT_ABLE_TO_WATER
85.75,5.24,25.66,3.17,22.18,157285.8,5.21,85.71,32.07,LOW_TEMP_ALERT
29.05,25.0,89.85,27.55,92.87,4542.37,0.0,27.2,26.75,NOT_ABLE_TO_WATER
30.71,12.29,87.12,nan,76.49,0.0,0.0,30.5,28.02,INSUFFICIENT_DATA
65.82,35.37,65.62,35.46,65.29,7734.17,0.0,90.45,33.73,NOT_ABLE_TO_WATER
31.27,44.4,89.49,43.46,98.33,157285.8,5.43,94.94,25.75,WATER
2.5,26.0,85.65,24.16,100.0,0.0,0.0,16.13,28.73,NOT_ABLE_TO_WATER
62.98,7.15,31.8,5.99,36.77,0.0,0.0,19.95,32.47,FUNGI_ALERT_EXCESS_WATER
97.09,29.93,71.64,30.19,81.08,157285.8,5.25,92.22,30.29,OK
76.49,38.52,41.85,37.68,45.39,31529.95,1.62,62.3,32.44,EXCESS_WATER
62.77,19.92,50.78,17.98,52.58,119869.25,4.3,47.39,30.31,EXCESS_WATER
84.98,34.42,46.43,33.08,59.73,17864.06,0.0,81.07,30.46,OK
47.1,38.14,87.87,38.62,85.34,157285.8,0.01,48.88,41.96,ANOMALY_DETECTED
68.53,36.3,46.95,37.91,54.15,157285.8,4.46,62.68,24.52,VENTILATE
67.83,20.27,83.16,21.36,90.99,84410.77,2.91,58.97,30.96,OK
50.22,42.27,57.6,41.5,51.07,0.0,0.0,58.39,28.59,NOT_ABLE_TO_VENTILATE
24.52,16.31,87.38,12.89,93.31,22630.95,0.09,24.31,26.65,NOT_ABLE_TO_WATER
53.17,26.57,60.03,24.63,48.64,72840.34,2.2,55.72,39.28,ANOMALY_DETECTED
77.97,10.65,78.8,8.39,83.68,157285.8,5.12,74.93,38.59,ANOMALY_DETECTED
22.25,24.63,77.69,20.79,71.78,7096.07,0.59,38.94,29.66,NOT_ABLE_TO_WATER
69.38,6.84,88.42,10.38,91.45,0.0,0.0,64.6,32.63,LOW_TEMP_ALERT
42.9,23.79,90.46,22.95,94.3,0.0,0.0,50.51,30.21,NIGHT_OK
72.56,24.88,45.68,22.52,56.28,73775.95,2.39,48.39,33.81,EXCESS_WATER
74.43,15.3,58.49,13.53,63.06,0.0,0.0,24.56,28.71,FUNGI_ALERT_EXCESS_WATER
7.18,44.46,82.99,39.7,83.28,2426.91,0.11,12.9,32.82,NOT_ABLE_TO_WATER
52.27,41.73,23.02,39.39,22.71,0.0,0.0,60.21,32.53,HYDRIC_STRESS_ALERT
56.65,37.49,29.39,36.07,33.3,0.0,0.0,60.3,30.13,NOT_ABLE_TO_VENTILATE
24.67,31.35,60.31,29.76,70.61,7741.16,0.47,19.44,35.56,NOT_ABLE_TO_WATER
97.19,31.6,21.95,29.32,24.84,5051.99,0.0,19.9,25.86,EXCESS_WATER
95.1,20.56,78.64,20.52,97.5,157285.8,5.78,39.98,31.75,FUNGI_ALERT_EXCESS_WATER
91.91,33.74,67.57,29.73,67.68,157285.8,5.9,29.1,24.0,EXCESS_WATER
62.91,12.61,57.88,11.99,59.6,28525.03,1.3,23.59,33.85,EXCESS_WATER
29.07,35.6,77.01,32.47,83.75,25342.41,0.0,29.8,33.75,NOT_ABLE_TO_WATER
66.19,18.87,24.57,20.64,30.78,0.0,0.0,69.48,25.91,NIGHT_OK
31.67,39.87,87.42,38.76,100.0,0.0,0.0,88.87,34.18,NOT_ABLE_TO_WATER
83.5,10.54,27.62,9.28,36.43,0.0,0.0,38.09,33.45,FUNGI_ALERT_EXCESS_WATER
37.77,27.06,79.67,28.57,84.92,35967.57,1.34,35.55,36.03,NOT_ABLE_TO_WATER
83.61,25.21,34.12,25.39,48.69,0.0,0.0,61.09,30.72,FUNGI_ALERT_EXCESS_WATER
42.55,44.83,93.68,44.98,92.85,39038.93,0.93,35.86,31.12,NOT_ABLE_TO_VENTILATE
61.39,34.68,36.38,31.94,46.35,157285.8,5.22,62.69,29.91,OK
24.93,17.17,27.2,13.53,31.53,47344.64,2.15,21.78,37.66,ANOMALY_DETECTED
2.03,25.67,44.34,23.78,53.54,157285.8,0.14,75.41,27.38,NOT_ABLE_TO_WATER
83.31,33.69,49.63,32.05,60.36,13247.27,0.5,66.64,nan,INSUFFICIENT_DATA
6.73,38.41,76.75,32.84,79.42,31025.33,1.2,83.21,31.15,NOT_ABLE_TO_WATER
23.91,35.99,18.53,35.17,22.97,0.0,0.0,19.91,26.11,NOT_ABLE_TO_WATER
34.95,38.81,84.34,38.3,80.12,119043.92,4.39,85.54,32.01,WATER
37.8,14.2,93.36,14.09,100.0,157285.8,4.37,81.12,33.03,WATER
35.5,19.9,62.2,20.8,67.84,0.0,0.0,65.82,44.22,NOT_ABLE_TO_WATER
22.62,29.32,59.73,27.84,77.26,113684.71,3.39,46.79,30.59,WATER
93.61,38.64,81.12,37.61,78.66,145175.19,4.8,93.82,27.01,VENTILATE
36.93,33.44,64.66,34.23,76.99,157285.8,5.06,38.13,30.86,WATER
13.83,16.59,36.26,14.03,37.35,48457.14,1.8,71.74,30.16,NOT_ABLE_TO_WATER
77.55,37.83,94.43,31.36,100.0,0.0,0.0,90.52,35.38,NOT_ABLE_TO_VENTILATE
67.97,9.14,69.63,10.29,87.07,75186.17,2.55,68.56,25.48,LOW_TEMP_ALERT
46.12,41.7,19.97,37.49,40.04,69739.93,1.68,87.73,33.63,NOT_ABLE_TO_WATER
2.46,34.95,35.74,32.9,35.4,104864.74,3.61,89.79,33.72,WATER
83.52,40.36,16.84,39.13,13.65,3368.99,0.44,28.03,37.92,ANOMALY_DETECTED
67.0,19.86,17.7,15.6,14.08,28587.55,0.56,70.46,25.23,OK
23.55,32.1,57.19,31.19,57.13,157285.8,4.91,81.23,30.1,WATER
91.15,33.2,34.3,29.77,30.9,0.0,0.0,94.25,35.23,NIGHT_OK
22.5,28.15,18.42,29.71,4.81,999.1,0.0,51.14,nan,INSUFFICIENT_DATA
11.0,14.58,87.01,10.61,91.44,0.0,0.0,51.96,32.53,NOT_ABLE_TO_WATER
61.56,7.87,89.37,4.99,99.88,0.0,0.0,64.59,32.41,LOW_TEMP_ALERT
72.95,35.61,79.38,34.4,88.03,2181.15,0.03,70.27,29.64,LOW_LIGHT
70.2,40.16,84.9,36.45,80.7,157285.8,4.64,14.95,26.37,FUNGI_ALERT_EXCESS_WATER
0.33,43.83,30.04,40.11,45.5,157285.8,4.34,13.23,28.17,WATER
8.17,18.09,89.02,17.55,98.16,50150.99,1.12,11.34,35.63,NOT_ABLE_TO_WATER
64.69,37.4,21.78,36.88,28.87,157285.8,3.92,71.01,36.78,VENTILATE
67.1,23.91,40.06,24.11,40.75,157285.8,6.21,24.27,30.6,EXCESS_WATER
0.66,18.16,86.44,15.93,84.91,9660.89,0.55,20.53,26.41,NOT_ABLE_TO_WATER
3.11,42.2,61.07,42.67,63.11,157285.8,5.13,41.52,31.65,WATER
41.92,31.99,84.22,31.69,85.37,0.0,0.0,78.62,29.79,NOT_ABLE_TO_WATER
19.69,21.35,81.81,22.72,96.98,157285.8,4.78,19.29,26.97,WATER
69.91,16.95,91.89,17.93,91.81,0.0,0.0,64.88,31.96,NIGHT_OK
81.92,16.78,94.1,13.37,98.82,126334.67,4.28,37.33,33.03,FUNGI_ALERT_EXCESS_WATER
51.45,10.95,36.71,10.0,47.12,0.0,0.0,82.56,38.77,NOT_ABLE_TO_WATER
59.06,18.47,57.18,18.31,72.71,7545.19,0.55,85.25,29.94,NOT_ABLE_TO_WATER
68.21,44.14,77.81,44.21,73.35,107452.32,4.5,67.13,29.82,VENTILATE
75.39,6.7,71.98,7.67,74.81,5095.44,0.02,72.19,27.13,LOW_TEMP_ALERT
20.62,43.79,78.66,40.97,82.92,0.0,0.0,19.21,24.37,NOT_ABLE_TO_WATER
63.29,35.51,30.69,35.77,37.68,0.0,0.0,55.77,32.09,NIGHT_OK
57.56,36.19,64.69,36.41,75.09,140652.32,4.84,60.3,25.79,VENTILATE
51.84,19.03,49.69,17.53,50.01,157285.8,0.08,53.52,33.08,OK
15.76,30.17,44.0,29.58,53.62,68696.67,2.53,17.09,40.47,ANOMALY_DETECTED
68.6,33.67,58.29,33.49,70.34,0.0,0.0,25.1,26.93,FUNGI_ALERT_EXCESS_WATER
30.01,39.0,89.83,38.44,100.0,0.0,0.0,32.4,29.57,NOT_ABLE_TO_WATER
60.6,22.89,25.46,21.38,29.63,0.0,0.0,59.81,24.0,NIGHT_OK
83.71,8.7,27.98,7.92,24.5,39460.94,1.82,85.52,42.11,ANOMALY_DETECTED
19.83,29.75,94.08,25.51,97.0,157285.8,5.24,76.47,33.42,WATER
100.0,26.09,35.32,25.2,37.5,29673.89,0.65,86.75,26.43,EXCESS_WATER
40.38,7.88,55.14,5.66,79.39,157285.8,5.7,44.63,40.63,ANOMALY_DETECTED
95.94,30.66,47.84,27.13,51.26,128949.93,4.45,81.38,30.11,EXCESS_WATER
78.77,15.45,69.4,18.09,65.77,0.0,0.0,80.19,32.62,NIGHT_OK
35.66,34.18,47.28,31.6,52.06,42116.37,0.82,58.18,45.58,ANOMALY_DETECTED
93.99,38.85,38.87,36.2,46.94,157285.8,6.71,90.51,27.9,VENTILATE
41.04,31.59,56.87,31.95,62.3,0.0,0.0,41.64,28.62,NIGHT_OK
82.28,36.54,71.59,39.66,62.96,157285.8,5.16,90.63,29.84,VENTILATE
20.22,8.5,18.06,9.22,29.0,0.0,0.0,17.97,31.93,NOT_ABLE_TO_WATER
62.88,37.83,69.76,34.58,77.65,6681.72,0.39,68.1,33.48,NOT_ABLE_TO_VENTILATE
65.07,40.66,46.63,35.41,51.15,0.0,nan,67.86,31.0,INSUFFICIENT_DATA
39.73,40.25,66.25,35.76,64.5,0.0,0.0,39.76,38.44,NOT_ABLE_TO_WATER
89.34,42.03,24.41,40.83,17.69,21854.8,0.5,90.46,31.58,HYDRIC_STRESS_ALERT
26.1,26.44,82.49,27.49,85.32,0.0,0.0,22.23,39.19,NOT_ABLE_TO_WATER
55.11,31.47,82.34,28.19,85.93,0.0,0.0,54.41,39.63,NIGHT_OK
58.37,19.72,51.28,16.97,67.21,157285.8,5.02,63.73,30.76,OK
74.71,41.39,23.54,40.08,24.46,157285.8,4.93,86.51,36.54,WATER
32.4,28.5,76.28,29.84,85.9,157285.8,0.14,74.59,28.14,NOT_ABLE_TO_WATER
84.06,32.78,66.19,32.12,69.65,4487.71,0.0,77.91,27.17,LOW_LIGHT
75.66,38.96,67.28,35.26,63.81,157285.8,5.21,80.37,29.47,VENTILATE
44.08,15.46,36.41,16.73,38.89,4233.47,0.64,40.49,28.14,LOW_LIGHT
73.22,44.91,52.34,43.18,54.73,157285.8,5.58,70.68,28.42,VENTILATE
12.53,17.85,17.68,15.84,29.07,0.0,0.0,77.55,35.6,NOT_ABLE_TO_WATER
13.78,44.03,85.39,42.92,100.0,0.0,0.0,13.79,25.29,NOT_ABLE_TO_WATER
12.58,8.92,54.9,10.78,65.98,57990.04,1.6,10.09,30.32,NOT_ABLE_TO_WATER
98.28,18.31,34.3,18.52,49.07,22516.47,1.17,28.23,28.64,EXCESS_WATER
97.52,34.41,54.34,35.07,61.17,1480.97,0.0,60.01,34.04,EXCESS_WATER
55.34,36.42,73.21,36.24,76.96,157285.8,6.17,53.39,31.57,VENTILATE
77.27,10.33,49.18,7.24,41.9,48190.97,1.27,12.28,36.24,EXCESS_WATER
71.91,20.74,39.83,19.16,50.63,93499.01,2.68,32.45,25.83,EXCESS_WATER
34.34,18.71,67.46,14.52,59.84,157285.8,5.35,89.64,30.27,WATER
88.6,28.57,90.26,25.59,96.3,6505.3,0.76,90.35,24.44,LOW_LIGHT
85.51,11.1,22.04,5.72,31.87,102571.89,3.41,48.58,25.0,EXCESS_WATER
49.52,26.53,85.79,27.45,67.75,35492.03,1.23,71.2,30.31,NOT_ABLE_TO_WATER
55.54,18.29,59.98,15.69,70.23,157285.8,0.04,52.9,30.76,OK
25.25,32.46,55.22,30.08,54.97,157285.8,5.79,20.08,34.57,WATER
25.82,19.8,44.29,16.08,49.88,19043.76,1.19,29.28,31.85,NOT_ABLE_TO_WATER
97.51,17.45,94.35,18.05,86.5,66945.7,2.19,92.5,33.18,OK
43.55,8.29,82.4,7.9,83.23,0.0,0.0,48.26,28.81,LOW_TEMP_ALERT
70.16,32.74,19.95,32.5,26.41,0.0,0.0,51.61,33.27,FUNGI_ALERT_EXCESS_WATER
16.03,nan,23.02,14.53,26.38,14305.96,1.1,22.56,30.47,INSUFFICIENT_DATA
58.05,44.08,92.95,42.45,88.87,9208.11,0.31,43.45,32.05,FUNGI_ALERT_EXCESS_WATER
69.16,25.35,50.36,21.21,57.22,0.0,0.0,66.79,32.06,NIGHT_OK
22.83,33.89,17.1,31.53,35.05,157285.8,5.2,30.1,33.86,WATER
42.95,14.88,37.12,14.75,49.86,837.55,0.14,68.6,24.0,NOT_ABLE_TO_WATER
74.19,33.29,55.93,35.02,39.72,0.0,0.0,35.15,32.33,FUNGI_ALERT_EXCESS_WATER
33.38,34.65,16.97,33.45,32.27,0.0,0.0,35.87,31.44,NOT_ABLE_TO_WATER
29.62,37.05,41.48,37.2,56.66,4719.87,0.1,27.39,30.39,NOT_ABLE_TO_WATER
56.61,21.17,24.88,18.6,25.61,0.0,0.0,nan,33.58,INSUFFICIENT_DATA
58.16,27.24,22.25,24.29,10.05,0.0,0.0,12.64,24.0,FUNGI_ALERT_EXCESS_WATER
22.73,20.55,50.21,18.97,40.7,469.14,0.0,37.86,35.79,NOT_ABLE_TO_WATER
27.76,42.31,50.12,44.71,46.77,0.0,0.0,32.96,27.71,NOT_ABLE_TO_WATER
33.97,15.0,94.36,10.32,93.65,0.0,0.0,28.78,29.98,NOT_ABLE_TO_WATER
60.49,28.76,80.89,26.46,91.54,24909.03,0.84,53.94,24.38,OK
40.69,30.68,84.26,30.17,95.14,0.0,0.0,81.06,36.87,NOT_ABLE_TO_WATER
16.46,26.32,23.73,24.92,39.32,145686.55,5.6,19.75,31.51,WATER
48.62,6.66,46.53,5.64,48.3,157285.8,5.23,41.58,24.43,LOW_TEMP_ALERT
80.32,37.72,32.77,32.1,39.07,157285.8,5.46,48.15,31.14,EXCESS_WATER
78.55,26.55,84.8,25.5,82.94,157285.8,5.85,81.0,28.17,OK
90.71,9.42,23.6,11.82,25.77,0.0,0.0,71.6,nan,INSUFFICIENT_DATA
72.61,26.13,15.38,24.84,12.28,3682.05,0.14,52.89,31.95,EXCESS_WATER
1.99,40.77,23.36,38.2,23.41,157285.8,4.82,52.08,28.74,WATER
34.25,30.54,79.87,30.78,94.85,157285.8,5.99,39.28,27.77,WATER
23.05,24.48,32.12,20.4,42.89,2378.65,0.07,23.88,32.01,NOT_ABLE_TO_WATER
40.77,16.89,70.29,12.11,72.81,157285.8,5.28,36.12,24.62,LOW_TEMP_ALERT
80.95,42.54,73.04,44.26,77.33,0.0,0.0,85.65,34.65,NOT_ABLE_TO_VENTILATE
30.56,34.25,72.77,30.14,83.0,0.0,0.0,27.74,32.28,NOT_ABLE_TO_WATER
14.84,10.98,50.24,6.62,49.66,157285.8,4.34,41.23,35.13,WATER
71.24,15.95,94.42,14.39,100.0,0.0,0.0,26.47,31.63,FUNGI_ALERT_EXCESS_WATER
93.06,44.6,39.88,42.38,31.27,50439.5,0.81,67.41,30.86,EXCESS_WATER
84.52,26.59,92.61,24.15,96.36,69658.06,2.58,14.69,30.94,FUNGI_ALERT_EXCESS_WATER
50.34,15.33,25.59,10.11,21.93,3319.09,0.2,48.38,26.56,LOW_TEMP_ALERT
35.21,8.04,59.41,6.92,62.88,0.0,0.0,60.97,25.77,NOT_ABLE_TO_WATER
49.82,20.46,85.26,17.92,81.35,0.0,0.0,49.23,33.0,NIGHT_OK
75.28,40.74,69.71,40.0,84.86,0.0,0.0,79.93,32.83,NOT_ABLE_TO_VENTILATE
65.69,20.0,30.22,20.4,36.92,0.0,0.0,64.64,29.85,NIGHT_OK
nan,35.05,63.31,32.29,72.07,0.0,0.0,48.22,28.83,INSUFFICIENT_DATA
57.73,27.35,89.85,24.94,91.92,157285.8,4.86,51.53,28.74,OK
84.52,21.51,89.23,19.01,96.46,9944.73,0.66,10.68,32.69,FUNGI_ALERT_EXCESS_WATER
9.94,34.62,62.06,32.7,66.97,0.0,0.0,12.15,33.91,NOT_ABLE_TO_WATER
4.04,32.56,70.28,28.42,67.84,0.0,0.0,88.76,29.32,NOT_ABLE_TO_WATER
46.4,37.46,20.99,37.13,25.77,0.0,0.0,22.08,26.68,FUNGI_ALERT_EXCESS_WATER
16.83,19.23,80.27,15.24,86.9,157285.8,5.17,74.03,34.51,WATER
21.76,17.55,47.26,15.9,51.06,140233.89,4.44,91.43,28.84,WATER
53.77,33.49,52.68,32.38,57.03,157285.8,4.12,14.57,31.39,EXCESS_WATER
97.16,8.29,50.46,5.52,45.69,0.0,0.0,92.57,26.3,LOW_TEMP_ALERT
71.3,40.59,21.06,38.24,25.13,157285.8,5.63,77.18,29.04,HYDRIC_STRESS_ALERT
78.65,37.53,40.99,39.03,25.6,45669.58,0.93,81.45,33.04,NOT_ABLE_TO_VENTILATE
35.86,14.3,37.39,13.86,45.84,41500.09,1.44,76.98,45.19,ANOMALY_DETECTED
29.81,10.15,74.38,10.9,78.95,157285.8,6.41,30.88,33.82,WATER
85.34,29.99,17.33,23.89,21.7,65861.58,1.99,78.09,33.89,OK
96.32,25.83,49.87,22.97,52.57,157285.8,5.3,74.75,33.48,EXCESS_WATER
10.27,11.34,36.63,8.91,52.49,2984.16,0.0,15.07,31.81,NOT_ABLE_TO_WATER
86.21,17.17,42.43,14.6,59.73,0.0,0.0,88.74,38.43,LOW_TEMP_ALERT
73.68,40.76,42.82,41.21,44.12,2126.5,0.0,60.19,34.35,EXCESS_WATER
3.39,39.9,59.72,39.25,60.95,157285.8,4.72,15.04,27.89,WATER
67.5,26.43,32.16,nan,38.9,0.0,0.0,68.64,31.94,INSUFFICIENT_DATA
78.11,16.71,92.92,16.74,100.0,157285.8,4.86,72.64,45.78,ANOMALY_DETECTED
47.55,7.62,20.91,5.93,27.13,0.0,0.0,74.75,39.03,NOT_ABLE_TO_WATER
55.82,8.57,37.79,11.36,36.23,157285.8,5.02,47.35,37.37,ANOMALY_DETECTED
24.45,31.09,50.55,28.08,39.75,8844.86,0.0,65.09,36.18,NOT_ABLE_TO_WATER
49.25,16.69,59.35,15.26,58.26,1604.88,0.62,57.12,28.34,LOW_LIGHT
54.4,19.44,41.35,16.98,40.37,0.0,0.0,56.66,30.09,NIGHT_OK
78.25,22.22,26.96,22.38,30.23,84776.44,2.49,76.8,32.27,OK
nan,33.33,90.7,32.85,92.92,2715.97,0.11,82.91,36.1,INSUFFICIENT_DATA
7.71,30.12,62.46,26.57,74.81,157285.8,5.69,92.39,31.77,WATER
86.43,9.31,72.39,10.02,70.47,0.0,0.0,85.25,35.29,LOW_TEMP_ALERT
73.91,18.9,16.88,13.96,22.82,58605.09,2.16,85.82,30.92,WATER
70.01,10.74,54.31,9.75,48.68,157285.8,4.92,36.09,35.19,EXCESS_WATER
87.01,12.86,90.96,9.03,85.23,2284.17,0.0,76.46,27.44,FUNGI_ALERT_EXCESS_WATER
13.65,41.27,59.47,40.34,62.61,0.0,0.0,15.38,28.8,NOT_ABLE_TO_WATER
45.21,35.47,31.36,32.83,33.96,110741.76,3.61,41.44,45.02,ANOMALY_DETECTED
23.54,nan,30.2,39.02,41.45,107379.83,4.03,27.93,30.36,INSUFFICIENT_DATA
75.12,5.58,49.01,4.95,61.46,41987.24,1.29,72.67,31.59,LOW_TEMP_ALERT
61.59,31.12,22.93,30.59,15.55,157285.8,5.76,53.84,38.1,ANOMALY_DETECTED
24.9,11.97,35.26,10.49,40.63,41307.83,1.44,26.58,35.47,NOT_ABLE_TO_WATER
84.47,20.54,87.93,15.79,100.0,145302.5,4.86,82.99,31.16,OK
33.61,34.62,16.22,29.84,22.75,21717.32,0.67,37.24,31.56,NOT_ABLE_TO_WATER
22.48,23.06,64.39,17.82,68.13,0.0,0.0,52.23,26.73,NOT_ABLE_TO_WATER
76.11,19.07,74.5,19.6,88.79,74791.28,2.77,84.21,41.39,ANOMALY_DETECTED
94.92,7.59,36.62,4.91,46.08,157285.8,0.05,74.62,24.0,EXCESS_WATER
74.08,22.97,37.89,23.51,48.37,64036.2,2.33,41.47,42.2,ANOMALY_DETECTED
70.29,22.37,21.71,16.07,22.52,157285.8,4.29,84.58,31.95,WATER
10.55,36.96,56.76,37.21,57.84,43662.52,1.13,35.38,30.46,NOT_ABLE_TO_WATER
53.06,40.44,81.33,37.29,93.81,157285.8,4.88,44.02,24.09,VENTILATE
39.84,27.22,31.06,25.66,47.21,34907.46,0.87,33.64,33.98,NOT_ABLE_TO_WATER
84.47,42.95,75.47,41.52,79.42,8428.44,0.44,67.54,32.17,FUNGI_ALERT_EXCESS_WATER
47.65,30.97,46.15,29.58,51.83,157285.8,4.65,48.36,26.55,OK
80.2,30.68,78.75,28.94,88.36,0.0,0.0,32.12,32.64,FUNGI_ALERT_EXCESS_WATER
78.12,32.73,26.33,31.88,13.48,157285.8,5.39,48.63,28.93,EXCESS_WATER
74.55,21.28,77.36,22.01,87.27,0.0,0.0,72.89,28.47,NIGHT_OK
37.62,37.95,61.42,37.26,70.07,0.0,0.0,17.28,29.66,NOT_ABLE_TO_WATER
68.06,23.55,74.06,19.77,90.28,619.94,0.41,78.07,28.95,NOT_ABLE_TO_WATER
9.2,33.7,29.9,31.98,35.91,80486.51,2.52,92.11,31.06,WATER
28.57,39.11,47.19,35.11,48.44,157285.8,5.16,25.6,28.82,WATER
37.27,22.47,50.21,22.03,39.88,6671.73,0.32,38.8,33.45,NOT_ABLE_TO_WATER
60.39,40.63,47.71,35.56,41.42,157285.8,5.64,64.87,34.24,VENTILATE
71.31,6.92,17.8,4.55,19.36,0.0,0.0,72.63,27.89,LOW_TEMP_ALERT
46.4,8.19,82.91,7.34,89.55,0.0,0.0,50.01,29.55,LOW_TEMP_ALERT
57.82,32.42,40.34,30.96,52.53,9038.91,0.52,13.96,31.23,EXCESS_WATER
64.31,37.14,81.04,34.39,77.23,0.0,0.0,66.88,35.55,NIGHT_OK
8.11,18.65,80.52,17.45,92.49,0.0,0.0,12.95,27.48,NOT_ABLE_TO_WATER
57.98,16.09,52.83,14.85,52.75,0.0,0.0,59.44,24.0,LOW_TEMP_ALERT
24.98,26.97,19.21,22.9,16.97,157285.8,5.77,51.86,27.33,WATER
93.96,37.79,47.56,36.89,45.37,124345.74,3.84,94.99,35.38,VENTILATE
84.18,8.42,83.0,5.2,91.9,157285.8,5.42,91.28,33.32,LOW_TEMP_ALERT
66.64,39.42,25.06,37.12,32.26,31777.98,1.16,74.03,31.22,HYDRIC_STRESS_ALERT
90.05,24.66,59.93,23.06,63.35,0.0,0.0,84.38,24.96,NIGHT_OK
16.2,24.39,64.21,23.47,81.27,0.0,0.0,11.73,29.06,NOT_ABLE_TO_WATER
66.07,24.26,22.89,26.65,15.38,17631.92,0.04,73.18,28.49,OK
33.81,29.17,18.43,26.22,26.17,31552.02,1.15,49.9,27.81,NOT_ABLE_TO_WATER
23.61,22.98,82.5,17.37,85.86,157285.8,4.68,22.41,34.99,WATER
24.36,16.55,67.75,11.38,69.98,0.0,0.0,46.05,27.31,NOT_ABLE_TO_WATER
13.31,40.53,21.37,38.08,30.78,17148.41,0.42,45.54,30.97,NOT_ABLE_TO_WATER
12.09,22.93,44.51,20.85,52.25,128518.67,4.17,13.56,26.86,WATER
65.91,27.35,41.83,24.11,43.84,157285.8,4.98,65.76,32.24,OK
75.43,20.36,92.76,17.68,97.46,0.0,0.0,71.98,33.62,NIGHT_OK
56.28,35.14,56.02,33.52,66.79,157285.8,5.53,49.77,34.94,OK
82.24,13.86,51.72,12.37,58.09,0.0,0.0,59.7,31.21,FUNGI_ALERT_EXCESS_WATER
13.62,44.77,73.38,39.47,88.29,0.0,0.0,23.3,29.8,NOT_ABLE_TO_WATER
67.38,14.13,25.72,11.78,32.58,0.0,0.0,70.43,35.18,LOW_TEMP_ALERT
75.81,25.6,30.85,21.53,34.4,157285.8,5.94,82.65,27.21,OK
10.38,43.68,86.71,36.59,98.21,157285.8,5.78,46.71,29.08,WATER
31.87,22.89,29.04,25.01,25.43,0.0,0.0,32.73,32.77,NOT_ABLE_TO_WATER
75.86,13.75,59.89,8.66,82.86,0.0,0.0,75.7,34.92,LOW_TEMP_ALERT
58.06,44.76,44.95,44.51,54.04,111165.86,3.7,61.13,30.17,VENTILATE
47.86,36.71,48.51,36.04,47.68,0.0,0.0,93.65,31.13,NOT_ABLE_TO_WATER
95.62,24.3,49.8,26.32,51.25,157285.8,4.21,86.57,28.13,OK
54.99,39.85,64.87,37.41,71.58,156833.31,5.05,10.68,29.54,EXCESS_WATER
26.53,32.01,40.23,27.32,52.8,157285.8,6.54,27.73,29.63,WATER
52.82,10.1,18.36,8.78,26.15,157285.8,5.99,88.44,27.93,WATER
23.55,28.45,27.18,25.12,17.74,140398.43,5.41,26.85,32.7,WATER
56.14,40.0,70.27,37.59,82.16,107299.46,3.06,52.11,39.71,ANOMALY_DETECTED
20.06,10.53,88.9,10.52,97.53,7600.94,0.0,43.31,28.33,NOT_ABLE_TO_WATER
24.29,13.76,92.01,10.36,85.37,1042.86,0.45,23.52,32.12,NOT_ABLE_TO_WATER
74.28,29.39,69.85,27.7,66.52,157285.8,6.14,78.83,29.25,OK
82.5,20.62,65.41,17.49,67.95,157285.8,4.64,69.79,31.07,EXCESS_WATER
2.82,8.38,69.86,9.67,88.23,0.0,0.0,38.83,37.8,NOT_ABLE_TO_WATER
63.79,26.24,18.79,25.49,14.31,157285.8,4.97,65.19,25.36,OK
8.45,35.55,90.41,32.08,100.0,4575.18,0.0,17.04,28.82,NOT_ABLE_TO_WATER
47.19,32.45,58.22,29.27,63.88,26429.96,0.97,64.48,32.24,NOT_ABLE_TO_WATER
66.94,36.69,73.21,37.25,83.76,2379.77,0.63,62.85,34.47,NOT_ABLE_TO_VENTILATE
19.15,17.2,67.68,17.06,64.06,5168.24,0.49,21.2,33.81,NOT_ABLE_TO_WATER
33.25,20.18,34.83,21.71,27.12,157285.8,5.0,34.59,24.62,WATER
14.33,43.32,80.73,43.22,93.51,157285.8,5.41,14.23,32.64,WATER
19.22,28.95,47.87,26.27,63.02,157285.8,4.14,24.87,30.05,WATER
10.1,39.81,58.83,39.48,70.39,0.0,0.0,12.64,30.05,NOT_ABLE_TO_WATER
84.06,34.65,79.52,31.96,70.0,157285.8,4.65,83.63,27.73,OK
92.67,6.69,69.92,6.75,87.2,23287.12,1.1,34.64,30.25,FUNGI_ALERT_EXCESS_WATER
23.86,25.75,53.09,26.2,56.47,157285.8,5.23,14.14,26.37,WATER
47.02,22.54,15.53,18.14,13.01,157285.8,4.76,49.21,28.69,OK
56.22,24.91,50.45,21.63,54.7,0.0,0.0,52.65,25.75,NIGHT_OK
75.58,29.93,62.68,27.1,68.59,0.0,0.0,75.8,30.46,NIGHT_OK
69.68,23.35,33.08,23.24,33.22,0.0,0.0,73.13,24.0,NIGHT_OK
21.96,42.72,84.72,42.36,100.0,0.0,0.0,79.76,34.08,NOT_ABLE_TO_WATER
38.48,7.62,61.79,2.66,77.31,0.0,0.0,34.14,24.0,NOT_ABLE_TO_WATER
10.17,14.6,75.14,14.13,77.78,0.0,0.0,10.64,32.34,NOT_ABLE_TO_WATER
44.95,41.01,25.93,38.58,45.61,19888.05,0.32,57.23,28.08,NOT_ABLE_TO_WATER
23.8,20.89,31.04,20.92,37.74,0.0,0.0,14.35,43.09,NOT_ABLE_TO_WATER
77.31,15.1,47.35,11.43,39.85,0.0,0.0,67.85,29.1,LOW_TEMP_ALERT
23.9,12.44,92.99,10.14,100.0,0.0,0.0,31.49,29.83,NOT_ABLE_TO_WATER
35.38,18.45,76.77,14.27,81.79,150837.46,4.83,31.53,31.44,WATER
66.01,42.31,49.88,39.84,65.81,24893.66,1.2,70.63,32.8,NOT_ABLE_TO_VENTILATE
59.04,33.92,93.21,35.25,88.66,157285.8,5.0,52.8,29.13,OK
55.58,16.06,57.28,13.5,65.6,157285.8,5.18,59.25,30.58,LOW_TEMP_ALERT
43.82,34.93,23.54,29.57,19.71,7800.94,0.85,69.64,28.57,NOT_ABLE_TO_WATER
55.52,39.14,19.93,36.17,15.17,157285.8,6.34,50.28,34.37,HYDRIC_STRESS_ALERT
87.62,19.63,85.43,18.51,99.4,48616.77,1.47,84.67,32.07,OK
9.26,6.63,50.75,2.08,58.03,0.0,0.0,73.5,32.46,NOT_ABLE_TO_WATER
71.02,16.5,66.17,14.69,85.03,151288.66,4.85,54.52,35.47,FUNGI_ALERT_EXCESS_WATER
51.88,7.39,34.58,4.77,38.62,0.0,0.0,50.16,33.14,LOW_TEMP_ALERT
49.19,17.01,67.41,12.82,90.57,0.0,0.0,52.97,27.53,LOW_TEMP_ALERT
66.76,30.4,85.07,31.3,98.3,157285.8,4.67,31.69,26.13,FUNGI_ALERT_EXCESS_WATER
98.45,24.84,37.51,19.5,29.9,157285.8,5.65,38.23,30.14,EXCESS_WATER
11.06,11.07,24.56,9.16,18.11,0.0,0.0,56.75,31.93,NOT_ABLE_TO_WATER
72.17,28.01,77.82,24.79,84.19,157285.8,5.72,67.23,30.23,OK
92.99,44.07,59.74,44.0,68.51,157285.8,4.31,86.93,30.05,VENTILATE
66.78,36.83,58.13,31.22,39.9,0.0,0.0,17.38,25.1,FUNGI_ALERT_EXCESS_WATER
80.36,35.9,63.72,35.48,63.76,0.0,0.0,84.35,28.0,NIGHT_OK
41.71,29.19,55.36,26.73,59.89,136228.6,3.87,48.8,32.45,OK
42.59,32.33,36.74,30.76,40.13,157285.8,4.88,40.63,37.11,ANOMALY_DETECTED
18.97,13.16,67.72,12.97,73.44,0.0,0.0,20.19,36.52,NOT_ABLE_TO_WATER
10.35,29.81,31.14,32.04,33.51,0.0,0.0,67.72,31.66,NOT_ABLE_TO_WATER
19.06,18.04,34.54,15.19,50.37,0.0,0.0,15.77,28.57,NOT_ABLE_TO_WATER
38.05,14.06,78.06,9.99,79.94,0.0,0.0,32.91,30.09,NOT_ABLE_TO_WATER
93.73,41.6,71.32,39.73,78.29,0.0,0.0,89.94,40.64,NOT_ABLE_TO_VENTILATE
75.68,39.33,71.4,38.82,81.34,37518.11,1.79,73.83,31.83,NOT_ABLE_TO_VENTILATE
45.21,11.55,31.17,10.46,39.92,0.0,0.0,46.64,29.95,LOW_TEMP_ALERT
50.29,34.29,73.52,31.45,74.1,0.0,0.0,46.1,28.51,NIGHT_OK
15.61,15.14,58.32,17.81,75.49,9141.94,0.34,92.5,31.74,NOT_ABLE_TO_WATER
93.68,22.43,84.4,23.18,93.88,79389.13,2.4,88.62,31.69,OK
58.07,22.0,79.55,21.31,82.99,3061.19,0.0,45.7,34.81,FUNGI_ALERT_EXCESS_WATER
92.58,13.49,47.44,12.9,56.05,82735.54,2.46,91.91,24.21,LOW_TEMP_ALERT
69.93,6.69,92.16,5.54,100.0,157285.8,5.59,69.64,29.48,LOW_TEMP_ALERT
72.42,12.34,69.72,11.13,74.06,0.0,0.0,79.87,29.99,LOW_TEMP_ALERT
41.64,33.75,22.47,31.96,27.66,157285.8,5.46,41.88,28.38,OK
40.02,41.62,34.57,39.2,45.42,157285.8,5.9,42.28,34.84,VENTILATE
77.07,7.44,44.84,4.55,47.82,157285.8,5.21,54.02,26.72,EXCESS_WATER
39.69,19.34,56.16,17.97,62.33,157285.8,5.42,38.51,24.0,WATER
71.8,32.88,28.21,32.5,26.25,0.0,0.0,78.86,44.98,NIGHT_OK
92.2,29.54,74.23,30.24,65.03,0.0,0.0,86.58,33.55,NIGHT_OK
44.53,14.17,55.31,13.46,49.56,0.0,0.0,48.68,27.9,LOW_TEMP_ALERT
74.33,24.54,64.77,23.27,74.32,0.0,0.0,19.98,33.06,FUNGI_ALERT_EXCESS_WATER
20.06,21.59,50.31,18.97,47.08,6508.93,0.31,15.74,35.9,NOT_ABLE_TO_WATER
37.42,33.02,30.94,27.71,26.18,0.0,0.0,36.13,35.92,NOT_ABLE_TO_WATER
26.47,21.44,20.73,22.12,27.91,157285.8,5.98,27.13,24.48,WATER
69.56,17.76,61.26,17.74,57.6,0.0,0.0,41.61,24.0,FUNGI_ALERT_EXCESS_WATER
46.64,38.24,40.0,37.2,26.18,0.0,0.0,67.36,33.51,NOT_ABLE_TO_WATER
69.21,29.34,74.15,28.41,88.43,0.0,0.0,71.02,26.67,NIGHT_OK
83.73,36.62,69.32,32.16,64.9,10344.04,0.09,81.72,27.18,OK
5.71,12.69,46.42,14.93,53.82,157285.8,5.91,90.61,31.23,WATER
68.43,17.55,48.41,15.31,42.91,0.0,0.0,64.88,45.22,NIGHT_OK
54.29,10.82,65.4,8.39,59.76,0.0,0.0,42.56,24.29,FUNGI_ALERT_EXCESS_WATER
55.67,26.96,35.55,26.91,49.12,14442.17,0.53,86.51,33.11,NOT_ABLE_TO_WATER
52.42,39.57,85.15,40.85,93.29,0.0,0.0,58.36,31.93,NOT_ABLE_TO_VENTILATE
21.16,41.19,54.49,44.89,62.49,0.0,0.0,23.82,24.29,NOT_ABLE_TO_WATER
4.9,34.65,79.91,32.5,71.66,0.0,0.0,10.29,28.84,NOT_ABLE_TO_WATER
98.88,27.34,15.32,26.05,25.87,7941.08,0.56,27.7,37.83,ANOMALY_DETECTED
86.03,15.21,27.81,12.77,35.13,0.0,0.0,88.39,32.84,LOW_TEMP_ALERT
57.88,44.65,56.11,43.19,49.64,91865.71,3.41,81.95,31.96,WATER
87.87,11.66,25.64,8.34,34.8,0.0,0.0,62.31,26.3,FUNGI_ALERT_EXCESS_WATER
64.88,5.83,48.85,2.04,47.97,66631.31,3.02,69.52,24.52,LOW_TEMP_ALERT
20.74,42.32,24.48,39.34,39.89,7436.43,0.21,21.64,27.9,NOT_ABLE_TO_WATER
99.56,8.92,55.03,5.9,44.06,0.0,0.0,93.29,27.98,LOW_TEMP_ALERT
35.99,40.79,82.42,42.14,87.35,157285.8,3.97,90.51,30.47,WATER
44.21,14.43,50.27,12.98,54.05,1941.33,0.21,nan,29.59,INSUFFICIENT_DATA
34.66,44.95,56.36,43.51,61.04,127212.36,4.29,58.73,28.69,WATER
26.42,31.05,22.28,32.97,11.54,157285.8,4.7,75.05,25.87,WATER
65.41,39.41,28.38,39.0,24.81,70440.02,3.06,85.3,27.9,WATER
13.83,7.73,92.12,6.64,100.0,157285.8,4.96,13.61,30.69,WATER
87.16,14.71,82.41,9.99,97.05,13363.09,0.83,82.27,39.12,ANOMALY_DETECTED
67.37,29.7,35.54,26.79,35.1,15707.89,0.67,77.12,27.38,OK
34.98,20.86,77.73,18.86,85.36,42576.79,0.9,35.57,27.87,NOT_ABLE_TO_WATER
13.3,11.94,44.95,8.88,45.79,157285.8,4.81,16.9,32.94,WATER
84.99,15.0,65.5,16.48,75.89,0.0,0.0,91.65,31.02,NIGHT_OK
5.9,40.23,73.14,37.67,73.27,0.0,0.0,28.11,26.06,NOT_ABLE_TO_WATER
87.48,20.96,89.62,20.13,92.86,105592.19,4.35,88.64,28.67,OK
14.9,14.1,55.77,13.41,73.65,157285.8,5.16,11.51,30.6,WATER
92.06,27.88,22.76,30.33,18.45,157285.8,5.38,21.59,31.0,EXCESS_WATER
90.55,32.21,43.53,28.75,48.32,4725.18,0.56,88.7,31.17,LOW_LIGHT
58.64,42.91,67.83,41.47,67.53,0.0,0.0,55.73,35.19,NOT_ABLE_TO_VENTILATE
56.31,11.77,42.79,14.66,55.22,157285.8,4.76,53.01,29.66,LOW_TEMP_ALERT
44.47,34.5,18.21,30.71,18.55,143182.8,4.07,48.72,26.72,OK
11.55,42.63,27.47,38.55,36.55,0.0,0.0,10.47,31.2,NOT_ABLE_TO_WATER
99.03,14.17,84.11,9.96,80.61,157285.8,4.34,87.8,27.73,FUNGI_ALERT_EXCESS_WATER
43.56,42.13,27.36,42.8,28.2,35140.61,1.12,45.73,31.93,HYDRIC_STRESS_ALERT
5.3,12.17,29.46,12.66,43.82,157285.8,5.92,53.76,30.8,WATER
38.4,34.18,76.09,30.07,86.98,0.0,0.0,27.36,27.53,NOT_ABLE_TO_WATER
92.35,41.17,23.03,42.07,22.7,0.0,0.0,91.89,27.93,HYDRIC_STRESS_ALERT
20.27,36.1,27.17,34.28,37.53,2394.37,0.14,25.51,31.83,NOT_ABLE_TO_WATER
15.87,16.3,44.37,13.62,58.43,0.0,0.0,15.65,26.79,NOT_ABLE_TO_WATER
68.02,44.86,63.52,44.85,89.78,157285.8,4.79,40.75,32.39,FUNGI_ALERT_EXCESS_WATER
17.95,26.28,59.29,22.1,58.37,157285.8,4.98,15.09,31.07,WATER
42.85,25.61,92.91,25.94,99.62,8614.2,0.0,45.32,33.82,LOW_LIGHT
32.99,36.35,59.51,36.56,74.96,63083.44,1.86,69.73,31.0,NOT_ABLE_TO_WATER
68.82,30.52,56.85,31.28,55.41,157285.8,5.78,65.87,26.49,OK
77.35,39.68,52.39,36.22,66.04,157285.8,5.71,84.76,34.93,VENTILATE
51.78,42.76,37.05,37.4,46.25,0.0,0.0,61.78,27.6,NOT_ABLE_TO_VENTILATE
65.74,37.94,74.46,38.97,79.02,15830.13,0.28,18.29,25.32,FUNGI_ALERT_EXCESS_WATER
72.38,29.3,78.27,29.97,88.52,157285.8,5.49,70.3,29.88,OK
34.45,13.88,32.62,13.0,37.42,11266.47,0.92,35.74,29.55,NOT_ABLE_TO_WATER
14.81,33.36,94.35,nan,81.27,0.0,0.0,19.57,32.3,INSUFFICIENT_DATA
48.22,31.52,34.58,31.51,28.21,0.0,0.0,59.77,34.47,NOT_ABLE_TO_WATER
90.38,40.87,41.02,38.64,51.56,69935.82,2.09,34.7,27.36,EXCESS_WATER
91.58,24.56,28.84,22.59,30.67,0.0,0.0,85.99,30.53,NIGHT_OK
44.23,7.39,78.71,5.84,86.46,157285.8,0.13,46.89,32.81,LOW_TEMP_ALERT
57.02,42.53,72.9,41.92,75.76,6304.52,0.47,49.33,34.42,NOT_ABLE_TO_VENTILATE
66.96,16.67,69.91,13.0,79.6,0.0,0.0,92.54,30.13,NOT_ABLE_TO_WATER
15.35,40.17,57.51,36.63,75.27,3610.38,0.21,18.98,32.77,NOT_ABLE_TO_WATER
16.19,19.59,86.15,19.72,88.78,39580.63,1.67,10.84,30.5,NOT_ABLE_TO_WATER
57.14,12.17,16.29,14.49,29.81,0.0,0.0,50.2,31.09,LOW_TEMP_ALERT
30.85,6.22,75.01,0.24,80.26,37763.84,0.92,61.19,26.88,NOT_ABLE_TO_WATER
84.82,9.73,82.39,8.49,78.77,107170.33,3.47,84.39,29.42,LOW_TEMP_ALERT
45.62,31.6,43.51,30.22,57.68,0.0,0.0,49.6,28.88,NIGHT_OK
88.19,29.22,58.42,30.28,69.32,154144.09,4.86,85.55,24.0,OK
34.04,14.31,79.04,13.86,89.55,20392.62,0.86,22.59,30.15,NOT_ABLE_TO_WATER
86.52,20.43,50.5,19.57,39.86,54919.82,1.53,88.88,32.11,OK
94.72,9.95,85.42,8.19,94.12,22999.3,1.01,62.21,28.21,FUNGI_ALERT_EXCESS_WATER
76.59,41.94,47.15,39.3,63.75,157285.8,4.78,16.97,31.3,EXCESS_WATER
61.77,25.64,78.0,25.56,79.39,157285.8,4.91,57.59,28.61,OK
89.4,39.55,73.04,39.67,94.25,157285.8,0.12,89.56,28.34,NOT_ABLE_TO_VENTILATE
59.6,26.41,43.74,26.76,40.9,0.0,0.0,61.4,26.83,NIGHT_OK
2.01,11.07,52.73,10.61,69.18,1312.67,0.37,84.7,33.21,NOT_ABLE_TO_WATER
36.98,23.92,22.33,22.57,15.54,0.0,0.0,36.94,24.0,NOT_ABLE_TO_WATER
71.55,16.28,51.02,13.95,60.56,157285.8,4.23,66.39,28.57,LOW_TEMP_ALERT
86.34,19.93,18.97,13.35,29.62,6413.27,0.5,91.59,39.67,ANOMALY_DETECTED
90.57,6.08,56.07,6.49,58.83,81647.23,2.23,91.0,24.0,LOW_TEMP_ALERT
48.77,41.33,58.89,40.15,64.61,119391.9,4.2,69.01,32.62,WATER
70.94,35.2,35.67,34.79,40.58,157285.8,4.36,76.24,27.03,OK
100.0,6.78,30.28,4.03,27.15,0.0,0.0,93.33,30.99,LOW_TEMP_ALERT
52.48,9.59,86.4,5.09,100.0,0.0,0.0,77.87,28.55,NOT_ABLE_TO_WATER
42.89,34.82,26.33,34.82,24.85,0.0,0.0,48.6,32.49,NIGHT_OK
2.27,34.86,53.82,32.02,57.67,0.0,0.0,13.3,26.99,NOT_ABLE_TO_WATER
70.11,26.98,31.75,25.22,26.09,46511.67,1.16,72.49,27.65,OK
3.86,21.46,55.76,19.67,59.81,109161.97,0.15,85.32,30.21,NOT_ABLE_TO_WATER
19.56,35.06,35.29,32.55,46.58,5885.36,0.32,25.01,27.24,NOT_ABLE_TO_WATER
7.44,8.0,81.29,6.4,78.23,0.0,0.0,72.2,30.59,NOT_ABLE_TO_WATER
20.89,32.19,41.18,29.37,52.16,151065.05,5.74,15.52,24.84,WATER
88.28,35.41,73.32,32.71,65.91,157285.8,4.79,90.07,27.97,OK
10.28,27.31,47.48,29.12,44.46,1686.92,0.15,12.03,39.38,ANOMALY_DETECTED
8.05,6.35,15.92,2.98,24.02,157285.8,5.5,14.33,29.34,WATER
99.53,6.82,45.53,7.49,56.77,4001.07,0.0,79.14,28.29,EXCESS_WATER
66.84,19.42,86.71,17.72,83.6,745.56,0.45,93.36,31.24,NOT_ABLE_TO_WATER
66.91,42.99,78.3,43.14,88.48,0.0,0.0,74.61,31.73,NOT_ABLE_TO_VENTILATE
45.44,23.27,90.3,18.14,80.63,59873.53,2.07,44.0,24.0,OK
81.55,27.92,24.4,26.14,30.96,157285.8,5.24,22.29,35.2,EXCESS_WATER
63.46,36.84,93.02,33.56,88.36,0.0,0.0,64.86,28.27,NIGHT_OK
83.39,16.06,36.35,17.45,48.98,157285.8,nan,71.64,25.85,INSUFFICIENT_DATA
27.07,26.83,93.45,22.23,89.27,157285.8,5.68,73.03,31.93,WATER
53.64,7.55,56.79,8.79,80.87,0.0,0.0,93.15,25.58,NOT_ABLE_TO_WATER
63.3,24.87,18.71,23.91,27.43,0.0,0.0,52.92,31.44,FUNGI_ALERT_EXCESS_WATER
34.49,13.86,30.35,15.17,29.23,157285.8,5.39,34.77,30.93,WATER
55.2,39.46,86.51,37.54,91.99,0.0,0.0,57.82,27.0,NOT_ABLE_TO_VENTILATE
24.44,9.81,23.72,7.32,38.77,0.0,0.0,28.45,35.44,NOT_ABLE_TO_WATER
48.7,8.1,47.87,7.62,57.62,0.0,0.0,31.65,24.0,FUNGI_ALERT_EXCESS_WATER
26.22,44.52,90.98,42.96,95.17,157285.8,5.21,41.96,30.5,WATER
37.08,18.89,67.12,20.11,94.7,120708.24,3.87,39.69,25.54,WATER
79.27,23.64,44.24,20.6,51.41,0.0,0.0,76.24,31.53,NIGHT_OK
9.27,8.71,35.2,6.05,39.43,3065.65,0.34,90.8,29.96,NOT_ABLE_TO_WATER
23.99,23.99,73.08,24.31,67.03,0.0,0.0,92.91,29.5,NOT_ABLE_TO_WATER
32.52,30.85,71.98,27.98,74.18,1827.79,0.0,33.91,29.12,NOT_ABLE_TO_WATER
58.22,23.98,29.21,20.97,29.73,157285.8,5.42,58.0,27.75,OK
15.55,6.32,63.32,4.81,71.56,156360.43,4.57,45.18,28.97,WATER
14.4,11.5,90.01,9.49,91.5,1233.26,0.0,17.86,33.66,NOT_ABLE_TO_WATER
69.85,44.59,51.01,40.06,60.9,0.0,0.0,74.56,32.84,NOT_ABLE_TO_VENTILATE
64.02,6.57,41.34,6.1,46.25,0.0,0.0,32.8,36.77,FUNGI_ALERT_EXCESS_WATER
47.01,13.08,62.46,6.69,85.49,156.42,0.1,45.99,30.2,LOW_TEMP_ALERT
74.22,23.59,32.19,23.64,41.76,157285.8,4.8,58.79,30.94,EXCESS_WATER
41.97,23.88,21.66,25.64,14.66,157285.8,5.81,48.15,27.66,OK
94.15,34.17,90.88,34.46,77.98,157285.8,6.05,94.49,24.0,OK
37.27,16.95,17.74,15.21,29.02,0.0,0.0,37.12,31.59,NOT_ABLE_TO_WATER
66.15,20.4,50.95,20.62,60.96,2588.62,0.23,62.89,34.16,LOW_LIGHT
4.41,32.31,47.17,30.97,53.79,60262.17,2.37,12.51,32.84,WATER
53.21,38.68,81.02,40.09,94.58,6702.31,0.42,43.11,32.2,FUNGI_ALERT_EXCESS_WATER
44.98,33.79,46.71,32.15,54.9,0.0,0.0,45.21,30.99,NIGHT_OK
17.88,7.24,69.51,5.71,64.52,157285.8,5.87,24.66,33.07,WATER
94.03,41.15,94.07,39.88,100.0,157285.8,5.19,60.87,34.4,FUNGI_ALERT_EXCESS_WATER
89.96,39.09,76.2,38.46,85.41,157285.8,5.55,10.8,28.29,FUNGI_ALERT_EXCESS_WATER
43.61,29.74,22.37,21.84,21.31,0.0,0.0,50.11,30.77,NIGHT_OK
16.3,44.2,91.29,45.09,98.77,12905.02,0.38,66.82,37.27,ANOMALY_DETECTED
88.71,31.1,17.89,32.84,5.84,0.0,0.0,90.03,36.76,NIGHT_OK
66.33,24.64,27.14,22.9,32.33,23795.57,1.01,66.44,27.01,OK
95.63,33.61,23.19,36.11,31.67,0.0,0.0,10.48,26.98,FUNGI_ALERT_EXCESS_WATER
29.13,27.51,26.09,28.13,30.54,0.0,0.0,13.33,26.97,NOT_ABLE_TO_WATER
56.49,31.83,18.03,32.58,18.8,0.0,0.0,44.66,27.41,FUNGI_ALERT_EXCESS_WATER
77.78,21.66,88.51,20.58,94.52,0.0,0.0,75.28,34.16,NIGHT_OK
85.15,22.1,55.56,21.71,64.39,157285.8,4.63,85.29,35.12,OK
45.73,35.92,42.84,34.81,30.34,0.0,0.0,63.09,31.66,NOT_ABLE_TO_WATER
30.19,23.89,18.57,22.26,19.04,157285.8,4.82,50.57,24.94,WATER
82.11,35.9,48.21,33.69,59.08,0.0,0.0,84.1,28.46,NIGHT_OK
19.4,30.69,85.42,25.53,87.61,13387.5,0.45,27.63,34.7,NOT_ABLE_TO_WATER
29.47,38.75,49.85,38.21,61.39,0.0,0.0,30.28,29.13,NOT_ABLE_TO_WATER
81.69,10.79,43.11,6.63,57.68,157285.8,4.55,86.5,26.78,LOW_TEMP_ALERT
32.53,11.61,28.91,13.26,28.25,140054.87,4.48,33.3,27.09,WATER
7.64,9.51,72.39,10.96,83.49,157285.8,4.94,12.89,33.23,WATER
40.51,11.85,61.66,11.05,83.48,0.0,0.0,80.77,26.91,NOT_ABLE_TO_WATER
67.53,7.07,30.94,8.49,36.48,0.0,0.0,60.34,28.2,LOW_TEMP_ALERT
77.19,6.98,32.86,4.58,49.8,157285.8,5.35,77.98,32.44,LOW_TEMP_ALERT
84.9,35.37,18.09,38.31,25.33,157285.8,5.72,87.43,30.06,VENTILATE
29.76,40.11,37.59,38.51,55.06,0.0,0.0,24.14,34.26,NOT_ABLE_TO_WATER
86.03,21.36,89.55,21.73,98.2,157285.8,5.02,85.84,32.69,OK
84.4,25.62,92.03,23.56,95.88,157285.8,6.07,80.09,31.63,OK
96.14,20.11,73.65,19.31,74.28,157285.8,5.7,90.07,29.19,OK
69.86,16.07,93.08,14.0,92.62,157285.8,5.56,63.63,26.56,LOW_TEMP_ALERT
72.27,7.57,90.99,4.7,100.0,157285.8,5.27,79.57,31.4,LOW_TEMP_ALERT
90.69,20.77,40.47,19.43,44.36,157285.8,4.32,93.01,39.56,ANOMALY_DETECTED
89.18,27.13,57.21,26.09,61.47,0.0,0.0,84.45,24.0,NIGHT_OK
68.88,25.6,46.41,26.62,60.25,34055.15,1.84,66.97,45.64,ANOMALY_DETECTED
60.15,8.22,33.72,4.7,30.97,157285.8,4.54,54.21,25.66,LOW_TEMP_ALERT
97.02,10.46,21.35,8.18,28.89,0.0,0.0,30.4,37.14,FUNGI_ALERT_EXCESS_WATER
27.02,19.93,19.56,16.14,41.26,42314.26,1.05,66.08,28.55,NOT_ABLE_TO_WATER
77.63,34.25,57.06,32.64,60.8,124882.15,4.81,73.11,33.35,OK
16.41,28.26,77.42,28.89,88.31,157285.8,4.15,22.33,37.65,ANOMALY_DETECTED
13.08,23.6,61.97,23.05,71.6,157285.8,6.02,17.09,31.8,WATER
40.44,38.68,33.21,36.05,42.22,44501.21,1.62,44.67,30.15,NOT_ABLE_TO_VENTILATE
77.67,29.64,20.29,28.66,49.08,25738.38,0.29,17.51,24.0,EXCESS_WATER
25.52,11.64,31.4,12.17,33.62,37396.5,1.54,94.52,27.83,NOT_ABLE_TO_WATER
53.73,36.92,59.5,36.16,63.69,26184.31,0.3,58.48,30.72,NOT_ABLE_TO_VENTILATE
53.7,35.18,34.92,36.47,45.52,69318.31,2.38,47.72,29.89,NOT_ABLE_TO_VENTILATE
47.25,40.03,29.92,39.35,37.05,157285.8,6.1,43.0,28.72,HYDRIC_STRESS_ALERT
44.21,7.61,17.45,6.73,11.98,6674.91,0.6,64.49,33.18,NOT_ABLE_TO_WATER
85.85,11.06,88.46,12.21,81.04,106559.25,3.78,91.89,24.0,LOW_TEMP_ALERT
4.78,11.07,58.52,6.79,67.94,157285.8,4.03,12.43,30.89,WATER
70.61,39.49,58.37,35.53,62.94,157285.8,5.27,71.94,24.61,VENTILATE
54.97,14.38,45.34,14.19,48.21,117003.34,3.26,87.89,26.12,WATER
24.81,18.07,88.51,14.52,88.97,0.0,0.0,31.46,30.61,NOT_ABLE_TO_WATER
23.39,15.61,67.53,16.64,67.19,157285.8,4.95,30.09,31.52,WATER
10.73,35.93,38.24,35.38,36.31,157285.8,5.75,36.82,27.76,WATER
12.71,10.44,16.7,8.71,28.37,0.0,0.0,18.56,30.56,NOT_ABLE_TO_WATER
40.8,13.35,60.4,11.45,64.45,24344.06,0.38,44.86,34.9,LOW_TEMP_ALERT
36.8,11.59,80.11,9.65,94.56,0.0,0.0,57.95,32.87,NOT_ABLE_TO_WATER
100.0,31.33,55.73,29.49,57.79,157285.8,6.16,94.22,29.71,OK
50.61,42.4,28.61,41.69,41.99,0.0,0.0,68.01,24.9,NOT_ABLE_TO_WATER
34.89,8.23,91.66,9.0,100.0,157285.8,5.39,48.12,29.09,WATER
19.56,34.68,31.23,32.26,35.29,157285.8,0.08,22.12,36.16,NOT_ABLE_TO_WATER
78.89,32.21,55.8,28.41,75.36,0.0,0.0,nan,24.0,INSUFFICIENT_DATA
19.27,9.59,88.72,nan,92.98,157285.8,4.76,13.1,30.07,INSUFFICIENT_DATA
64.29,23.28,68.81,20.33,61.97,0.0,0.0,56.58,27.56,NIGHT_OK
59.61,7.63,29.43,3.91,34.55,157285.8,5.51,53.63,26.4,LOW_TEMP_ALERT
12.78,29.0,67.89,30.44,81.88,0.0,0.0,17.12,29.86,NOT_ABLE_TO_WATER
16.71,29.47,69.41,26.75,76.99,38648.78,1.53,32.99,30.96,NOT_ABLE_TO_WATER
29.06,35.4,86.79,35.35,82.02,0.0,0.0,28.08,39.85,NOT_ABLE_TO_WATER
25.02,15.07,56.06,17.98,52.54,0.0,0.0,nan,33.46,INSUFFICIENT_DATA
68.53,5.76,36.95,1.43,41.87,157285.8,4.43,47.07,27.96,EXCESS_WATER
45.83,27.47,80.78,26.53,85.4,0.0,0.0,38.99,24.0,NIGHT_OK
65.17,18.3,77.65,17.09,87.12,157285.8,6.27,25.47,28.88,FUNGI_ALERT_EXCESS_WATER
53.59,42.34,87.22,41.49,81.81,0.0,0.0,56.98,32.94,NOT_ABLE_TO_VENTILATE
22.08,36.82,46.63,35.28,45.6,157285.8,6.69,81.34,27.59,WATER
11.95,10.14,47.4,4.45,65.63,0.0,0.0,35.81,34.7,NOT_ABLE_TO_WATER
97.25,33.78,29.99,30.37,33.4,7277.19,0.17,52.28,33.39,EXCESS_WATER
9.53,37.81,39.03,39.16,39.34,157285.8,5.15,55.1,26.81,WATER
90.69,35.77,78.36,34.28,74.27,24921.12,0.23,92.54,38.37,ANOMALY_DETECTED
67.99,5.91,43.28,9.81,47.66,157285.8,0.09,66.9,24.0,LOW_TEMP_ALERT
42.25,10.38,34.14,6.73,33.18,0.0,0.0,45.06,34.83,LOW_TEMP_ALERT
65.2,15.67,76.1,14.3,84.87,45185.75,2.18,30.54,27.07,FUNGI_ALERT_EXCESS_WATER
30.01,38.16,56.56,36.35,59.45,157285.8,5.63,33.44,34.78,WATER
59.79,23.95,37.69,22.02,32.67,157285.8,0.06,55.1,32.6,OK
44.13,30.14,35.4,30.37,28.06,0.0,0.0,53.91,27.66,NIGHT_OK
96.25,38.06,21.19,37.87,33.56,0.0,0.0,81.81,24.0,FUNGI_ALERT_EXCESS_WATER
20.17,19.82,18.15,16.47,22.68,5155.93,0.59,14.26,nan,INSUFFICIENT_DATA
39.84,21.71,69.8,20.05,65.66,157285.8,0.07,75.05,34.64,NOT_ABLE_TO_WATER
39.91,32.66,57.55,33.45,66.82,1546.52,0.0,92.82,31.81,NOT_ABLE_TO_WATER
86.3,5.59,58.48,2.71,67.63,157285.8,6.2,14.49,34.3,EXCESS_WATER
75.21,22.3,43.46,22.03,58.88,0.0,0.0,11.13,24.79,FUNGI_ALERT_EXCESS_WATER
17.63,39.36,20.39,41.04,25.24,157285.8,5.01,20.03,29.01,WATER
49.69,18.66,35.5,17.4,48.96,157285.8,5.28,55.33,30.46,OK
43.26,10.75,25.54,8.06,28.88,50471.78,1.71,60.37,31.85,NOT_ABLE_TO_WATER
59.95,14.19,94.83,12.67,90.08,0.0,0.0,57.96,30.38,LOW_TEMP_ALERT
91.26,7.97,69.31,4.62,87.2,1121.02,0.31,92.26,25.88,LOW_TEMP_ALERT
60.43,10.35,61.31,8.92,58.29,157285.8,5.74,56.8,31.02,LOW_TEMP_ALERT
65.62,11.65,75.93,10.51,81.71,2588.9,0.0,62.67,27.43,LOW_TEMP_ALERT
8.88,27.71,55.04,25.11,66.91,0.0,0.0,74.83,31.51,NOT_ABLE_TO_WATER
50.44,18.94,52.22,18.34,57.26,0.0,0.0,49.98,30.34,NIGHT_OK
38.89,10.18,17.26,9.38,18.1,0.0,0.0,44.23,35.44,NOT_ABLE_TO_WATER
15.36,44.84,61.57,45.54,69.55,0.0,0.0,24.97,32.67,NOT_ABLE_TO_WATER
64.16,6.9,30.72,6.56,45.06,8778.52,0.5,68.84,32.97,LOW_TEMP_ALERT
12.26,19.81,16.03,15.37,22.46,157285.8,5.29,10.1,40.19,ANOMALY_DETECTED
35.34,18.93,75.62,18.92,94.62,0.0,0.0,59.27,27.58,NOT_ABLE_TO_WATER
3.38,14.97,60.96,13.01,73.61,0.0,0.0,18.02,31.24,NOT_ABLE_TO_WATER
47.34,10.06,48.7,11.24,55.78,0.0,0.0,49.51,31.45,LOW_TEMP_ALERT
91.5,43.65,17.71,42.31,30.95,0.0,0.0,94.28,25.41,HYDRIC_STRESS_ALERT
6.73,40.9,79.04,38.72,87.87,26876.75,1.1,36.27,24.0,NOT_ABLE_TO_WATER
10.47,23.75,92.26,23.83,96.87,117037.62,3.55,20.27,30.33,WATER
71.43,32.62,69.08,29.93,75.95,0.0,0.0,67.82,28.2,NIGHT_OK
43.53,5.79,59.24,4.43,nan,0.0,0.0,44.19,27.0,INSUFFICIENT_DATA
42.33,36.91,39.42,38.09,56.03,157285.8,4.03,28.28,28.78,EXCESS_WATER
38.1,14.46,33.18,12.65,16.36,28172.33,1.32,46.24,34.43,NOT_ABLE_TO_WATER
60.36,22.07,59.77,19.56,58.65,3073.75,0.0,65.22,35.22,LOW_LIGHT
59.56,9.69,42.07,7.92,33.54,157285.8,5.82,64.81,27.72,LOW_TEMP_ALERT
18.92,18.75,26.14,17.99,22.26,157285.8,5.16,14.98,28.63,WATER
77.65,36.08,33.03,34.71,39.3,0.0,0.0,83.29,27.43,NIGHT_OK
79.07,44.1,54.93,44.37,62.63,0.0,0.0,74.25,28.4,NOT_ABLE_TO_VENTILATE
47.99,26.55,66.97,22.04,81.28,0.0,0.0,43.78,31.54,NIGHT_OK
29.27,23.33,22.67,21.42,29.07,157285.8,5.59,35.68,28.89,WATER
48.0,38.27,92.67,37.03,95.68,3725.5,0.3,76.97,nan,INSUFFICIENT_DATA
22.37,16.36,45.01,17.52,40.33,157285.8,4.06,79.89,27.41,WATER
26.29,38.65,34.86,37.08,26.26,157285.8,5.32,29.11,29.39,WATER
45.99,23.13,59.53,20.83,71.98,157285.8,5.33,36.13,29.42,OK
94.06,14.02,87.36,14.99,83.74,647.83,0.04,14.21,29.77,FUNGI_ALERT_EXCESS_WATER
40.52,44.8,94.55,44.47,100.0,0.0,0.0,42.21,37.15,NOT_ABLE_TO_VENTILATE
10.24,20.77,40.8,18.61,37.88,36775.3,1.24,45.92,28.9,NOT_ABLE_TO_WATER
53.69,19.2,94.88,19.29,97.51,157285.8,5.29,52.86,29.14,OK
77.24,20.63,33.94,18.67,42.53,0.0,0.0,89.27,29.82,NIGHT_OK
76.38,13.33,49.88,11.43,38.73,157285.8,6.2,83.01,29.35,LOW_TEMP_ALERT
44.12,42.23,83.24,39.56,71.06,0.0,0.0,44.18,29.53,NOT_ABLE_TO_VENTILATE
42.76,34.36,27.84,33.29,35.81,0.0,0.0,87.64,26.38,NOT_ABLE_TO_WATER
92.19,24.69,69.56,25.14,76.02,0.0,0.0,49.95,26.13,FUNGI_ALERT_EXCESS_WATER
31.34,29.1,26.28,28.17,38.18,22699.22,0.44,40.87,28.59,NOT_ABLE_TO_WATER
33.04,7.99,55.37,4.15,61.58,0.0,0.0,39.22,29.42,NOT_ABLE_TO_WATER
61.53,31.85,88.84,30.95,97.91,0.0,0.0,81.29,39.55,NOT_ABLE_TO_WATER
19.94,34.47,31.29,29.17,46.24,107597.71,3.82,20.49,27.07,WATER
10.57,33.42,39.38,28.87,40.33,0.0,0.0,11.23,30.51,NOT_ABLE_TO_WATER
77.8,40.28,48.61,40.99,45.97,7872.42,0.02,78.26,30.29,NOT_ABLE_TO_VENTILATE
78.97,17.02,55.06,13.49,50.77,157285.8,4.44,64.96,27.34,EXCESS_WATER
90.51,39.34,78.25,38.24,81.29,0.0,0.0,86.16,32.57,NOT_ABLE_TO_VENTILATE
8.29,8.05,37.01,8.69,38.89,157285.8,5.34,16.41,26.0,WATER
23.76,13.71,53.0,12.48,70.6,0.0,0.0,29.56,27.31,NOT_ABLE_TO_WATER
51.62,40.65,22.68,38.12,20.37,9254.36,0.37,45.53,39.1,ANOMALY_DETECTED
80.12,11.87,62.89,13.34,68.62,0.0,0.0,75.2,28.62,LOW_TEMP_ALERT
77.82,11.75,67.17,13.54,89.88,157285.8,4.8,41.09,27.52,FUNGI_ALERT_EXCESS_WATER
28.03,9.92,50.23,10.46,60.85,0.0,0.0,30.78,31.16,NOT_ABLE_TO_WATER
32.66,20.56,21.21,19.67,23.54,150327.43,5.07,27.87,34.17,WATER
80.5,6.39,29.2,3.46,25.85,85413.26,3.56,15.9,31.82,EXCESS_WATER
41.18,nan,94.43,18.6,100.0,2451.65,0.15,45.83,24.0,INSUFFICIENT_DATA
66.25,31.32,25.72,26.35,40.25,157285.8,5.15,64.68,30.64,OK
36.59,30.44,78.03,30.21,75.27,0.0,0.0,66.37,34.61,NOT_ABLE_TO_WATER
92.03,31.29,26.27,32.96,35.94,85344.24,3.11,86.45,28.88,OK
61.81,35.5,25.86,30.09,22.69,0.0,0.0,41.96,28.96,FUNGI_ALERT_EXCESS_WATER
28.55,39.17,32.2,40.69,23.43,4403.75,0.43,24.98,33.91,NOT_ABLE_TO_WATER
58.15,34.0,30.28,34.0,23.41,0.0,0.0,61.22,29.6,NIGHT_OK
58.38,34.35,86.59,34.8,86.92,157285.8,5.55,93.45,32.75,WATER
60.8,28.02,58.5,27.57,62.98,43115.58,1.09,19.05,25.35,EXCESS_WATER
36.69,28.82,29.64,27.38,38.7,5023.78,0.05,41.1,30.13,NOT_ABLE_TO_WATER
11.89,25.65,24.59,21.09,35.96,157285.8,5.86,52.06,27.62,WATER
61.62,35.15,30.86,37.07,36.08,0.0,0.0,45.8,31.08,FUNGI_ALERT_EXCESS_WATER
47.38,18.82,71.83,16.77,66.52,0.0,0.0,41.5,30.51,NIGHT_OK
21.08,31.27,81.23,33.34,82.71,0.0,0.0,55.92,24.0,NOT_ABLE_TO_WATER
85.93,5.4,90.25,3.37,100.0,15077.71,0.0,92.0,26.53,LOW_TEMP_ALERT
22.81,21.71,91.58,21.91,83.43,0.0,0.0,85.58,26.53,NOT_ABLE_TO_WATER
10.46,20.06,93.46,21.21,94.82,0.0,0.0,49.27,28.89,NOT_ABLE_TO_WATER
45.4,40.91,29.3,37.56,28.38,0.0,0.0,36.05,29.63,HYDRIC_STRESS_ALERT
61.46,29.14,22.11,28.66,24.25,157285.8,4.64,69.29,24.38,OK
0.49,31.5,83.45,30.08,88.33,157285.8,4.63,18.51,36.31,WATER
53.35,37.55,80.37,35.56,90.22,157285.8,5.33,49.85,28.74,VENTILATE
38.58,26.98,41.15,23.55,43.28,20348.83,1.08,34.57,33.37,NOT_ABLE_TO_WATER
45.48,24.65,75.22,24.07,80.43,157285.8,5.11,49.16,25.4,OK
51.02,13.0,30.76,10.38,28.23,0.0,0.0,32.99,29.59,FUNGI_ALERT_EXCESS_WATER
31.1,40.89,25.99,36.88,25.58,2157.46,0.67,84.39,26.63,NOT_ABLE_TO_WATER
89.78,42.85,36.84,41.54,46.67,0.0,0.0,52.78,27.58,FUNGI_ALERT_EXCESS_WATER
89.8,21.25,43.34,20.29,50.87,26180.78,1.1,90.41,42.0,ANOMALY_DETECTED
67.75,40.13,40.5,38.82,40.06,8249.91,0.37,48.82,37.54,ANOMALY_DETECTED
8.71,35.8,22.69,32.39,25.2,79905.09,2.49,84.34,29.64,WATER
52.5,39.92,54.63,37.62,61.62,64102.83,3.45,53.03,27.47,VENTILATE
70.32,11.39,41.24,13.31,40.63,157285.8,6.14,66.32,28.89,LOW_TEMP_ALERT
63.36,15.22,47.04,9.32,49.1,157285.8,5.24,72.12,39.01,ANOMALY_DETECTED
57.98,28.01,65.51,29.45,79.88,157285.8,5.74,11.65,30.67,EXCESS_WATER
61.1,37.29,86.39,33.9,80.95,157285.8,4.99,57.94,30.54,OK
33.47,39.07,76.06,37.33,73.26,0.0,0.0,37.1,30.35,NOT_ABLE_TO_WATER
71.79,12.82,22.97,9.03,23.23,0.0,0.0,41.17,44.74,FUNGI_ALERT_EXCESS_WATER
37.13,34.03,75.46,31.43,82.51,0.0,0.0,35.36,28.42,NOT_ABLE_TO_WATER
56.61,6.9,43.45,3.8,50.25,157285.8,5.75,10.93,29.0,EXCESS_WATER
61.44,24.53,68.47,25.1,77.91,8909.46,0.03,40.26,29.04,EXCESS_WATER
10.97,8.13,37.75,5.11,49.36,157285.8,5.77,10.25,27.74,WATER
63.09,19.1,56.52,18.96,71.28,334.83,0.0,64.93,30.56,LOW_LIGHT
79.59,34.12,71.53,32.51,85.01,157285.8,0.05,77.07,32.92,OK
68.3,31.25,86.71,31.75,93.74,45063.87,1.18,76.84,31.71,OK
62.85,17.25,21.55,12.77,30.96,0.0,0.0,64.01,27.69,LOW_TEMP_ALERT
46.12,18.62,34.24,18.26,49.88,15914.83,0.53,57.95,27.95,NOT_ABLE_TO_WATER
93.31,41.42,31.66,35.25,26.16,0.0,0.0,88.39,31.27,NOT_ABLE_TO_VENTILATE
7.58,43.28,23.82,41.41,37.08,157285.8,5.63,12.83,28.69,WATER
92.89,29.08,51.05,27.04,56.5,157285.8,3.79,70.17,29.96,EXCESS_WATER
80.23,38.65,15.67,36.32,26.32,157285.8,5.85,79.9,27.81,HYDRIC_STRESS_ALERT
28.24,14.12,68.35,11.39,nan,0.0,0.0,86.34,24.0,INSUFFICIENT_DATA
47.96,18.81,55.72,21.01,51.97,0.0,0.0,45.75,31.2,NIGHT_OK
97.57,16.65,60.27,12.61,54.71,0.0,0.0,40.34,29.93,FUNGI_ALERT_EXCESS_WATER
28.39,39.7,43.61,38.81,40.96,157285.8,5.84,30.67,31.88,WATER
65.32,43.15,33.68,38.64,44.62,109899.89,3.12,65.6,27.34,VENTILATE
94.24,21.34,71.46,23.22,77.75,157285.8,6.27,19.92,43.74,ANOMALY_DETECTED
49.22,43.21,42.14,38.23,49.61,3663.07,0.16,84.53,26.81,NOT_ABLE_TO_WATER
39.08,43.78,55.24,38.56,58.03,30525.25,0.65,30.4,28.97,NOT_ABLE_TO_WATER
84.63,31.58,89.29,30.35,91.02,157285.8,5.72,19.86,34.68,FUNGI_ALERT_EXCESS_WATER
74.61,8.64,77.68,4.41,75.9,0.0,0.0,78.81,32.45,LOW_TEMP_ALERT
94.9,23.03,44.85,22.27,39.82,0.0,nan,41.47,26.34,INSUFFICIENT_DATA
84.57,36.14,91.5,34.35,95.96,144255.71,3.81,32.56,31.01,FUNGI_ALERT_EXCESS_WATER
41.0,22.5,42.73,20.87,41.26,78732.74,2.14,44.69,24.72,OK
12.83,39.91,69.99,37.86,63.87,119862.06,3.89,19.65,32.01,WATER
56.76,26.5,45.43,23.94,63.76,0.0,0.0,18.79,24.0,FUNGI_ALERT_EXCESS_WATER
99.35,16.19,32.7,16.04,46.25,157285.8,6.05,93.13,29.94,OK
57.5,25.94,60.09,23.64,73.66,157285.8,5.68,16.97,30.07,EXCESS_WATER
74.28,37.12,92.18,36.33,90.53,17210.15,0.77,67.5,29.38,NOT_ABLE_TO_VENTILATE
81.61,36.74,nan,35.2,76.57,8390.61,0.06,81.05,26.04,INSUFFICIENT_DATA
47.99,14.64,22.35,13.07,28.09,157285.8,4.54,46.27,31.98,LOW_TEMP_ALERT
94.84,7.69,29.86,6.37,35.44,0.0,0.0,15.66,28.06,FUNGI_ALERT_EXCESS_WATER
21.08,31.5,27.22,29.52,25.43,0.0,0.0,25.09,25.76,NOT_ABLE_TO_WATER
25.09,28.52,41.54,27.61,43.42,0.0,0.0,29.71,28.3,NOT_ABLE_TO_WATER
21.9,16.01,43.34,13.93,46.62,157285.8,0.02,22.34,26.68,NOT_ABLE_TO_WATER
15.77,12.02,72.67,12.08,87.21,0.0,0.0,71.19,30.68,NOT_ABLE_TO_WATER
17.28,31.43,20.84,32.41,15.76,157285.8,4.83,47.1,34.95,WATER
33.86,29.29,40.71,27.92,47.23,90829.93,3.14,25.22,30.13,WATER
15.06,13.99,89.26,13.5,100.0,0.0,0.0,67.49,34.12,NOT_ABLE_TO_WATER
71.25,20.91,24.69,17.78,30.85,157285.8,5.05,69.14,35.36,OK
56.87,8.06,86.75,2.47,94.78,3419.55,0.21,60.32,24.35,LOW_TEMP_ALERT
22.58,6.05,58.68,6.22,55.92,9468.18,0.0,27.97,25.64,NOT_ABLE_TO_WATER
46.95,9.75,35.76,7.87,25.87,44158.69,1.68,74.18,27.14,NOT_ABLE_TO_WATER
52.93,40.64,46.46,39.01,38.9,0.0,0.0,55.54,31.96,NOT_ABLE_TO_VENTILATE
33.21,11.93,37.32,8.1,41.36,0.0,0.0,30.3,25.53,NOT_ABLE_TO_WATER
68.13,39.16,24.34,36.01,22.12,0.0,0.0,72.68,32.86,HYDRIC_STRESS_ALERT
72.6,25.22,39.38,23.6,40.2,157285.8,5.57,59.6,29.55,EXCESS_WATER
29.99,23.92,20.84,26.47,25.25,5032.32,0.13,36.01,30.63,NOT_ABLE_TO_WATER
4.27,14.87,47.14,13.36,48.07,3847.08,0.0,43.42,33.43,NOT_ABLE_TO_WATER
61.25,19.18,26.93,16.76,57.56,157285.8,4.97,90.23,24.23,WATER
53.01,43.55,86.64,43.35,88.12,0.0,0.0,60.37,33.2,NOT_ABLE_TO_VENTILATE
71.53,15.43,36.3,15.38,34.9,21028.01,0.68,75.67,45.1,ANOMALY_DETECTED
57.28,5.29,70.98,1.77,75.55,0.0,0.0,55.87,43.94,LOW_TEMP_ALERT
68.23,36.63,87.84,33.77,87.61,0.0,0.0,34.23,25.08,FUNGI_ALERT_EXCESS_WATER
11.53,30.13,85.3,28.32,91.1,157285.8,5.58,69.13,30.38,WATER
4.3,8.16,51.97,13.79,55.12,0.0,0.0,85.19,40.3,NOT_ABLE_TO_WATER
26.99,42.76,72.28,39.09,62.36,157285.8,5.91,28.54,26.1,WATER
84.56,34.48,57.32,30.27,67.23,0.0,0.0,14.04,29.57,FUNGI_ALERT_EXCESS_WATER
39.59,11.41,69.9,11.43,73.22,152990.49,5.18,15.98,33.72,WATER
31.7,5.12,42.84,0.0,31.31,1883.38,0.0,28.48,28.54,NOT_ABLE_TO_WATER
33.36,6.65,85.02,6.62,97.67,157285.8,3.91,38.7,36.49,WATER
85.34,11.65,84.7,11.88,98.6,0.0,0.0,28.98,34.06,FUNGI_ALERT_EXCESS_WATER
58.3,14.37,53.16,15.43,64.04,0.0,0.0,61.0,32.51,NIGHT_OK
25.93,17.47,52.75,15.88,63.89,0.0,0.0,52.03,25.02,NOT_ABLE_TO_WATER
68.26,16.76,15.57,18.33,26.33,0.0,0.0,61.96,27.89,NIGHT_OK
21.74,39.42,47.8,38.85,54.95,0.0,0.0,26.61,31.1,NOT_ABLE_TO_WATER
82.32,13.83,40.22,12.2,38.75,157285.8,4.81,80.23,38.82,ANOMALY_DETECTED
75.38,7.55,77.42,8.52,73.07,157285.8,5.3,72.34,28.6,LOW_TEMP_ALERT
18.99,13.12,77.19,12.92,78.53,0.0,0.0,93.53,29.02,NOT_ABLE_TO_WATER
75.35,24.11,43.64,23.19,51.92,0.0,0.0,83.45,34.68,NIGHT_OK
41.11,16.85,43.54,14.51,49.15,71924.37,1.96,33.19,28.41,LOW_TEMP_ALERT
91.81,27.33,63.87,24.63,68.19,157285.8,4.86,12.78,32.08,EXCESS_WATER
55.49,5.47,47.33,3.95,38.46,65675.1,2.34,88.64,31.81,WATER
77.17,41.48,20.02,38.91,12.39,157285.8,0.08,30.29,34.84,EXCESS_WATER
10.8,43.2,36.07,40.04,40.1,0.0,0.0,16.79,31.11,NOT_ABLE_TO_WATER
55.23,42.28,46.44,44.0,54.29,0.0,0.0,56.4,31.13,NOT_ABLE_TO_VENTILATE
82.09,16.76,71.71,13.18,73.56,0.0,0.0,70.86,34.27,FUNGI_ALERT_EXCESS_WATER
63.57,34.06,25.22,33.46,23.7,46383.68,2.34,58.85,30.5,OK
36.19,35.31,70.88,33.36,100.0,0.0,0.0,29.73,35.33,NOT_ABLE_TO_WATER
47.71,15.88,76.66,15.26,71.54,157285.8,5.04,53.12,28.62,OK
69.88,25.44,81.95,24.99,89.94,46833.76,2.0,73.23,44.79,ANOMALY_DETECTED
34.42,26.23,89.85,21.26,69.03,157285.8,5.27,23.61,28.81,WATER
36.7,7.95,72.63,3.94,84.87,157285.8,5.1,72.05,27.81,WATER
24.57,44.57,41.59,41.22,48.47,0.0,0.0,40.26,29.17,NOT_ABLE_TO_WATER
17.73,21.64,52.35,18.7,54.16,0.0,0.0,25.03,31.18,NOT_ABLE_TO_WATER
46.06,29.72,67.16,30.4,72.77,157285.8,4.89,55.14,33.4,OK
70.25,30.92,36.09,27.02,39.96,0.0,0.0,67.15,33.51,NIGHT_OK
100.0,18.81,30.32,18.6,32.78,0.0,0.0,92.03,31.88,NIGHT_OK
85.12,33.25,70.61,31.59,71.2,0.0,0.0,74.26,33.77,FUNGI_ALERT_EXCESS_WATER
91.11,31.89,89.52,30.99,93.19,74927.38,1.93,87.43,25.95,OK
17.6,39.5,70.21,39.03,64.63,157285.8,5.1,17.74,25.02,WATER
42.06,9.25,52.54,9.04,60.96,0.0,0.0,48.59,24.38,LOW_TEMP_ALERT
60.05,7.33,39.12,7.37,43.53,6375.51,0.47,57.4,35.82,LOW_TEMP_ALERT
30.92,21.96,64.8,19.29,64.55,22278.76,0.59,48.94,27.9,NOT_ABLE_TO_WATER
46.57,11.59,65.19,11.45,59.1,31671.22,1.46,37.17,32.13,LOW_TEMP_ALERT
47.74,35.35,56.77,31.54,59.76,157285.8,5.89,47.65,27.96,OK
99.53,17.46,54.39,16.49,65.17,0.0,0.0,82.44,27.38,FUNGI_ALERT_EXCESS_WATER
12.79,23.96,35.44,19.24,36.67,0.0,0.0,21.59,28.39,NOT_ABLE_TO_WATER
58.06,17.3,52.68,17.94,62.46,157285.8,0.05,58.93,30.4,OK
83.88,33.87,32.65,29.98,40.77,6102.98,0.0,87.92,33.91,LOW_LIGHT
0.56,11.52,82.56,10.87,74.98,96561.42,3.35,10.73,36.67,WATER
24.45,34.03,88.95,34.4,100.0,0.0,0.0,16.35,33.28,NOT_ABLE_TO_WATER
7.87,38.5,79.68,38.76,78.04,0.0,0.0,19.1,34.53,NOT_ABLE_TO_WATER
43.47,29.39,50.54,28.73,56.42,3638.21,0.54,44.07,34.9,LOW_LIGHT
79.55,21.55,44.52,20.92,58.92,0.0,0.0,41.9,30.81,FUNGI_ALERT_EXCESS_WATER
64.65,23.52,72.49,25.11,83.68,2761.19,0.29,61.57,33.03,LOW_LIGHT
89.48,5.68,92.28,7.11,99.64,0.0,0.0,88.86,32.69,LOW_TEMP_ALERT
19.19,28.36,37.67,27.23,43.35,3119.55,0.0,78.62,27.92,NOT_ABLE_TO_WATER
8.29,34.64,34.86,31.54,38.82,0.0,0.0,18.58,31.42,NOT_ABLE_TO_WATER
32.67,18.03,30.72,13.83,36.19,157285.8,5.72,23.07,28.22,WATER
68.24,38.14,69.09,33.78,74.36,81593.33,2.92,72.95,31.02,VENTILATE
85.31,40.07,41.03,33.21,29.93,9740.41,0.95,55.69,37.68,ANOMALY_DETECTED
56.6,23.67,60.41,20.91,71.18,72952.02,1.82,60.14,28.83,OK
54.9,35.21,42.39,33.02,54.0,0.0,0.0,54.24,31.98,NIGHT_OK
88.77,34.64,31.78,30.51,34.68,157285.8,0.07,75.63,31.94,EXCESS_WATER
46.82,35.98,67.52,34.63,68.51,11104.18,0.29,28.56,27.64,EXCESS_WATER
17.15,30.52,20.06,27.97,23.76,0.0,0.0,70.53,28.46,NOT_ABLE_TO_WATER
20.31,13.74,38.61,13.26,38.85,0.0,0.0,18.6,32.21,NOT_ABLE_TO_WATER
18.9,9.49,39.93,6.54,43.36,0.0,0.0,16.89,26.79,NOT_ABLE_TO_WATER
58.87,8.76,80.27,3.73,81.66,157285.8,4.97,47.52,31.27,FUNGI_ALERT_EXCESS_WATER
41.74,26.9,72.92,24.17,77.82,0.0,0.0,76.71,29.06,NOT_ABLE_TO_WATER
96.05,15.41,93.42,16.12,94.0,157285.8,5.31,91.77,45.5,ANOMALY_DETECTED
65.02,25.98,35.04,23.6,39.42,0.0,0.0,64.0,32.31,NIGHT_OK
48.48,29.98,20.69,28.08,31.4,157285.8,6.15,41.35,29.62,OK
21.54,42.98,92.29,41.34,89.58,157285.8,4.96,83.16,24.0,WATER
45.06,10.43,55.74,9.05,nan,0.0,0.0,56.68,31.89,INSUFFICIENT_DATA
41.46,30.77,86.43,25.23,97.77,157285.8,5.55,31.39,30.03,FUNGI_ALERT_EXCESS_WATER
63.62,38.49,63.17,35.09,80.99,157285.8,4.5,68.72,29.0,VENTILATE
65.98,26.24,91.17,27.27,100.0,0.0,0.0,54.7,29.88,FUNGI_ALERT_EXCESS_WATER
28.23,10.71,94.52,9.66,100.0,3838.37,0.29,24.44,29.12,NOT_ABLE_TO_WATER
71.18,14.78,70.11,11.87,84.36,109080.74,4.63,82.39,37.06,ANOMALY_DETECTED
22.58,11.16,46.0,8.44,39.05,136776.32,4.28,83.16,27.52,WATER
26.47,16.36,29.26,12.84,49.68,157285.8,5.38,26.49,27.6,WATER
60.58,7.07,85.81,7.27,75.4,157285.8,4.13,50.2,28.21,FUNGI_ALERT_EXCESS_WATER
71.38,5.62,84.65,6.46,95.25,14767.75,0.31,71.65,24.8,LOW_TEMP_ALERT
43.63,38.04,21.07,34.01,31.53,157285.8,5.69,47.56,27.13,HYDRIC_STRESS_ALERT
16.87,32.42,67.86,28.3,79.26,157285.8,5.51,24.17,34.3,WATER
52.02,15.47,31.24,13.88,25.76,0.0,0.0,48.98,32.32,LOW_TEMP_ALERT
51.77,37.01,91.31,33.3,90.37,18124.04,0.76,65.18,27.12,NOT_ABLE_TO_WATER
56.98,39.25,70.71,41.7,75.06,0.0,0.0,57.22,33.93,NOT_ABLE_TO_VENTILATE
42.42,27.63,50.74,24.27,42.18,0.0,0.0,48.63,31.4,NIGHT_OK
9.08,8.15,61.67,8.77,63.99,0.0,0.0,17.87,24.58,NOT_ABLE_TO_WATER
51.44,31.8,42.12,33.05,42.5,0.0,0.0,57.16,32.52,NIGHT_OK
26.83,35.08,36.19,35.49,45.72,3794.32,0.05,32.33,26.4,NOT_ABLE_TO_WATER
51.11,38.17,85.84,35.31,nan,28129.83,0.91,70.34,28.46,INSUFFICIENT_DATA
34.47,39.23,69.63,37.09,71.73,157285.8,6.26,22.76,36.29,WATER
84.0,38.72,77.96,36.25,72.66,7394.26,0.34,85.8,42.91,ANOMALY_DETECTED
32.44,38.48,36.14,35.15,25.33,4682.01,0.13,30.79,31.75,NOT_ABLE_TO_WATER
29.03,18.52,46.06,19.63,49.63,157285.8,5.86,26.34,26.75,WATER
46.25,35.84,31.51,36.56,37.92,3018.45,0.27,50.86,29.75,NOT_ABLE_TO_VENTILATE
7.94,15.67,25.55,13.97,34.29,0.0,0.0,11.12,32.69,NOT_ABLE_TO_WATER
70.44,6.31,59.44,7.38,74.72,0.0,0.0,14.47,31.75,FUNGI_ALERT_EXCESS_WATER
61.27,13.01,72.44,9.33,79.12,157285.8,6.34,57.3,25.5,LOW_TEMP_ALERT
71.57,17.93,30.37,13.61,36.91,157285.8,5.53,90.97,33.56,WATER
28.95,29.7,61.07,24.79,67.61,146772.34,5.35,32.89,27.08,WATER
76.68,14.0,71.43,13.17,71.66,0.0,0.0,73.47,33.39,LOW_TEMP_ALERT
32.81,30.23,30.17,28.14,40.8,0.0,0.0,56.28,30.15,NOT_ABLE_TO_WATER
84.36,23.21,nan,23.13,100.0,157285.8,4.94,42.68,30.43,INSUFFICIENT_DATA
65.19,28.18,22.57,26.27,35.59,57218.38,1.77,58.01,24.17,OK
12.17,30.42,25.28,28.0,36.13,0.0,0.0,93.13,33.62,NOT_ABLE_TO_WATER
74.1,11.48,34.95,6.84,32.28,0.0,0.0,59.69,34.45,FUNGI_ALERT_EXCESS_WATER
84.96,27.67,78.81,25.92,90.34,0.0,0.0,26.49,37.95,FUNGI_ALERT_EXCESS_WATER
21.59,24.1,92.89,25.67,88.88,157285.8,5.53,22.91,30.13,WATER
93.0,32.59,47.93,30.55,54.75,0.0,0.0,89.28,38.91,NIGHT_OK
49.52,37.3,59.02,34.09,71.31,536.13,0.64,47.15,34.39,LOW_LIGHT
50.55,39.7,64.22,40.36,72.54,0.0,0.0,47.74,32.15,NOT_ABLE_TO_VENTILATE
9.49,39.41,49.74,42.11,61.25,0.0,0.0,70.19,28.05,NOT_ABLE_TO_WATER
33.45,23.85,69.2,20.85,68.13,0.0,0.0,37.17,42.49,NOT_ABLE_TO_WATER
73.91,22.84,68.54,20.74,86.84,157285.8,5.09,64.93,24.0,OK
7.07,42.6,88.34,40.81,100.0,157285.8,6.11,16.37,39.35,ANOMALY_DETECTED
25.81,14.73,57.65,14.34,58.23,53781.48,2.27,22.85,27.58,WATER
58.37,19.57,44.31,15.59,47.99,9832.81,0.0,71.61,30.88,NOT_ABLE_TO_WATER
28.85,21.0,32.3,22.93,41.44,157285.8,5.93,32.32,35.78,WATER
57.27,15.94,78.19,12.36,90.14,157285.8,6.13,80.44,28.68,WATER
51.28,41.83,26.77,38.8,40.64,157285.8,4.93,44.77,31.33,HYDRIC_STRESS_ALERT
22.0,21.67,25.73,18.23,28.22,0.0,0.0,23.76,35.1,NOT_ABLE_TO_WATER
56.52,32.01,49.1,30.11,53.63,0.0,0.0,56.37,31.74,NIGHT_OK
33.81,6.84,81.97,4.5,86.52,157285.8,4.71,42.37,24.43,WATER
42.96,23.13,72.67,19.56,78.99,157285.8,5.75,42.67,29.21,OK
90.01,6.96,63.24,8.07,59.54,157285.8,5.51,94.66,31.51,LOW_TEMP_ALERT
63.91,9.14,77.17,9.61,73.82,157285.8,5.1,29.4,27.27,FUNGI_ALERT_EXCESS_WATER
78.75,7.35,28.62,8.43,38.2,157285.8,5.89,75.85,28.31,LOW_TEMP_ALERT
84.89,29.02,70.23,27.5,70.92,157285.8,5.94,57.74,26.4,FUNGI_ALERT_EXCESS_WATER
45.78,38.78,47.9,40.72,60.87,157285.8,4.75,39.6,36.76,VENTILATE
20.9,26.71,65.67,25.05,71.73,4721.81,0.52,18.7,32.93,NOT_ABLE_TO_WATER
83.28,28.42,77.91,25.1,84.59,157285.8,4.71,90.55,24.92,OK
11.58,27.68,58.54,23.52,55.54,42992.29,1.93,13.14,31.33,NOT_ABLE_TO_WATER
72.81,11.0,35.28,12.88,57.5,157285.8,5.53,48.61,29.47,EXCESS_WATER
60.8,35.14,23.91,32.55,32.37,157285.8,6.27,75.44,32.42,WATER
39.04,40.39,20.68,43.74,19.68,1209.83,0.0,38.13,26.23,NOT_ABLE_TO_WATER
87.99,16.29,37.24,12.14,44.83,157285.8,4.64,66.33,30.24,EXCESS_WATER
89.67,19.9,90.83,19.74,86.68,0.0,0.0,88.53,32.43,NIGHT_OK
27.29,5.9,27.48,3.07,27.07,0.0,0.0,32.41,28.42,NOT_ABLE_TO_WATER
28.04,17.69,25.58,14.81,34.64,157285.8,4.86,33.87,27.85,WATER
30.31,16.9,27.57,16.69,26.67,6149.74,0.48,27.41,32.89,NOT_ABLE_TO_WATER
48.05,13.54,60.84,12.53,64.69,0.0,0.0,52.19,29.41,LOW_TEMP_ALERT
26.93,18.56,29.57,17.0,nan,102513.89,3.07,52.1,26.02,INSUFFICIENT_DATA
59.25,25.18,35.88,25.1,53.4,3049.66,0.0,49.08,43.23,ANOMALY_DETECTED
46.44,19.88,91.24,17.33,87.38,157285.8,4.93,46.32,29.93,OK
22.41,6.65,27.82,6.25,37.06,0.0,0.0,22.28,33.26,NOT_ABLE_TO_WATER
63.76,5.36,60.34,5.36,85.55,0.0,0.0,66.51,32.25,LOW_TEMP_ALERT
58.78,10.24,85.95,6.43,89.58,0.0,0.0,65.19,25.27,LOW_TEMP_ALERT
59.04,10.04,16.29,12.29,18.35,7024.66,0.36,57.92,27.87,LOW_TEMP_ALERT
58.25,22.96,88.75,23.63,94.92,22043.58,0.39,58.24,32.16,OK
22.25,42.85,87.88,39.39,71.97,39882.94,1.35,35.78,37.67,ANOMALY_DETECTED
59.93,10.17,25.9,10.28,36.66,157285.8,4.91,63.58,26.81,LOW_TEMP_ALERT
14.38,21.01,48.61,23.95,41.9,101431.71,3.41,79.68,28.55,WATER
59.94,28.6,37.93,24.33,40.02,157285.8,5.15,57.49,24.0,OK
33.28,23.0,74.35,17.58,82.93,157285.8,5.48,34.37,37.17,ANOMALY_DETECTED
56.93,28.12,36.5,22.25,42.08,157285.8,5.62,57.68,24.0,OK
63.39,6.48,35.81,4.42,43.42,157285.8,4.81,17.63,31.95,EXCESS_WATER
5.87,28.17,35.88,27.68,29.89,134150.94,4.99,17.78,27.15,WATER
48.67,15.55,27.61,18.43,40.4,157257.22,4.39,44.11,34.05,OK
1.87,6.51,49.58,4.92,49.11,98421.14,2.72,58.76,30.95,WATER
28.18,6.5,80.27,7.58,74.17,0.0,0.0,25.44,28.97,NOT_ABLE_TO_WATER
63.96,24.19,94.17,23.18,92.5,2249.95,0.22,61.32,35.53,LOW_LIGHT
97.04,34.22,75.3,30.64,88.86,7001.95,0.11,54.78,27.42,FUNGI_ALERT_EXCESS_WATER
12.22,26.43,25.14,27.96,23.07,918.69,0.0,17.35,28.42,NOT_ABLE_TO_WATER
77.43,34.29,71.61,29.81,76.08,0.0,0.0,82.65,26.4,NIGHT_OK
35.42,14.06,83.27,13.76,97.48,0.0,0.0,40.8,30.63,NOT_ABLE_TO_WATER
28.54,35.33,57.26,35.76,72.45,0.0,0.0,33.33,28.58,NOT_ABLE_TO_WATER
8.59,34.05,87.12,31.71,93.73,157285.8,5.99,29.14,37.22,ANOMALY_DETECTED
37.6,5.62,68.13,6.11,68.92,3259.28,0.26,21.79,31.95,NOT_ABLE_TO_WATER
33.34,39.07,82.19,34.88,80.11,0.0,0.0,35.02,24.11,NOT_ABLE_TO_WATER
45.02,32.38,18.26,27.94,10.35,157285.8,4.8,44.6,27.39,OK
51.34,7.33,62.33,5.3,61.87,19360.59,0.65,39.78,34.98,EXCESS_WATER
29.16,38.41,80.97,36.59,68.38,157285.8,5.86,21.87,32.4,WATER
26.98,42.67,62.47,43.39,64.99,42163.59,1.69,30.82,37.34,ANOMALY_DETECTED
93.21,34.7,30.47,34.07,41.14,0.0,0.0,80.16,31.79,FUNGI_ALERT_EXCESS_WATER
83.36,30.57,60.41,28.96,78.27,14059.81,0.61,89.66,32.44,OK
12.17,34.29,43.76,34.58,51.54,56367.43,1.75,19.45,24.9,NOT_ABLE_TO_WATER
81.38,20.5,47.93,17.62,54.75,157285.8,5.1,41.71,27.83,EXCESS_WATER
28.95,40.45,25.87,40.04,41.82,0.0,0.0,29.12,27.78,NOT_ABLE_TO_WATER
73.26,12.12,61.19,13.0,75.28,157285.8,5.23,68.66,27.77,LOW_TEMP_ALERT
50.26,11.59,38.44,12.72,37.97,157285.8,5.29,19.58,32.09,EXCESS_WATER
88.0,25.79,94.51,26.21,99.63,9182.79,0.45,86.33,28.23,LOW_LIGHT
58.77,8.06,21.9,8.47,13.86,157285.8,5.72,63.07,32.57,LOW_TEMP_ALERT
60.77,21.85,54.72,20.91,60.88,0.0,0.0,59.09,28.17,NIGHT_OK
89.79,36.68,48.5,35.64,73.54,0.0,0.0,79.83,28.86,NIGHT_OK
82.3,9.76,52.67,11.4,61.6,19046.17,0.0,59.73,24.0,EXCESS_WATER
88.86,42.49,44.82,40.69,61.41,45161.32,1.28,34.92,29.11,EXCESS_WATER
30.28,20.82,53.03,19.72,43.1,157285.8,4.85,27.15,28.15,WATER
72.58,23.95,29.14,20.15,18.99,0.0,0.0,74.66,29.84,NIGHT_OK
30.53,32.05,66.86,25.6,70.92,0.0,0.0,37.88,27.77,NOT_ABLE_TO_WATER
29.93,31.26,79.22,31.77,92.86,0.0,0.0,33.14,28.48,NOT_ABLE_TO_WATER
11.12,16.91,67.17,14.79,75.31,5445.81,0.88,15.03,29.76,NOT_ABLE_TO_WATER
20.65,14.66,31.25,12.75,42.22,0.0,0.0,24.21,31.47,NOT_ABLE_TO_WATER
28.67,14.62,24.09,11.8,28.96,157285.8,5.03,78.85,27.07,WATER
57.31,43.68,44.91,38.58,56.59,157285.8,5.15,33.61,29.41,EXCESS_WATER
45.77,17.58,31.51,19.01,23.03,0.0,0.0,48.18,44.75,NIGHT_OK
61.82,39.17,49.16,36.81,38.2,996.4,0.0,58.54,32.84,NOT_ABLE_TO_VENTILATE
88.17,9.89,67.67,9.28,73.53,0.0,0.0,89.4,36.55,LOW_TEMP_ALERT
46.15,35.14,79.67,33.39,83.99,157285.8,5.53,43.25,31.54,OK
90.99,8.27,82.92,5.06,91.37,157285.8,5.88,89.25,30.68,LOW_TEMP_ALERT
52.42,32.24,38.39,35.85,50.06,34883.16,1.59,51.66,36.28,OK
93.32,36.94,41.97,31.87,49.76,157285.8,5.09,16.42,24.0,EXCESS_WATER
86.32,10.32,49.44,5.99,44.53,0.0,0.0,88.58,32.37,LOW_TEMP_ALERT
44.44,40.28,90.22,36.6,86.0,9063.35,0.7,50.75,30.88,NOT_ABLE_TO_VENTILATE
45.89,17.1,17.8,13.78,25.76,0.0,0.0,35.41,24.51,FUNGI_ALERT_EXCESS_WATER
53.12,44.66,83.86,46.46,90.59,0.0,0.0,60.37,29.85,NOT_ABLE_TO_VENTILATE
94.03,25.57,86.93,27.14,97.91,157285.8,5.25,94.76,25.48,OK
89.22,7.69,41.11,4.34,44.7,104741.65,0.12,87.18,32.74,LOW_TEMP_ALERT
40.56,30.93,90.81,29.48,92.99,135796.44,4.32,48.57,31.3,OK
99.4,29.93,39.17,26.93,48.35,0.0,0.0,29.81,24.0,FUNGI_ALERT_EXCESS_WATER
63.41,20.42,nan,20.14,89.74,0.0,0.0,73.67,26.23,INSUFFICIENT_DATA
8.74,39.05,57.17,39.12,64.84,0.0,0.0,10.18,26.71,NOT_ABLE_TO_WATER
14.94,22.11,71.81,19.5,95.71,0.0,0.0,12.14,30.71,NOT_ABLE_TO_WATER
63.51,21.57,15.42,16.93,23.11,0.0,0.0,70.64,24.0,NIGHT_OK
86.87,43.91,31.34,43.87,40.94,0.0,0.0,94.59,30.73,NOT_ABLE_TO_VENTILATE
33.52,25.92,41.52,23.69,43.79,94083.58,3.73,44.09,24.2,WATER
81.8,7.33,16.51,6.86,17.63,157285.8,5.5,74.15,nan,INSUFFICIENT_DATA
35.18,7.33,48.41,2.84,60.29,9655.73,0.09,38.17,36.1,NOT_ABLE_TO_WATER
19.44,34.71,40.24,29.72,37.68,0.0,0.0,23.68,35.64,NOT_ABLE_TO_WATER
83.78,39.01,42.08,35.31,38.73,0.0,0.0,85.06,35.59,NOT_ABLE_TO_VENTILATE
68.18,29.42,20.19,28.52,13.41,0.0,0.0,62.16,27.83,NIGHT_OK
71.79,41.77,47.32,42.75,49.38,0.0,0.0,75.76,31.23,NOT_ABLE_TO_VENTILATE
56.11,16.51,41.92,16.06,44.34,157285.8,4.43,29.54,29.74,EXCESS_WATER
48.94,6.5,19.84,6.72,30.2,15022.06,0.35,90.41,28.8,NOT_ABLE_TO_WATER
37.23,5.73,22.31,2.94,24.31,157285.8,4.41,36.73,32.99,WATER
77.41,14.62,58.98,11.93,58.49,0.0,0.0,33.21,30.09,FUNGI_ALERT_EXCESS_WATER
59.56,44.17,37.62,42.53,34.72,0.0,0.0,44.0,32.44,FUNGI_ALERT_EXCESS_WATER
68.85,8.5,50.19,11.93,54.48,0.0,0.0,56.59,28.24,FUNGI_ALERT_EXCESS_WATER
71.07,9.63,93.74,9.18,100.0,617.23,0.0,13.64,33.89,FUNGI_ALERT_EXCESS_WATER
24.36,30.74,57.77,31.67,54.29,5145.4,0.93,15.33,26.0,NOT_ABLE_TO_WATER
48.71,25.86,62.8,26.52,77.45,132102.38,4.55,23.71,28.6,EXCESS_WATER
29.18,35.57,23.67,33.81,18.26,157285.8,5.97,35.56,29.17,WATER
30.47,25.03,34.14,21.73,43.98,4336.08,0.0,11.64,28.57,NOT_ABLE_TO_WATER
45.25,22.38,66.89,19.98,74.99,1690.92,0.47,49.67,25.84,LOW_LIGHT
54.33,28.03,26.85,27.19,41.64,157285.8,4.7,31.36,31.08,EXCESS_WATER
44.54,33.96,47.44,33.96,54.17,0.0,0.0,51.66,26.46,NIGHT_OK
76.64,33.73,58.88,30.74,50.89,157285.8,4.89,74.84,32.01,OK
98.75,38.31,62.89,36.62,71.32,0.0,0.0,19.18,27.73,FUNGI_ALERT_EXCESS_WATER
99.08,14.2,37.49,8.87,51.18,157285.8,4.93,30.18,35.95,EXCESS_WATER
40.31,35.19,55.06,32.78,61.73,0.0,0.0,43.16,31.84,NIGHT_OK
48.72,18.86,61.79,16.05,62.55,19334.63,0.62,49.18,35.6,OK
97.15,28.21,47.63,29.51,52.34,0.0,0.0,94.1,28.65,NIGHT_OK
86.56,27.44,59.28,23.36,72.37,48911.83,2.01,86.59,34.04,OK
70.34,12.6,23.66,15.54,31.4,103032.32,3.76,23.54,27.47,EXCESS_WATER
26.68,22.7,79.72,23.5,79.42,0.0,0.0,52.69,33.73,NOT_ABLE_TO_WATER
73.73,27.74,46.19,23.57,60.38,0.0,0.0,74.92,44.14,NIGHT_OK
24.84,42.61,30.55,37.0,26.5,157285.8,5.93,31.67,35.19,WATER
82.4,7.72,89.87,4.73,88.69,73167.93,2.85,86.38,31.28,LOW_TEMP_ALERT
41.55,30.03,60.51,25.31,68.4,0.0,0.0,39.18,30.07,NIGHT_OK
3.97,30.84,72.69,29.98,88.61,0.0,0.0,12.29,36.52,NOT_ABLE_TO_WATER
60.77,44.2,17.52,41.71,29.03,157285.8,4.9,62.09,24.77,HYDRIC_STRESS_ALERT
87.89,24.57,79.66,25.77,100.0,12563.61,0.0,29.44,45.64,ANOMALY_DETECTED
50.75,38.62,42.3,35.27,64.11,157285.8,5.3,45.67,29.93,VENTILATE
36.46,24.42,79.2,21.22,81.47,0.0,0.0,47.4,29.99,NOT_ABLE_TO_WATER
81.57,6.58,16.1,8.25,30.32,157285.8,5.23,73.66,43.18,ANOMALY_DETECTED
42.58,41.31,86.39,41.5,94.19,0.0,0.0,43.61,33.65,NOT_ABLE_TO_VENTILATE
98.09,41.42,87.77,39.74,100.0,0.0,0.0,49.42,28.49,FUNGI_ALERT_EXCESS_WATER
22.55,21.43,89.62,17.3,89.59,0.0,0.0,34.98,28.02,NOT_ABLE_TO_WATER
52.05,17.39,84.99,18.43,91.02,103993.94,3.7,52.17,43.94,ANOMALY_DETECTED
6.87,30.91,27.47,31.12,29.23,65830.5,1.74,38.39,33.15,NOT_ABLE_TO_WATER
14.19,39.18,38.76,37.02,43.09,0.0,0.0,18.97,26.56,NOT_ABLE_TO_WATER
71.48,11.49,27.16,10.0,51.31,157285.8,5.42,77.89,31.0,LOW_TEMP_ALERT
24.27,5.15,48.88,0.65,59.85,5770.79,0.71,52.46,31.6,NOT_ABLE_TO_WATER
25.96,27.23,66.46,25.89,64.64,0.0,0.0,54.58,24.0,NOT_ABLE_TO_WATER
17.49,26.91,54.16,24.37,53.37,157285.8,4.52,88.85,29.52,WATER
58.38,11.81,18.18,8.54,32.3,0.0,0.0,61.66,31.4,LOW_TEMP_ALERT
81.87,20.32,34.21,20.52,42.85,0.0,0.0,88.89,29.99,NIGHT_OK
67.43,32.76,90.53,32.28,100.0,0.0,0.0,66.38,36.34,NIGHT_OK
44.33,29.69,63.25,29.14,72.17,41011.31,1.3,43.38,34.54,OK
76.26,35.6,82.46,33.58,82.59,0.0,0.0,73.96,38.7,NIGHT_OK
60.08,41.32,38.29,38.46,36.63,0.0,0.0,57.54,42.96,NOT_ABLE_TO_VENTILATE
30.14,14.63,42.38,12.06,39.7,0.0,0.0,54.61,27.96,NOT_ABLE_TO_WATER
96.28,6.31,64.54,4.04,72.45,157285.8,6.28,57.76,29.53,EXCESS_WATER
7.94,31.89,28.0,29.19,31.03,6841.37,0.14,37.98,29.69,NOT_ABLE_TO_WATER
22.34,8.67,32.3,9.94,35.75,157285.8,4.59,88.59,30.17,WATER
29.82,36.24,94.7,33.35,95.86,0.0,0.0,78.38,30.71,NOT_ABLE_TO_WATER
56.58,23.47,40.66,21.78,53.77,0.0,0.0,76.9,39.33,NOT_ABLE_TO_WATER
71.63,34.19,23.64,35.25,25.36,152857.37,4.52,42.7,43.85,ANOMALY_DETECTED
83.57,18.62,27.39,16.29,26.22,44052.51,2.39,84.8,31.36,OK
48.83,28.24,70.1,26.49,81.56,0.0,0.0,54.79,nan,INSUFFICIENT_DATA
84.79,9.21,76.13,8.11,87.93,11634.35,0.87,91.89,32.26,LOW_TEMP_ALERT
71.54,41.88,79.52,41.12,88.93,10436.9,0.1,45.37,28.78,FUNGI_ALERT_EXCESS_WATER
86.84,8.83,68.37,8.09,59.34,0.0,0.0,86.81,27.91,LOW_TEMP_ALERT
49.25,18.9,30.4,17.44,26.99,157285.8,5.43,41.0,26.24,OK
39.37,6.96,65.53,6.4,56.93,0.0,0.0,49.75,29.51,NOT_ABLE_TO_WATER
72.85,18.68,86.07,17.92,100.0,0.0,0.0,71.58,33.07,NIGHT_OK
90.09,38.58,88.5,38.01,96.01,157285.8,5.52,88.16,35.85,VENTILATE
95.05,14.36,41.9,13.45,45.1,157285.8,4.15,94.55,30.8,LOW_TEMP_ALERT
41.32,19.48,36.76,20.71,42.85,157285.8,4.47,39.96,28.36,OK
67.35,21.21,92.14,20.73,97.38,9124.33,1.0,66.61,28.21,LOW_LIGHT
70.83,40.69,15.98,38.94,18.67,57989.59,1.99,78.67,30.84,HYDRIC_STRESS_ALERT
48.95,7.05,64.23,3.41,89.14,5662.92,0.0,58.76,30.29,LOW_TEMP_ALERT
72.47,27.89,65.86,23.35,66.92,157285.8,0.04,77.74,33.59,OK
45.29,38.77,31.85,38.75,19.35,0.0,0.0,40.04,26.75,NOT_ABLE_TO_VENTILATE
77.45,24.43,81.73,22.75,100.0,0.0,0.0,75.05,24.03,NIGHT_OK
51.63,26.52,30.51,25.07,29.05,0.0,0.0,19.14,24.0,FUNGI_ALERT_EXCESS_WATER
86.43,33.38,90.83,31.24,98.63,157285.8,4.49,91.0,30.51,OK
89.05,9.57,46.41,9.44,53.01,119784.54,4.08,89.89,31.59,LOW_TEMP_ALERT
65.89,37.09,73.03,34.6,76.19,157285.8,5.79,56.38,28.54,OK
87.73,9.14,15.85,9.3,1.34,84566.82,3.47,85.99,34.91,LOW_TEMP_ALERT
39.4,22.82,28.57,21.16,36.94,157285.8,4.89,44.87,29.12,WATER
52.2,33.87,93.09,36.08,100.0,157285.8,4.37,55.1,27.16,VENTILATE
79.15,6.29,22.11,4.04,32.07,0.0,0.0,21.61,26.97,FUNGI_ALERT_EXCESS_WATER
69.08,15.0,19.54,15.23,26.67,0.0,0.0,66.93,30.51,NIGHT_OK
87.86,30.0,46.33,26.13,47.27,0.0,0.0,93.85,28.66,NIGHT_OK
20.77,30.35,27.53,29.47,34.9,44968.31,1.48,27.74,32.03,NOT_ABLE_TO_WATER
32.53,31.41,43.65,32.84,42.17,31310.2,1.37,29.38,29.23,NOT_ABLE_TO_WATER
68.85,6.1,88.96,11.16,97.96,0.0,0.0,68.68,32.2,LOW_TEMP_ALERT
36.59,38.73,37.83,40.5,43.35,157285.8,5.3,78.58,26.38,WATER
85.49,14.44,71.76,13.96,75.66,0.0,0.0,83.51,31.68,LOW_TEMP_ALERT
76.12,26.82,80.74,25.05,82.72,157285.8,0.13,70.02,29.35,OK
12.7,31.58,25.31,29.13,31.57,117680.03,4.49,76.47,30.24,WATER
30.31,29.44,72.21,30.42,74.03,11571.62,0.49,28.83,35.87,NOT_ABLE_TO_WATER
29.07,8.72,30.65,4.41,37.96,14807.21,0.29,93.3,29.4,NOT_ABLE_TO_WATER
90.91,36.14,81.0,33.56,88.37,157285.8,5.77,86.29,31.5,OK
87.68,44.19,79.12,40.7,89.97,0.0,0.0,81.46,26.03,NOT_ABLE_TO_VENTILATE
96.91,5.37,29.22,1.59,33.48,26043.88,0.0,92.98,30.67,LOW_TEMP_ALERT
58.15,23.57,78.69,21.43,85.61,47697.05,1.42,61.67,30.24,OK
68.99,11.67,73.75,9.52,70.21,0.0,0.0,69.17,31.53,LOW_TEMP_ALERT
35.63,9.25,41.87,6.33,38.26,157285.8,0.01,36.74,29.02,NOT_ABLE_TO_WATER
46.43,35.92,47.6,35.55,40.47,81854.48,2.53,39.72,28.13,OK
37.19,17.49,80.09,19.65,69.61,8112.28,0.18,69.92,29.97,NOT_ABLE_TO_WATER
19.14,44.84,19.67,42.91,39.21,157285.8,5.53,23.0,42.69,ANOMALY_DETECTED
34.03,38.69,36.05,39.13,41.25,157285.8,6.08,21.69,34.2,WATER
4.04,22.25,55.34,20.91,68.53,121903.95,3.55,64.35,32.98,WATER
47.24,41.99,27.0,40.85,35.82,114878.19,4.14,83.41,25.62,WATER
73.11,6.89,51.25,7.3,53.2,157285.8,6.63,34.59,33.77,EXCESS_WATER
56.25,38.02,22.12,38.2,34.85,0.0,0.0,74.65,33.61,NOT_ABLE_TO_WATER
62.55,30.26,37.73,27.65,26.6,0.0,0.0,62.43,31.51,NIGHT_OK
90.34,37.36,74.96,33.01,85.6,157285.8,5.74,57.88,28.44,FUNGI_ALERT_EXCESS_WATER
45.62,35.37,62.71,32.66,63.7,0.0,0.0,31.41,29.79,FUNGI_ALERT_EXCESS_WATER
11.63,24.25,63.04,20.99,77.32,33437.78,0.81,16.38,27.62,NOT_ABLE_TO_WATER
23.85,18.48,30.11,20.95,40.68,157285.8,5.07,17.16,43.17,ANOMALY_DETECTED
29.66,31.38,44.44,28.97,59.26,157285.8,6.65,87.46,41.62,ANOMALY_DETECTED
68.81,38.69,23.76,35.28,36.36,157285.8,4.69,22.43,27.51,EXCESS_WATER
96.88,27.16,86.49,24.24,96.28,43907.23,0.89,91.65,42.65,ANOMALY_DETECTED
28.56,29.53,62.81,27.64,66.96,2611.44,0.0,25.92,33.35,NOT_ABLE_TO_WATER
74.42,15.98,80.78,9.75,75.59,0.0,0.0,74.6,30.77,LOW_TEMP_ALERT
79.15,17.49,29.6,16.01,36.44,157285.8,5.76,33.73,28.16,EXCESS_WATER
60.06,9.05,66.44,6.03,68.05,109442.31,3.16,61.46,29.02,LOW_TEMP_ALERT
64.58,19.21,28.65,20.68,29.28,29484.17,1.31,69.34,33.36,OK
45.94,10.05,15.75,9.25,18.64,0.0,0.0,40.67,24.0,LOW_TEMP_ALERT
68.3,42.99,39.11,44.08,41.71,51086.77,1.81,34.61,30.47,EXCESS_WATER
89.27,20.69,32.97,17.23,28.36,157285.8,4.93,88.63,25.51,OK
91.43,24.42,28.25,26.95,30.8,157285.8,6.2,86.24,31.88,OK
19.64,43.31,41.03,39.5,46.29,8014.48,0.0,11.83,28.51,NOT_ABLE_TO_WATER
52.79,26.73,60.09,24.87,70.21,0.0,0.0,14.24,33.59,FUNGI_ALERT_EXCESS_WATER
80.77,44.15,55.49,41.52,58.76,0.0,0.0,77.13,24.0,NOT_ABLE_TO_VENTILATE
67.79,15.24,71.75,10.93,81.09,0.0,0.0,64.45,31.35,LOW_TEMP_ALERT
15.54,22.44,80.38,17.48,89.08,2911.29,0.0,13.99,28.47,NOT_ABLE_TO_WATER
78.33,35.88,87.35,36.73,100.0,0.0,0.0,16.57,33.98,FUNGI_ALERT_EXCESS_WATER
50.1,39.52,93.76,38.76,99.31,0.0,0.0,48.46,32.01,NOT_ABLE_TO_VENTILATE
11.79,44.92,79.07,45.02,100.0,157285.8,4.26,70.72,24.63,WATER
80.82,27.24,48.82,nan,65.77,157285.8,5.75,72.86,38.57,INSUFFICIENT_DATA
26.16,21.4,67.11,24.65,72.9,0.0,0.0,26.34,28.53,NOT_ABLE_TO_WATER
76.76,16.74,19.12,15.23,24.87,157285.8,4.61,82.34,33.69,OK
32.81,14.07,41.16,13.64,44.01,0.0,0.0,87.26,30.04,NOT_ABLE_TO_WATER
50.53,19.65,16.36,17.43,0.0,0.0,0.0,35.29,24.0,FUNGI_ALERT_EXCESS_WATER
43.76,6.28,60.42,4.84,65.51,157285.8,4.16,36.42,25.43,LOW_TEMP_ALERT
98.44,40.51,41.27,40.9,40.77,10922.32,0.42,89.64,29.53,NOT_ABLE_TO_VENTILATE
45.46,39.87,17.58,37.16,4.15,14940.37,0.63,39.18,35.5,HYDRIC_STRESS_ALERT
42.5,24.17,18.03,23.0,27.18,7608.96,0.13,47.93,24.0,LOW_LIGHT
20.73,15.64,32.7,14.89,34.38,53012.31,2.24,88.74,35.44,WATER
13.71,44.63,31.61,41.41,36.77,157285.8,5.69,13.42,33.63,WATER
20.21,37.18,86.41,40.12,90.16,0.0,0.0,24.3,24.0,NOT_ABLE_TO_WATER
95.12,11.12,46.57,11.32,52.38,9782.78,0.26,11.42,42.54,ANOMALY_DETECTED
67.74,21.78,17.43,22.62,4.52,13712.3,0.44,61.08,34.05,OK
91.49,39.48,78.71,37.41,91.92,0.0,0.0,89.98,40.26,NOT_ABLE_TO_VENTILATE
12.75,41.77,46.28,41.53,64.97,0.0,0.0,12.92,32.18,NOT_ABLE_TO_WATER
25.39,23.51,54.44,20.48,41.29,157285.8,4.84,64.17,24.0,WATER
3.03,37.59,50.95,39.11,57.66,8696.51,0.09,12.93,26.88,NOT_ABLE_TO_WATER
92.23,41.88,93.5,40.02,98.35,6092.93,0.0,87.21,34.5,NOT_ABLE_TO_VENTILATE
3.4,18.78,19.98,15.68,21.92,0.0,0.0,29.82,30.26,NOT_ABLE_TO_WATER
43.29,16.15,19.18,15.75,6.97,0.0,0.0,49.03,27.64,NIGHT_OK
96.84,43.45,68.03,40.74,84.94,20808.15,0.0,55.89,27.3,FUNGI_ALERT_EXCESS_WATER
20.12,31.52,88.84,29.57,100.0,157285.8,4.54,16.94,28.63,WATER
53.51,42.68,41.69,38.77,43.51,157285.8,4.98,47.17,34.0,VENTILATE
68.82,10.17,56.34,10.55,nan,0.0,0.0,25.33,30.9,INSUFFICIENT_DATA
2.26,17.18,60.25,13.81,72.83,0.0,0.0,62.7,34.03,NOT_ABLE_TO_WATER
14.77,42.2,92.18,42.28,84.65,157285.8,4.83,10.41,34.56,WATER
9.3,32.04,91.61,32.17,99.89,115643.67,3.37,30.52,33.69,WATER
84.42,8.77,90.85,6.84,100.0,0.0,0.0,59.22,44.13,FUNGI_ALERT_EXCESS_WATER
69.66,33.92,87.97,31.47,96.39,157285.8,5.82,73.29,29.03,OK
80.41,13.91,58.09,10.08,44.05,145261.08,3.67,81.98,29.97,LOW_TEMP_ALERT
71.9,7.91,31.97,7.74,41.34,0.0,0.0,83.37,30.01,NOT_ABLE_TO_WATER
38.09,16.33,16.55,16.65,18.41,157285.8,5.07,35.59,30.71,WATER
35.62,10.53,62.09,11.26,67.95,0.0,0.0,40.45,34.31,NOT_ABLE_TO_WATER
4.99,22.13,84.49,21.78,91.45,0.0,0.0,52.04,26.79,NOT_ABLE_TO_WATER
20.78,21.74,88.05,22.11,84.8,0.0,0.0,76.77,26.51,NOT_ABLE_TO_WATER
42.97,10.19,90.54,9.17,98.51,0.0,0.0,44.42,35.75,LOW_TEMP_ALERT
95.59,34.71,17.9,35.13,25.84,40733.45,0.05,91.09,37.11,ANOMALY_DETECTED
84.13,38.75,32.92,41.52,36.83,0.0,0.0,80.62,30.19,NOT_ABLE_TO_VENTILATE
38.53,33.1,85.74,nan,100.0,0.0,0.0,26.14,32.11,INSUFFICIENT_DATA
68.45,13.9,77.74,15.22,75.54,0.0,0.0,73.08,28.32,NIGHT_OK
46.07,40.23,23.82,37.21,22.55,157285.8,4.96,21.99,37.07,ANOMALY_DETECTED
32.14,42.56,88.24,46.51,88.41,24350.33,1.07,20.38,30.73,NOT_ABLE_TO_WATER
4.84,37.3,53.3,38.28,57.95,0.0,0.0,13.94,26.62,NOT_ABLE_TO_WATER
10.99,14.39,71.42,12.53,71.93,129478.56,3.71,56.16,25.42,WATER
4.3,16.9,50.24,12.55,56.1,0.0,0.0,88.91,28.37,NOT_ABLE_TO_WATER
71.48,22.68,62.76,20.83,69.63,0.0,0.0,78.32,41.53,NIGHT_OK
57.68,41.4,88.83,39.29,100.0,63068.94,1.29,60.15,25.77,NOT_ABLE_TO_VENTILATE
21.67,21.64,38.52,19.84,56.37,157285.8,0.08,52.97,31.93,NOT_ABLE_TO_WATER
2.35,20.62,29.65,20.32,41.76,157285.8,4.96,79.08,44.55,ANOMALY_DETECTED
73.3,7.83,79.73,6.12,98.09,0.0,0.0,66.02,39.48,LOW_TEMP_ALERT
85.4,17.88,52.1,12.93,57.22,0.0,0.0,21.36,31.01,FUNGI_ALERT_EXCESS_WATER
52.74,13.93,54.03,10.74,58.36,157285.8,5.0,54.87,33.76,LOW_TEMP_ALERT
91.0,24.01,83.17,22.01,99.77,157285.8,6.04,38.38,28.65,FUNGI_ALERT_EXCESS_WATER
67.94,16.99,33.29,16.9,26.48,157285.8,4.14,63.89,33.34,OK
65.73,27.35,54.5,24.34,53.66,51285.65,1.77,54.24,31.25,EXCESS_WATER
68.4,17.58,43.25,16.56,52.52,157285.8,6.41,85.9,30.91,WATER
16.6,18.28,76.52,18.07,80.27,157285.8,4.85,51.04,32.76,WATER
29.7,7.81,38.93,5.79,39.36,0.0,0.0,60.8,31.19,NOT_ABLE_TO_WATER
81.33,27.75,23.38,27.79,16.28,157285.8,4.17,87.25,24.0,OK
76.91,8.87,91.84,8.31,92.94,157285.8,0.03,74.0,28.75,LOW_TEMP_ALERT
75.72,42.65,20.55,41.76,32.04,0.0,0.0,68.1,31.02,HYDRIC_STRESS_ALERT
22.48,28.28,51.77,27.2,51.53,128263.76,4.04,16.45,33.78,WATER
87.75,39.18,42.58,37.86,43.6,157285.8,4.95,79.97,27.41,VENTILATE
76.42,16.6,36.18,16.99,29.25,0.0,0.0,72.52,25.03,NIGHT_OK
61.96,25.19,54.97,23.27,50.7,8833.45,0.28,57.7,31.72,LOW_LIGHT
41.13,21.87,53.37,20.1,68.17,157285.8,5.33,40.21,28.53,OK
66.17,31.77,29.53,34.81,41.17,48129.23,0.04,66.11,34.02,OK
75.98,19.46,89.65,15.31,89.68,17068.01,0.2,63.82,29.35,FUNGI_ALERT_EXCESS_WATER
92.94,37.59,64.4,36.91,74.1,0.0,0.0,58.93,30.2,FUNGI_ALERT_EXCESS_WATER
52.1,8.02,28.75,1.97,27.11,0.0,0.0,48.15,30.38,LOW_TEMP_ALERT
63.92,14.84,33.73,14.61,41.8,0.0,0.0,52.37,33.51,FUNGI_ALERT_EXCESS_WATER
20.94,30.1,70.16,31.45,75.5,85059.96,3.67,19.69,30.47,WATER
73.75,43.65,81.51,40.6,nan,0.0,0.0,73.99,32.92,INSUFFICIENT_DATA
57.08,11.72,38.71,8.83,43.13,107265.49,4.25,54.15,34.73,LOW_TEMP_ALERT
94.76,29.56,75.54,29.56,73.61,157285.8,4.82,19.31,32.46,FUNGI_ALERT_EXCESS_WATER
98.05,20.45,68.67,17.57,84.38,0.0,0.0,15.71,25.87,FUNGI_ALERT_EXCESS_WATER
18.4,10.02,66.75,8.04,75.16,0.0,0.0,17.34,34.19,NOT_ABLE_TO_WATER
47.31,11.91,70.16,8.68,87.1,0.0,0.0,51.05,45.25,LOW_TEMP_ALERT
75.38,24.41,89.87,22.37,96.23,0.0,0.0,75.37,27.79,NIGHT_OK
94.09,24.89,68.01,24.01,64.05,157285.8,4.81,11.66,27.5,EXCESS_WATER
68.81,10.26,55.48,11.32,56.34,157285.8,4.89,66.5,31.3,LOW_TEMP_ALERT
71.06,44.04,87.42,41.12,100.0,0.0,0.0,71.35,29.88,NOT_ABLE_TO_VENTILATE
85.49,9.77,44.43,8.67,51.65,0.0,0.0,83.8,30.43,LOW_TEMP_ALERT
34.01,22.24,86.59,21.32,100.0,157285.8,6.03,28.18,30.73,WATER
11.57,42.2,16.28,39.56,22.56,0.0,0.0,22.92,31.9,NOT_ABLE_TO_WATER
31.68,10.38,54.48,6.57,58.93,157285.8,5.52,27.82,32.56,WATER
52.72,7.37,17.95,10.7,22.27,0.0,0.0,61.09,28.13,LOW_TEMP_ALERT
16.76,8.78,61.12,9.12,57.91,157285.8,5.87,20.61,30.36,WATER
19.0,6.73,56.63,6.6,73.8,157285.8,4.92,18.74,29.98,WATER
60.76,24.95,41.98,22.75,60.81,96042.83,3.54,27.2,32.53,EXCESS_WATER
34.7,16.46,57.95,13.42,55.49,20832.71,1.41,32.87,25.31,NOT_ABLE_TO_WATER
84.65,8.73,40.02,5.02,31.86,157285.8,4.5,80.17,30.76,LOW_TEMP_ALERT
34.54,35.0,82.84,35.22,100.0,52604.73,0.08,86.01,32.25,NOT_ABLE_TO_WATER
15.65,38.37,39.63,40.04,40.49,5769.94,0.53,12.32,31.24,NOT_ABLE_TO_WATER
52.09,21.56,52.19,20.8,70.19,157285.8,4.63,56.43,28.04,OK
19.53,30.8,19.96,29.64,29.52,0.0,0.0,88.87,30.85,NOT_ABLE_TO_WATER
58.09,34.18,85.6,35.95,73.3,0.0,0.0,52.41,33.89,NIGHT_OK
88.49,21.89,43.78,19.68,52.86,554.91,0.0,84.29,28.77,LOW_LIGHT
37.87,26.45,52.73,24.01,46.57,157285.8,5.45,38.93,31.84,WATER
84.44,43.76,80.39,43.37,86.9,157285.8,6.24,47.17,35.53,FUNGI_ALERT_EXCESS_WATER
81.86,10.52,25.2,11.92,35.17,0.0,0.0,72.71,29.9,LOW_TEMP_ALERT
39.05,38.48,52.94,36.33,51.71,562.4,0.0,37.86,25.74,NOT_ABLE_TO_WATER
71.09,11.58,75.58,9.06,76.69,78212.28,2.43,72.19,34.24,LOW_TEMP_ALERT
43.15,31.16,31.09,29.64,33.46,0.0,0.0,76.75,34.44,NOT_ABLE_TO_WATER
36.02,34.1,24.42,32.79,35.67,35877.32,1.65,32.42,33.52,NOT_ABLE_TO_WATER
49.01,33.52,57.19,31.39,51.85,0.0,0.0,43.92,31.55,NIGHT_OK
7.51,14.41,49.53,8.84,47.79,0.0,0.0,22.96,32.94,NOT_ABLE_TO_WATER
48.47,38.75,63.74,36.1,71.55,483.75,0.08,44.02,28.92,NOT_ABLE_TO_VENTILATE
18.74,28.86,16.89,24.26,19.17,nan,4.17,58.98,30.21,INSUFFICIENT_DATA
43.59,40.7,78.01,38.82,68.79,0.0,0.0,88.79,28.29,NOT_ABLE_TO_WATER
88.64,42.94,59.65,41.62,66.37,15880.56,0.39,92.34,32.87,NOT_ABLE_TO_VENTILATE
65.73,20.23,73.59,16.19,67.43,37320.12,1.66,61.55,41.25,ANOMALY_DETECTED
18.85,21.44,74.37,17.52,85.29,157285.8,0.04,87.64,30.71,NOT_ABLE_TO_WATER
96.0,28.8,31.87,28.42,38.78,0.0,0.0,46.08,26.92,FUNGI_ALERT_EXCESS_WATER
59.9,41.15,43.49,39.26,46.35,0.0,0.0,78.78,32.05,NOT_ABLE_TO_WATER
22.77,11.09,54.83,13.98,61.57,3044.57,0.48,65.33,27.44,NOT_ABLE_TO_WATER
81.92,41.92,21.79,39.02,1.97,0.0,0.0,20.53,41.62,FUNGI_ALERT_EXCESS_WATER
84.32,35.09,52.04,35.05,66.67,147054.39,5.23,87.08,28.82,OK
58.31,17.38,17.35,12.81,17.62,157285.8,5.12,58.07,27.88,LOW_TEMP_ALERT
25.47,15.53,17.12,14.34,15.83,80854.09,2.67,23.17,25.33,WATER
24.57,33.31,19.97,32.28,42.3,0.0,0.0,31.31,27.29,NOT_ABLE_TO_WATER
49.17,10.27,27.0,12.02,23.39,157285.8,5.49,55.56,30.85,LOW_TEMP_ALERT
20.01,44.3,56.26,45.78,63.3,7562.83,0.0,19.45,24.9,NOT_ABLE_TO_WATER
91.62,14.64,69.92,11.19,71.16,15884.18,1.48,93.84,26.02,LOW_TEMP_ALERT
81.69,40.68,70.86,37.53,71.44,157285.8,4.31,79.59,37.49,ANOMALY_DETECTED
46.86,32.86,69.29,31.81,63.71,157285.8,4.89,45.17,26.39,OK
89.95,36.0,36.03,34.2,23.36,48955.68,0.04,76.99,31.23,EXCESS_WATER
4.34,24.18,88.64,22.28,94.53,0.0,0.0,75.22,24.0,NOT_ABLE_TO_WATER
41.43,34.8,66.58,32.48,75.99,157285.8,4.42,38.42,27.83,OK
74.65,31.13,26.1,32.45,46.5,107150.14,4.23,77.55,41.75,ANOMALY_DETECTED
26.39,27.49,60.37,25.73,68.68,0.0,0.0,45.02,33.63,NOT_ABLE_TO_WATER
85.98,16.23,93.84,13.76,100.0,849.59,0.12,80.38,28.73,LOW_TEMP_ALERT
55.61,11.39,44.37,9.53,33.43,0.0,0.0,29.62,27.25,FUNGI_ALERT_EXCESS_WATER
19.11,7.91,62.37,5.61,59.28,157285.8,5.02,13.25,24.0,WATER
79.95,18.14,61.9,15.54,67.24,25393.01,0.33,90.31,27.93,OK
26.04,31.53,31.68,29.9,22.1,0.0,0.0,27.61,31.03,NOT_ABLE_TO_WATER
8.37,29.68,27.37,27.61,26.81,0.0,0.0,14.53,34.01,NOT_ABLE_TO_WATER
72.3,28.68,58.41,24.8,42.87,0.0,0.0,78.41,27.09,NIGHT_OK
60.99,21.04,31.36,20.83,26.06,157285.8,4.8,59.65,25.56,OK
48.65,19.15,91.25,19.93,85.24,157285.8,4.16,51.61,36.77,OK
33.46,19.59,73.68,14.87,72.14,157285.8,5.09,31.12,34.0,WATER
60.08,11.8,22.13,11.92,35.5,0.0,0.0,64.4,37.3,LOW_TEMP_ALERT
30.24,22.22,19.97,19.38,21.6,1354.31,0.09,36.36,26.29,NOT_ABLE_TO_WATER
18.76,8.64,51.0,5.8,57.24,12224.26,0.41,19.18,33.31,NOT_ABLE_TO_WATER
79.77,41.87,21.15,39.27,20.29,157285.8,6.55,32.63,28.73,EXCESS_WATER
52.04,13.11,56.85,8.47,60.4,130770.43,4.13,57.08,34.98,LOW_TEMP_ALERT
23.91,31.27,73.62,24.85,77.24,0.0,0.0,39.3,30.8,NOT_ABLE_TO_WATER
18.09,41.76,38.24,40.86,45.98,157285.8,5.85,57.48,29.8,WATER
48.18,13.22,45.95,14.21,46.97,157285.8,4.95,52.2,33.22,LOW_TEMP_ALERT
64.69,5.01,83.45,3.96,78.71,157285.8,4.67,68.95,32.62,LOW_TEMP_ALERT
43.74,26.02,84.37,22.98,90.01,0.0,0.0,58.67,25.97,NOT_ABLE_TO_WATER
60.6,16.45,43.97,16.04,51.79,0.0,0.0,63.36,31.11,NIGHT_OK
56.14,8.37,79.43,5.43,82.37,157285.8,5.53,55.31,24.0,LOW_TEMP_ALERT
79.92,38.11,17.43,34.64,24.5,13406.03,0.0,18.28,28.67,EXCESS_WATER
89.91,21.03,79.33,20.79,86.37,0.0,0.0,85.64,30.04,NIGHT_OK
38.23,5.08,77.35,2.63,79.78,35158.36,1.12,11.6,27.12,NOT_ABLE_TO_WATER
0.12,30.73,62.22,30.88,78.31,157285.8,4.35,19.42,31.45,WATER
29.56,12.09,86.89,9.19,93.56,0.0,0.0,77.57,31.72,NOT_ABLE_TO_WATER
81.81,41.94,72.19,39.17,80.02,157285.8,4.62,26.8,24.87,FUNGI_ALERT_EXCESS_WATER
96.86,25.28,40.8,26.98,42.44,124338.35,4.97,16.2,33.64,EXCESS_WATER
25.31,24.97,35.99,28.15,43.01,157285.8,5.65,27.55,28.91,WATER
14.08,41.12,17.09,42.95,20.09,157285.8,0.06,17.93,29.51,NOT_ABLE_TO_WATER
88.91,8.96,42.53,6.24,50.25,1789.64,0.64,11.62,30.01,EXCESS_WATER
1.69,20.36,78.45,18.85,65.67,19413.29,0.0,34.71,29.21,NOT_ABLE_TO_WATER
71.25,18.04,47.38,16.73,54.61,0.0,0.0,63.0,35.75,NIGHT_OK
11.44,44.6,48.97,43.33,68.09,9225.47,0.0,82.35,33.09,NOT_ABLE_TO_WATER
84.42,34.8,44.9,34.15,49.86,157285.8,5.81,81.32,29.87,OK
78.36,40.49,40.22,40.66,41.13,103847.16,2.94,79.91,25.6,VENTILATE
16.59,6.02,60.24,2.77,64.86,157285.8,5.85,19.14,34.45,WATER
86.82,34.96,19.61,35.15,20.27,0.0,0.0,82.22,29.25,NIGHT_OK
27.87,41.8,26.4,39.23,29.21,157285.8,5.16,26.44,28.06,WATER
66.75,15.87,59.22,13.13,62.32,6015.7,0.0,63.92,33.27,LOW_TEMP_ALERT
17.52,9.66,89.44,7.49,94.15,0.0,0.0,15.97,33.02,NOT_ABLE_TO_WATER
17.71,18.02,72.27,15.64,75.33,41647.62,1.22,17.39,33.51,NOT_ABLE_TO_WATER
52.53,10.99,32.72,6.82,40.49,157285.8,4.81,59.41,24.0,LOW_TEMP_ALERT
78.01,41.53,25.5,41.86,37.28,0.0,0.0,84.23,29.0,HYDRIC_STRESS_ALERT
8.96,34.04,70.04,33.68,73.64,19309.79,0.83,11.3,26.27,NOT_ABLE_TO_WATER
14.11,35.89,58.04,32.06,66.95,41618.18,1.53,12.86,28.66,NOT_ABLE_TO_WATER
45.79,30.61,54.44,30.67,50.9,55357.65,2.19,17.72,30.65,EXCESS_WATER
44.45,34.95,60.53,34.33,53.12,143799.02,4.77,35.88,44.25,ANOMALY_DETECTED
60.16,13.48,62.25,12.83,64.38,157285.8,4.86,59.99,28.31,LOW_TEMP_ALERT
28.55,34.57,16.04,33.35,16.9,0.0,0.0,22.19,25.67,NOT_ABLE_TO_WATER
52.36,38.44,87.69,39.26,95.97,0.0,0.0,52.33,32.91,NOT_ABLE_TO_VENTILATE
52.15,37.29,81.95,35.27,94.74,157285.8,0.09,45.86,28.66,OK
13.84,41.11,77.12,38.09,85.72,131027.18,3.8,15.89,39.96,ANOMALY_DETECTED
48.04,28.29,43.37,26.81,56.37,0.0,0.0,46.08,35.21,NIGHT_OK
89.46,20.31,87.61,21.19,90.77,33307.63,1.02,90.17,27.09,OK
32.66,37.99,22.39,36.06,33.26,0.0,0.0,43.24,38.23,NOT_ABLE_TO_WATER
33.95,44.8,27.62,44.61,32.0,0.0,0.0,34.31,39.51,NOT_ABLE_TO_WATER
nan,6.41,73.23,7.45,74.19,45327.9,1.24,64.29,30.74,INSUFFICIENT_DATA
17.82,16.96,17.94,16.04,22.45,27639.81,0.43,14.68,32.95,NOT_ABLE_TO_WATER
42.29,17.23,64.82,15.64,61.52,9454.98,0.24,77.62,29.41,NOT_ABLE_TO_WATER
60.82,30.42,83.4,30.01,98.08,128608.47,5.02,13.81,43.51,ANOMALY_DETECTED
18.85,9.11,38.71,4.9,52.59,157285.8,5.92,26.79,32.8,WATER
95.84,39.78,36.0,37.14,31.39,157285.8,4.73,68.34,35.29,EXCESS_WATER
15.89,26.01,15.88,24.01,23.46,157285.8,5.17,11.31,24.0,WATER
48.09,44.62,21.0,47.41,14.44,10576.77,0.45,50.89,27.52,HYDRIC_STRESS_ALERT
56.31,32.39,69.06,31.97,64.16,157285.8,5.58,54.82,24.0,OK
68.62,28.71,28.53,25.14,37.17,157285.8,4.08,68.23,27.95,OK
62.57,24.77,84.09,25.6,92.26,7885.34,0.0,63.81,34.33,LOW_LIGHT
82.61,42.34,38.47,41.94,36.36,0.0,0.0,80.03,41.56,NOT_ABLE_TO_VENTILATE
17.0,21.64,92.2,18.98,87.95,157285.8,5.12,17.96,30.0,WATER
0.11,20.27,59.68,17.8,56.32,0.0,0.0,62.45,32.05,NOT_ABLE_TO_WATER
70.61,15.87,58.91,17.46,56.68,157285.8,5.23,60.77,28.55,OK
90.2,42.19,34.36,38.22,40.28,4303.62,0.03,19.83,31.46,EXCESS_WATER
67.7,40.41,29.11,35.05,28.27,0.0,0.0,17.06,24.0,FUNGI_ALERT_EXCESS_WATER
24.1,29.24,59.92,23.19,83.09,0.0,0.0,24.76,30.72,NOT_ABLE_TO_WATER
53.68,35.65,56.15,36.6,71.52,49739.48,1.9,54.09,38.18,ANOMALY_DETECTED
89.15,39.19,50.18,37.73,59.11,157285.8,5.12,19.08,27.71,EXCESS_WATER
27.06,14.64,34.54,12.42,38.66,157285.8,4.45,25.46,28.31,WATER
20.82,15.06,84.36,10.47,80.67,0.0,0.0,20.87,27.67,NOT_ABLE_TO_WATER
56.62,39.04,50.87,35.13,62.41,0.0,0.0,92.17,31.06,NOT_ABLE_TO_WATER
38.11,9.45,60.9,6.3,61.86,0.0,0.0,42.61,32.73,NOT_ABLE_TO_WATER
39.05,15.41,41.44,12.92,49.09,0.0,0.0,50.6,24.0,NOT_ABLE_TO_WATER
45.1,30.75,16.45,28.01,29.58,0.0,0.0,45.43,24.0,NIGHT_OK
62.5,8.61,67.14,7.57,80.57,0.0,0.0,10.7,44.97,FUNGI_ALERT_EXCESS_WATER
36.38,5.49,46.73,3.69,54.9,0.0,0.0,32.57,24.6,NOT_ABLE_TO_WATER
24.18,41.77,42.05,41.43,38.84,14015.58,0.34,51.0,30.16,NOT_ABLE_TO_WATER
99.67,8.91,74.11,5.94,68.6,157285.8,4.95,63.47,30.99,FUNGI_ALERT_EXCESS_WATER
51.2,18.61,84.8,18.02,100.0,150.95,0.73,37.37,34.8,FUNGI_ALERT_EXCESS_WATER
87.1,43.36,72.8,38.38,96.43,0.0,0.0,57.0,26.48,FUNGI_ALERT_EXCESS_WATER
90.4,31.19,83.06,32.4,80.03,0.0,0.0,87.4,27.92,NIGHT_OK
68.19,21.99,71.26,18.61,70.22,52029.6,2.13,69.62,30.81,OK
41.58,7.51,30.38,5.02,43.0,126977.1,3.6,39.76,24.0,LOW_TEMP_ALERT
95.6,29.66,33.6,28.32,41.28,0.0,0.0,94.64,31.86,NIGHT_OK
69.32,15.93,81.63,14.09,100.0,157285.8,5.15,68.79,31.64,LOW_TEMP_ALERT
14.35,23.27,71.43,22.52,68.46,11840.8,0.01,21.13,37.01,ANOMALY_DETECTED
44.32,31.02,93.25,30.34,85.37,0.0,0.0,69.1,31.27,NOT_ABLE_TO_WATER
3.17,35.17,90.05,33.56,94.03,157285.8,4.74,38.03,27.49,WATER
56.9,12.0,83.0,11.18,83.35,0.0,0.0,49.1,29.36,LOW_TEMP_ALERT
80.15,16.22,16.11,14.1,28.2,0.0,0.0,86.95,27.7,LOW_TEMP_ALERT
32.45,15.87,57.05,11.03,56.04,0.0,0.0,39.55,24.0,NOT_ABLE_TO_WATER
16.39,29.08,54.29,29.74,64.97,2462.88,0.0,13.01,24.72,NOT_ABLE_TO_WATER
72.72,23.92,81.92,18.77,91.71,0.0,0.0,79.02,28.38,NIGHT_OK
25.84,32.28,30.34,27.08,41.55,123259.25,3.72,23.0,28.98,WATER
62.54,10.01,88.1,10.11,97.11,6686.44,0.21,77.23,27.25,NOT_ABLE_TO_WATER
10.14,9.22,65.17,7.59,74.74,0.0,0.0,11.96,31.26,NOT_ABLE_TO_WATER
56.46,29.64,55.51,26.7,68.37,21647.21,1.06,56.85,24.0,OK
14.44,36.52,89.17,35.52,95.07,157285.8,6.08,84.86,30.46,WATER
66.6,36.09,32.51,35.74,40.94,37829.26,1.31,14.12,30.28,EXCESS_WATER
82.13,25.92,18.99,24.74,4.56,0.0,0.0,82.1,28.22,NIGHT_OK
64.8,29.92,83.88,31.8,88.14,85340.78,2.44,77.1,36.36,WATER
93.41,35.71,89.23,36.6,93.96,157285.8,6.23,62.18,29.54,FUNGI_ALERT_EXCESS_WATER
25.98,18.39,49.53,18.45,45.21,0.0,0.0,28.82,25.77,NOT_ABLE_TO_WATER
58.2,12.06,68.73,10.19,73.93,0.0,0.0,58.79,30.64,LOW_TEMP_ALERT
28.3,12.62,53.07,9.34,66.59,157285.8,4.77,28.06,33.27,WATER
71.11,11.75,56.42,8.3,65.39,5083.51,0.35,68.41,37.55,ANOMALY_DETECTED
44.71,22.78,52.23,20.48,51.76,0.0,0.0,39.36,29.59,NIGHT_OK
43.94,7.13,60.17,6.42,69.25,44882.68,0.9,43.48,27.02,LOW_TEMP_ALERT
31.74,32.43,26.9,30.58,44.25,0.0,0.0,28.67,33.72,NOT_ABLE_TO_WATER
34.63,5.31,74.37,2.98,76.67,9992.74,1.0,32.44,32.39,NOT_ABLE_TO_WATER
87.84,20.48,57.26,19.32,54.23,157285.8,0.07,90.75,32.58,OK
14.12,16.43,54.12,16.03,51.84,9183.81,0.0,21.37,41.34,ANOMALY_DETECTED
77.32,39.57,27.98,41.93,32.0,135738.18,3.83,83.42,34.02,HYDRIC_STRESS_ALERT
33.1,39.1,32.81,38.56,37.68,10909.09,0.0,27.43,30.76,NOT_ABLE_TO_WATER
64.19,6.41,60.82,4.66,71.19,157285.8,5.31,53.56,24.0,EXCESS_WATER
45.26,37.65,59.88,38.31,58.68,119809.0,4.03,21.47,32.26,EXCESS_WATER
41.78,27.32,67.95,25.58,69.97,157285.8,5.1,40.98,31.1,OK
74.63,29.92,62.33,26.5,66.59,0.0,0.0,83.15,36.75,NIGHT_OK
15.88,10.75,32.26,10.8,46.0,157285.8,5.44,61.18,33.29,WATER
75.51,26.48,73.17,26.02,81.32,0.0,0.0,82.42,28.37,NIGHT_OK
74.87,19.04,71.59,23.82,82.7,0.0,0.0,76.66,30.17,NIGHT_OK
31.66,19.2,17.61,18.62,25.27,157285.8,5.22,57.86,31.68,WATER
41.29,24.18,20.63,21.0,20.76,157285.8,5.56,40.41,31.95,OK
11.02,29.68,58.5,28.4,64.49,0.0,0.0,94.14,26.58,NOT_ABLE_TO_WATER
70.3,42.83,93.25,39.77,100.0,0.0,0.0,60.76,31.6,NOT_ABLE_TO_VENTILATE
29.09,6.52,50.97,5.81,46.1,0.0,0.0,30.39,36.91,NOT_ABLE_TO_WATER
95.25,12.85,67.19,11.54,76.78,0.0,0.0,93.87,43.37,LOW_TEMP_ALERT
25.37,16.9,85.51,16.17,91.63,79352.76,2.68,25.95,29.09,WATER
2.23,9.93,31.33,10.07,38.16,4464.87,0.95,54.11,35.13,NOT_ABLE_TO_WATER
91.17,17.19,65.14,14.07,59.57,0.0,0.0,69.6,26.84,FUNGI_ALERT_EXCESS_WATER
78.69,24.15,64.36,19.25,71.02,8156.59,0.14,77.53,27.11,LOW_LIGHT
57.7,16.37,73.71,17.52,74.65,4706.09,0.96,72.03,32.58,NOT_ABLE_TO_WATER
34.35,30.23,41.98,30.11,42.17,0.0,0.0,37.8,33.25,NOT_ABLE_TO_WATER
68.42,24.17,82.0,21.55,84.26,139120.2,0.13,75.28,30.9,OK
22.26,15.04,68.27,10.91,73.78,49488.26,1.63,16.12,30.95,NOT_ABLE_TO_WATER
45.98,31.69,21.59,30.68,28.6,157285.8,4.98,43.82,29.64,OK
86.55,35.94,57.71,34.44,64.41,2808.36,0.0,90.85,30.63,LOW_LIGHT
78.75,8.85,26.97,7.79,18.61,157285.8,5.91,74.25,32.7,LOW_TEMP_ALERT
61.83,32.92,87.74,31.75,90.38,0.0,0.0,50.73,27.98,FUNGI_ALERT_EXCESS_WATER
23.75,37.09,48.64,37.24,54.42,0.0,0.0,65.12,30.51,NOT_ABLE_TO_WATER
30.35,35.92,81.73,32.39,83.42,0.0,0.0,35.54,35.55,NOT_ABLE_TO_WATER
83.39,39.01,23.49,36.07,20.44,2454.13,0.7,23.09,27.92,EXCESS_WATER
57.59,41.02,18.76,35.82,38.95,0.0,0.0,14.73,45.84,FUNGI_ALERT_EXCESS_WATER
82.53,43.84,57.71,42.5,67.02,0.0,0.0,79.63,29.08,NOT_ABLE_TO_VENTILATE
37.09,25.21,59.36,22.32,66.78,157285.8,5.49,31.25,44.06,ANOMALY_DETECTED
87.93,40.38,17.79,37.64,31.99,0.0,0.0,90.61,28.16,HYDRIC_STRESS_ALERT
40.12,35.83,22.37,34.9,23.49,7825.67,1.09,56.03,26.78,NOT_ABLE_TO_WATER
20.31,14.29,23.14,13.0,36.56,157285.8,5.21,21.14,26.76,WATER
40.81,37.68,38.32,43.23,46.58,157285.8,3.78,38.04,28.21,VENTILATE
68.28,13.39,89.57,12.06,100.0,157285.8,6.47,16.74,33.28,FUNGI_ALERT_EXCESS_WATER
68.01,7.79,15.13,4.57,12.0,31495.05,0.01,66.09,31.64,LOW_TEMP_ALERT
22.97,32.23,34.35,30.25,22.85,157285.8,5.96,37.31,30.89,WATER
40.49,26.07,52.21,23.15,56.44,157285.8,0.14,40.13,33.49,OK
64.59,16.44,68.53,15.89,76.22,0.0,0.0,66.74,35.07,NIGHT_OK
31.37,25.66,93.5,23.41,93.73,49336.11,1.81,72.15,25.9,NOT_ABLE_TO_WATER
16.97,23.23,74.99,21.97,90.98,0.0,0.0,18.39,27.19,NOT_ABLE_TO_WATER
56.57,43.78,72.41,41.84,83.51,6070.9,0.33,92.39,32.48,NOT_ABLE_TO_WATER
36.11,12.47,49.75,12.04,53.93,4198.25,0.13,39.89,26.94,NOT_ABLE_TO_WATER
24.79,40.05,66.16,37.66,76.53,0.0,0.0,49.99,34.48,NOT_ABLE_TO_WATER
78.07,6.12,66.36,4.34,67.07,0.0,0.0,74.35,35.97,LOW_TEMP_ALERT
13.12,7.76,15.75,5.33,13.1,157285.8,6.07,15.46,27.87,WATER
64.45,6.27,90.95,5.26,88.23,9416.95,0.34,54.36,29.55,FUNGI_ALERT_EXCESS_WATER
90.7,29.19,52.02,28.09,54.93,157285.8,4.42,67.01,28.05,EXCESS_WATER
90.97,33.75,44.56,31.7,48.72,157285.8,4.48,61.97,27.15,EXCESS_WATER
89.95,32.08,58.88,33.8,73.19,0.0,0.0,32.1,29.3,FUNGI_ALERT_EXCESS_WATER
44.44,28.61,49.4,29.9,48.59,157285.8,5.51,35.26,29.36,OK
23.66,42.21,42.37,38.97,48.07,131998.14,5.1,26.67,29.95,WATER
9.83,41.27,70.82,36.6,74.49,0.0,0.0,90.46,31.5,NOT_ABLE_TO_WATER
58.66,43.05,58.77,43.34,56.65,0.0,0.0,42.21,24.0,FUNGI_ALERT_EXCESS_WATER
19.17,30.93,57.1,25.24,59.0,157285.8,4.09,38.86,43.26,ANOMALY_DETECTED
0.17,43.2,85.65,44.18,nan,0.0,0.0,80.89,26.3,INSUFFICIENT_DATA
9.56,9.67,27.29,6.59,12.18,157285.8,6.19,57.34,28.7,WATER
11.38,13.0,33.41,11.61,38.48,157285.8,5.54,65.23,27.43,WATER
22.56,13.14,60.81,12.96,83.54,0.0,0.0,27.56,32.68,NOT_ABLE_TO_WATER
27.07,18.7,40.99,12.06,49.81,7545.72,0.0,59.36,35.17,NOT_ABLE_TO_WATER
63.07,14.14,38.94,14.72,43.02,92522.48,3.59,46.57,30.19,EXCESS_WATER
84.57,14.33,90.8,11.22,90.8,116250.8,3.54,20.19,28.67,FUNGI_ALERT_EXCESS_WATER
79.61,22.15,36.9,16.16,39.7,50856.89,1.48,26.46,27.36,EXCESS_WATER
53.24,13.34,51.85,11.9,49.47,50340.01,2.45,53.65,25.13,LOW_TEMP_ALERT
46.27,34.65,63.26,34.37,62.46,104372.36,4.13,44.75,33.42,OK
25.37,6.51,48.63,6.41,60.66,0.0,0.0,21.53,34.02,NOT_ABLE_TO_WATER
29.37,6.27,93.49,9.27,97.59,0.0,0.0,71.42,30.22,NOT_ABLE_TO_WATER
92.19,40.98,68.48,41.26,67.25,0.0,0.0,89.76,24.32,NOT_ABLE_TO_VENTILATE
92.92,26.38,91.94,26.26,93.82,0.0,0.0,92.14,29.96,NIGHT_OK
50.88,36.81,67.5,33.5,63.12,0.0,0.0,61.96,30.49,NOT_ABLE_TO_WATER
3.09,nan,45.14,31.72,49.34,0.0,0.0,45.9,29.35,INSUFFICIENT_DATA
84.1,31.2,16.9,27.81,20.27,157285.8,5.12,92.92,29.84,OK
78.31,37.81,35.53,37.04,31.26,11198.54,0.76,79.97,31.29,NOT_ABLE_TO_VENTILATE
22.03,19.42,50.88,19.49,53.13,0.0,0.0,21.15,26.73,NOT_ABLE_TO_WATER
59.88,9.27,94.29,5.37,92.82,0.0,0.0,68.14,29.59,LOW_TEMP_ALERT
0.89,44.92,94.74,41.99,100.0,3471.77,0.01,86.76,30.62,NOT_ABLE_TO_WATER
45.94,26.84,38.51,28.88,32.17,0.0,0.0,42.19,32.15,NIGHT_OK
51.14,22.59,80.74,20.82,67.81,48285.51,0.68,51.24,25.22,OK
36.86,9.44,53.41,10.07,50.58,6594.26,0.36,41.56,25.31,NOT_ABLE_TO_WATER
62.3,17.88,55.87,15.12,69.73,0.0,0.0,61.51,31.67,NIGHT_OK
50.53,6.6,92.78,6.84,91.24,3956.87,0.0,37.25,31.17,FUNGI_ALERT_EXCESS_WATER
9.66,15.36,28.16,14.43,37.89,157285.8,4.94,13.79,27.46,WATER
29.62,16.05,82.03,14.68,87.82,44080.01,1.36,26.12,33.05,NOT_ABLE_TO_WATER
37.02,26.33,44.61,23.22,51.64,0.0,0.0,37.72,43.32,NOT_ABLE_TO_WATER
52.95,20.59,nan,18.42,55.55,0.0,0.0,65.36,30.63,INSUFFICIENT_DATA
70.44,42.12,78.67,41.45,84.86,157285.8,4.78,85.05,28.72,WATER
59.46,16.89,60.66,17.7,60.14,0.0,0.0,27.91,31.64,FUNGI_ALERT_EXCESS_WATER
41.14,26.87,52.52,26.83,49.39,157285.8,0.13,30.71,33.48,EXCESS_WATER
83.27,26.59,68.18,26.84,88.9,157285.8,5.1,50.65,30.72,FUNGI_ALERT_EXCESS_WATER
7.09,16.67,23.1,15.58,30.73,0.0,0.0,91.21,34.13,NOT_ABLE_TO_WATER
53.95,41.6,86.25,39.12,89.07,0.0,0.0,64.52,29.5,NOT_ABLE_TO_WATER
42.71,35.47,40.51,32.06,44.88,157285.8,4.74,42.47,29.65,OK
63.29,17.19,46.88,12.57,52.92,17848.16,0.57,72.38,25.99,LOW_TEMP_ALERT
28.88,30.65,18.89,30.44,15.46,141077.29,4.09,26.47,33.86,WATER
41.72,6.38,85.83,4.98,100.0,0.0,0.0,34.97,29.75,LOW_TEMP_ALERT
54.5,27.92,57.76,27.04,77.0,0.0,0.0,57.19,43.4,NIGHT_OK
33.51,36.52,29.14,36.04,37.98,157285.8,5.4,72.26,45.76,ANOMALY_DETECTED
87.51,14.02,75.96,13.66,70.6,157285.8,4.81,78.59,24.0,LOW_TEMP_ALERT
18.76,38.38,64.03,38.36,69.97,20515.63,0.47,19.74,43.51,ANOMALY_DETECTED
10.56,8.42,46.9,7.85,45.32,5433.77,0.65,31.43,29.01,NOT_ABLE_TO_WATER
76.42,43.49,75.91,43.29,78.07,157285.8,5.57,91.88,30.26,VENTILATE
22.21,36.45,70.82,38.82,76.32,144136.74,0.01,66.17,27.55,NOT_ABLE_TO_WATER
28.59,10.21,71.27,6.25,69.38,123873.83,4.75,25.23,32.71,WATER
75.21,13.84,55.41,11.59,56.38,0.0,0.0,78.64,24.0,LOW_TEMP_ALERT
94.68,29.38,nan,26.74,28.65,157285.8,4.92,91.85,28.98,INSUFFICIENT_DATA
5.09,17.5,31.96,15.66,38.65,0.0,0.0,78.94,32.42,NOT_ABLE_TO_WATER
19.85,33.17,88.33,31.36,91.19,8181.81,0.3,82.86,34.78,NOT_ABLE_TO_WATER
34.46,34.73,49.4,33.99,71.22,157285.8,5.28,40.09,35.55,WATER
55.69,6.88,65.51,7.78,59.58,5159.04,0.04,61.18,30.8,LOW_TEMP_ALERT
56.86,36.59,50.31,34.03,50.59,157285.8,5.64,85.02,34.31,WATER
77.61,31.64,46.17,31.66,51.88,157285.8,4.47,59.15,32.62,EXCESS_WATER
59.92,23.96,52.94,22.39,67.85,0.0,0.0,62.06,28.63,NIGHT_OK
90.49,23.61,57.68,19.31,65.09,157285.8,6.0,82.28,31.72,OK
29.33,38.82,16.52,39.62,15.25,0.0,0.0,62.36,24.0,NOT_ABLE_TO_WATER
43.07,16.7,67.99,14.33,73.4,15090.69,0.5,41.07,29.59,LOW_TEMP_ALERT
16.43,10.71,47.24,10.99,51.25,118147.47,3.79,24.25,29.33,WATER
19.97,34.22,62.8,32.65,66.33,34269.11,1.7,62.92,27.28,NOT_ABLE_TO_WATER
23.24,9.83,76.79,12.17,84.83,157285.8,4.71,30.6,29.02,WATER
18.23,23.36,40.7,21.78,50.49,945.41,0.56,27.11,nan,INSUFFICIENT_DATA
79.31,32.96,51.84,33.61,48.46,5834.66,0.0,77.63,29.16,LOW_LIGHT
25.85,15.1,68.76,14.93,71.12,157285.8,5.36,27.11,31.35,WATER
85.69,44.23,93.71,44.47,100.0,0.0,0.0,23.96,30.66,FUNGI_ALERT_EXCESS_WATER
28.87,31.99,24.0,30.45,39.21,157285.8,5.57,34.89,28.04,WATER
1.12,35.01,41.49,31.13,48.56,0.0,0.0,60.29,28.61,NOT_ABLE_TO_WATER
75.54,9.35,80.48,5.4,78.66,10774.91,0.0,80.07,32.24,LOW_TEMP_ALERT
10.35,6.26,73.36,2.0,87.83,97872.66,3.28,15.46,42.14,ANOMALY_DETECTED
73.16,29.63,77.66,29.85,86.41,157285.8,5.52,64.71,25.1,OK
15.91,40.32,58.88,37.49,54.06,157285.8,4.74,18.47,34.99,WATER
79.98,7.88,23.23,6.21,38.94,43550.64,2.03,38.45,33.59,EXCESS_WATER
80.8,40.71,27.75,40.52,23.4,0.0,0.0,41.92,30.58,FUNGI_ALERT_EXCESS_WATER
44.21,22.07,79.19,21.19,78.89,8791.76,0.5,23.97,26.0,FUNGI_ALERT_EXCESS_WATER
17.01,27.34,35.49,29.11,38.9,5101.13,0.0,21.91,27.96,NOT_ABLE_TO_WATER
32.34,38.02,48.3,36.11,44.8,0.0,0.0,89.72,35.14,NOT_ABLE_TO_WATER
50.47,39.2,88.19,36.54,92.04,0.0,0.0,48.81,24.71,NOT_ABLE_TO_VENTILATE
13.57,30.65,57.5,28.95,62.76,59403.55,1.92,22.63,26.0,NOT_ABLE_TO_WATER
26.33,25.31,72.09,23.84,83.34,0.0,0.0,31.7,29.53,NOT_ABLE_TO_WATER
29.65,34.27,49.87,34.53,35.8,157285.8,5.61,55.95,28.1,WATER
53.96,44.09,30.57,38.09,33.92,7054.61,0.8,48.2,32.82,NOT_ABLE_TO_VENTILATE
30.6,27.12,66.42,23.22,64.94,153534.55,5.15,37.72,30.29,WATER
60.27,33.52,79.24,34.68,85.68,157285.8,4.61,14.93,32.54,FUNGI_ALERT_EXCESS_WATER
88.33,34.71,78.0,30.03,81.89,0.0,0.0,53.06,30.58,FUNGI_ALERT_EXCESS_WATER
50.58,31.31,48.06,26.76,59.22,913.06,0.0,45.25,29.96,LOW_LIGHT
52.06,25.77,74.34,25.51,70.09,104269.27,3.28,80.98,29.95,WATER
14.09,32.81,79.32,27.35,95.16,0.0,0.0,79.36,31.41,NOT_ABLE_TO_WATER
7.11,27.7,55.45,25.9,59.33,0.0,0.0,45.48,31.56,NOT_ABLE_TO_WATER
82.99,5.88,40.29,6.59,44.83,0.0,0.0,29.17,28.07,FUNGI_ALERT_EXCESS_WATER
26.06,20.98,48.69,20.14,50.39,157285.8,5.03,26.15,31.17,WATER
87.07,18.93,35.3,18.52,40.33,39069.62,1.05,58.67,27.24,EXCESS_WATER
11.16,31.37,75.51,30.46,89.54,0.0,0.0,16.17,29.06,NOT_ABLE_TO_WATER
74.44,35.38,66.45,32.89,68.12,157285.8,5.22,80.72,29.13,OK
80.58,12.3,15.99,8.06,14.92,36224.02,0.15,82.16,31.36,LOW_TEMP_ALERT
47.67,34.96,24.04,36.77,21.18,157285.8,4.56,67.55,37.97,ANOMALY_DETECTED
2.77,40.13,73.57,35.82,96.59,0.0,0.0,20.43,31.03,NOT_ABLE_TO_WATER
55.58,43.83,54.24,40.05,50.25,0.0,0.0,55.94,27.24,NOT_ABLE_TO_VENTILATE
39.55,24.71,67.72,25.2,65.05,157285.8,5.46,70.93,26.14,WATER
51.05,11.97,29.19,10.89,35.89,6472.64,0.28,52.58,39.59,ANOMALY_DETECTED
70.84,42.87,32.6,41.48,47.53,123699.82,4.08,74.74,35.75,VENTILATE
71.96,27.23,23.99,26.37,35.19,157285.8,5.65,72.67,28.47,OK
61.34,12.09,63.86,11.17,76.78,157285.8,5.86,58.66,30.95,LOW_TEMP_ALERT
10.48,13.01,62.63,10.36,76.73,9489.55,0.88,26.82,27.2,NOT_ABLE_TO_WATER
70.78,43.14,43.28,38.86,49.36,0.0,0.0,43.81,27.94,FUNGI_ALERT_EXCESS_WATER
39.57,9.02,22.4,6.27,21.01,157285.8,4.89,38.43,27.69,WATER
54.19,8.2,39.65,7.94,54.33,157285.8,0.03,60.99,31.09,LOW_TEMP_ALERT
53.02,15.08,58.7,13.38,61.75,0.0,0.0,53.42,24.0,LOW_TEMP_ALERT
36.17,8.59,46.72,7.09,65.68,28941.06,0.13,78.33,27.63,NOT_ABLE_TO_WATER
47.31,21.26,92.81,16.38,86.06,146362.89,4.84,49.61,29.03,OK
34.53,36.67,71.64,39.79,81.02,6523.67,0.0,85.15,44.94,ANOMALY_DETECTED
20.85,34.69,93.8,33.14,90.72,76677.27,2.66,76.03,45.82,ANOMALY_DETECTED
15.61,7.24,85.29,4.31,81.86,0.0,0.0,11.58,27.56,NOT_ABLE_TO_WATER
24.06,40.39,46.0,40.51,58.47,0.0,0.0,20.58,29.44,NOT_ABLE_TO_WATER
56.95,40.72,20.29,38.74,8.58,38027.26,1.35,51.03,25.09,HYDRIC_STRESS_ALERT
32.02,38.75,19.07,36.48,11.3,1167.51,0.03,81.93,26.03,NOT_ABLE_TO_WATER
32.37,11.71,25.62,8.85,35.08,0.0,0.0,30.4,35.29,NOT_ABLE_TO_WATER
3.08,6.63,83.8,4.34,89.56,3819.36,0.54,28.25,32.16,NOT_ABLE_TO_WATER
4.98,17.32,70.19,17.86,82.97,157285.8,5.14,51.36,31.02,WATER
86.24,38.31,33.16,39.31,27.17,157285.8,5.54,92.62,31.73,VENTILATE
75.94,40.67,29.83,38.86,27.54,157285.8,4.67,46.21,27.31,EXCESS_WATER
61.84,20.28,41.27,19.18,34.75,0.0,0.0,67.44,25.05,NIGHT_OK
19.22,14.19,91.45,10.96,99.55,157285.8,6.13,80.74,32.19,WATER
89.65,12.39,46.15,12.29,44.19,20381.19,0.74,90.84,38.28,ANOMALY_DETECTED
59.12,26.21,60.74,22.39,60.48,157285.8,5.16,59.02,26.38,OK
11.1,39.31,79.91,36.87,74.7,0.0,0.0,94.94,36.95,NOT_ABLE_TO_WATER
73.8,41.02,67.84,38.16,60.82,0.0,0.0,36.48,29.4,FUNGI_ALERT_EXCESS_WATER
74.08,30.71,49.95,34.07,44.88,116124.78,4.15,83.23,30.47,OK
90.8,23.65,20.87,18.49,21.48,52.36,0.21,88.12,32.34,LOW_LIGHT
55.68,35.67,29.65,34.17,40.73,0.0,0.0,53.68,31.67,NIGHT_OK
95.81,28.35,89.28,28.63,95.97,157285.8,5.22,67.06,32.78,FUNGI_ALERT_EXCESS_WATER
77.82,24.21,31.36,22.05,22.34,32192.65,0.99,83.23,27.9,OK
19.57,37.79,18.16,36.1,22.98,19139.98,0.25,16.99,32.11,NOT_ABLE_TO_WATER
22.78,14.33,58.43,12.51,60.16,0.0,0.0,13.98,31.91,NOT_ABLE_TO_WATER
12.85,21.5,92.2,24.63,95.38,8999.63,0.01,10.23,28.78,NOT_ABLE_TO_WATER
62.35,20.49,20.29,21.46,13.65,28215.9,1.1,65.28,31.87,OK
59.88,32.93,36.28,30.28,27.86,153815.06,4.9,94.9,26.28,WATER
45.59,5.06,74.21,2.31,63.97,0.0,0.0,52.07,32.97,LOW_TEMP_ALERT
58.51,8.47,55.22,8.89,64.68,1001.43,0.0,54.59,30.91,LOW_TEMP_ALERT
67.48,16.61,30.2,16.26,24.3,0.0,0.0,63.43,24.0,NIGHT_OK
74.1,40.3,49.46,38.12,52.41,0.0,0.0,79.43,27.32,NOT_ABLE_TO_VENTILATE
62.68,25.09,91.96,22.77,100.0,0.0,0.0,64.7,24.0,NIGHT_OK
78.74,23.14,33.36,19.92,42.48,46761.36,1.38,76.93,35.68,OK
89.12,30.1,81.84,28.12,82.42,49506.97,1.74,87.9,30.83,OK
92.45,39.97,56.38,34.55,59.62,4324.75,0.06,13.5,26.34,EXCESS_WATER
8.29,nan,37.2,3.43,28.86,23134.02,0.0,12.35,24.94,INSUFFICIENT_DATA
21.62,31.11,63.84,32.34,77.53,0.0,0.0,22.59,24.91,NOT_ABLE_TO_WATER
42.16,32.65,67.63,33.31,82.28,157285.8,4.97,46.09,35.04,OK
9.41,37.12,64.57,41.62,75.0,0.0,0.0,29.8,27.9,NOT_ABLE_TO_WATER
68.41,16.07,59.39,11.44,64.05,529.9,0.17,67.15,40.32,ANOMALY_DETECTED
63.27,16.91,24.67,16.79,30.32,30740.19,0.07,63.01,28.66,OK
36.18,40.96,66.15,45.03,64.47,157285.8,5.04,85.18,32.22,WATER
100.0,16.68,23.23,14.34,20.12,0.0,0.0,93.4,27.58,LOW_TEMP_ALERT
4.56,38.34,91.0,37.95,77.34,24937.59,1.37,11.46,32.74,NOT_ABLE_TO_WATER
60.13,15.59,35.78,13.98,39.51,0.0,0.0,60.2,32.19,LOW_TEMP_ALERT
91.39,14.23,18.32,9.03,24.98,157285.8,5.26,83.94,31.43,LOW_TEMP_ALERT
82.25,35.37,69.39,32.1,57.85,112600.26,4.67,88.45,25.25,OK
45.54,21.27,34.4,19.56,22.97,157285.8,5.24,57.55,32.13,WATER
63.32,6.64,39.87,5.41,43.95,1969.15,0.0,68.16,27.76,LOW_TEMP_ALERT
62.15,31.16,42.52,29.79,53.71,0.0,0.0,45.8,27.37,FUNGI_ALERT_EXCESS_WATER
17.28,12.63,85.0,11.37,91.07,0.0,0.0,22.66,24.58,NOT_ABLE_TO_WATER
78.16,9.7,28.68,12.02,35.69,41931.58,1.85,24.68,30.42,EXCESS_WATER
0.43,29.07,33.55,29.56,39.49,157285.8,6.06,77.82,33.59,WATER
57.93,20.67,51.77,21.03,42.81,157285.8,6.16,61.99,27.42,OK
49.34,26.26,50.51,26.05,51.49,157285.8,5.03,38.16,27.64,EXCESS_WATER
8.23,30.01,35.55,28.6,31.5,0.0,0.0,87.22,32.97,NOT_ABLE_TO_WATER
24.44,10.68,77.03,4.64,74.19,592.13,0.01,21.85,31.2,NOT_ABLE_TO_WATER
23.91,17.4,39.53,18.39,32.73,27939.5,0.91,33.88,33.77,NOT_ABLE_TO_WATER
76.73,41.26,60.46,39.65,60.5,157285.8,0.03,29.59,29.39,EXCESS_WATER
62.83,16.55,74.82,17.45,85.02,0.0,0.0,59.86,34.0,NIGHT_OK
42.88,37.92,27.16,35.07,36.15,4319.01,0.0,36.35,28.4,HYDRIC_STRESS_ALERT
13.03,31.01,48.65,28.46,49.02,92114.86,3.11,16.6,37.51,ANOMALY_DETECTED
96.01,42.91,38.13,40.47,44.39,33905.73,nan,55.32,28.75,INSUFFICIENT_DATA
72.26,33.16,88.19,31.52,99.18,157285.8,5.35,52.22,25.54,FUNGI_ALERT_EXCESS_WATER
83.52,39.08,92.77,36.98,100.0,0.0,0.0,46.07,32.01,FUNGI_ALERT_EXCESS_WATER
91.45,26.29,55.43,22.17,63.15,31909.41,1.17,90.07,32.96,OK
81.37,10.08,45.85,11.35,67.15,157285.8,5.32,41.91,34.77,EXCESS_WATER
33.74,15.71,87.54,14.96,92.72,157285.8,4.86,86.35,30.71,WATER
47.98,44.1,77.55,42.61,83.75,0.0,0.0,48.64,43.96,NOT_ABLE_TO_VENTILATE
48.07,37.24,33.78,35.13,26.59,0.0,0.0,48.51,31.23,NIGHT_OK
95.79,42.34,79.51,41.16,76.65,21201.92,0.9,90.16,32.32,NOT_ABLE_TO_VENTILATE
77.87,32.27,72.67,31.41,68.18,0.0,0.0,75.21,24.0,NIGHT_OK
33.42,16.79,86.15,15.75,97.8,130315.46,4.53,88.77,33.55,WATER
29.51,10.43,61.54,9.68,58.63,157285.8,5.59,32.2,29.46,WATER
2.07,38.78,60.78,37.92,71.55,157285.8,4.78,17.76,30.72,WATER
99.38,35.99,75.87,35.23,85.46,41225.84,1.81,22.69,41.94,ANOMALY_DETECTED
16.87,8.55,82.16,9.04,97.19,0.0,0.0,15.68,28.93,NOT_ABLE_TO_WATER
42.59,29.94,46.39,28.64,39.64,47263.35,1.49,92.22,31.32,NOT_ABLE_TO_WATER
86.77,7.21,48.95,1.65,56.99,0.0,0.0,62.76,28.47,FUNGI_ALERT_EXCESS_WATER
84.06,25.14,25.24,20.08,23.68,157285.8,4.65,83.48,29.53,OK
43.06,18.25,30.94,18.05,42.29,3163.07,0.0,40.19,38.73,ANOMALY_DETECTED
61.89,5.33,75.56,3.5,75.8,157285.8,5.73,63.33,31.75,LOW_TEMP_ALERT
26.88,41.43,26.12,41.19,41.95,98304.94,4.57,31.75,28.31,WATER
74.81,32.66,40.02,31.28,64.54,83904.57,3.3,72.5,25.01,OK
41.77,24.35,25.2,19.51,29.92,0.0,0.0,46.62,29.39,NIGHT_OK
43.69,42.72,70.92,38.43,65.36,157285.8,5.86,48.68,32.01,VENTILATE
57.21,37.5,60.91,34.71,61.26,49201.15,1.29,53.85,32.77,OK
14.58,25.78,35.65,23.14,37.07,157285.8,5.18,40.25,30.54,WATER
31.91,8.75,62.57,7.87,69.23,157285.8,4.77,32.52,36.15,WATER
62.07,22.93,51.69,22.87,53.17,0.0,0.0,53.38,29.51,NIGHT_OK
56.14,35.55,16.96,32.04,28.29,157285.8,5.92,45.38,29.46,EXCESS_WATER
55.51,8.61,68.61,7.67,84.46,157285.8,5.95,21.13,24.83,FUNGI_ALERT_EXCESS_WATER
4.65,25.09,79.53,22.06,81.1,157285.8,5.21,11.44,30.77,WATER
42.43,28.32,29.82,26.45,33.55,157285.8,4.55,46.25,34.32,OK
32.35,19.56,20.14,18.37,21.61,157285.8,4.83,26.47,30.31,WATER
17.09,11.24,59.38,10.04,74.71,36362.51,1.15,12.98,33.58,NOT_ABLE_TO_WATER
77.57,37.9,56.41,35.99,79.14,157285.8,4.95,75.11,34.36,VENTILATE
20.23,40.92,72.46,38.76,76.01,157285.8,5.25,21.91,24.0,WATER
98.61,32.2,47.14,29.02,65.72,0.0,0.0,17.01,24.58,FUNGI_ALERT_EXCESS_WATER
65.04,nan,16.37,25.62,13.64,0.0,0.0,83.91,24.0,INSUFFICIENT_DATA
73.63,23.49,25.01,22.38,25.49,122.38,0.0,64.5,31.1,LOW_LIGHT
12.7,10.8,86.26,11.84,93.59,157285.8,4.25,13.02,27.49,WATER
30.01,13.2,19.1,13.54,23.3,0.0,0.0,78.11,35.27,NOT_ABLE_TO_WATER
9.07,32.87,93.47,31.38,98.51,0.0,0.0,11.81,32.65,NOT_ABLE_TO_WATER
1.35,32.33,37.21,27.29,45.84,157285.8,4.99,57.51,26.46,WATER
16.53,19.4,60.57,17.35,63.59,0.0,0.0,17.32,28.17,NOT_ABLE_TO_WATER
21.82,41.42,59.96,39.34,71.18,157285.8,5.34,23.38,34.68,WATER
47.39,28.44,43.28,28.46,54.21,157285.8,4.28,47.23,28.59,OK
33.14,25.95,19.0,27.19,32.75,9286.67,0.08,52.01,24.0,NOT_ABLE_TO_WATER
54.39,20.07,38.43,15.68,35.62,157285.8,6.31,56.22,27.51,OK
4.26,18.07,29.47,18.03,29.11,21958.87,0.63,94.58,30.64,NOT_ABLE_TO_WATER
1.72,25.75,19.6,24.85,43.13,26078.75,1.05,74.12,27.32,NOT_ABLE_TO_WATER
90.9,5.86,32.32,2.73,37.54,0.0,0.0,55.27,36.4,FUNGI_ALERT_EXCESS_WATER
15.46,33.26,39.93,32.36,42.53,99225.34,3.14,16.51,38.41,ANOMALY_DETECTED
35.73,38.78,46.9,37.71,46.7,87586.3,0.06,34.26,28.41,NOT_ABLE_TO_WATER
92.31,11.82,25.82,8.48,37.74,0.0,0.0,93.54,35.83,LOW_TEMP_ALERT
50.89,5.18,36.85,5.98,56.1,0.0,0.0,48.73,30.9,LOW_TEMP_ALERT
59.76,34.87,23.62,34.32,24.3,0.0,0.0,59.99,26.83,NIGHT_OK
84.86,41.97,36.31,43.8,29.21,157285.8,5.36,79.52,34.98,VENTILATE
91.5,17.3,16.2,13.75,18.23,0.0,0.0,87.94,24.55,LOW_TEMP_ALERT
17.43,13.88,84.64,11.4,84.38,0.0,0.0,11.88,26.08,NOT_ABLE_TO_WATER
30.92,26.61,92.97,24.16,91.81,157285.8,4.95,28.08,28.49,WATER
47.32,10.2,32.88,7.02,41.69,0.0,0.0,48.46,26.21,LOW_TEMP_ALERT
72.48,33.09,23.36,33.29,34.77,28206.68,0.88,70.61,36.04,OK
8.87,37.75,86.88,39.45,100.0,68821.65,1.9,10.07,31.03,NOT_ABLE_TO_WATER
75.82,30.83,80.05,25.34,97.86,8691.54,1.08,37.73,33.88,FUNGI_ALERT_EXCESS_WATER
71.26,10.33,26.45,10.93,30.2,67039.65,2.87,64.74,34.26,LOW_TEMP_ALERT
34.28,21.89,67.59,19.56,73.4,31982.21,0.45,73.72,31.55,NOT_ABLE_TO_WATER
44.27,32.27,80.51,26.21,86.78,0.0,0.0,49.5,36.57,NIGHT_OK
91.69,17.84,48.91,16.71,45.06,157285.8,5.72,88.63,nan,INSUFFICIENT_DATA
66.95,14.71,90.4,15.71,93.06,157285.8,5.59,65.75,29.01,OK
72.87,11.63,72.94,10.75,95.31,85063.61,2.96,75.73,32.44,LOW_TEMP_ALERT
62.57,33.7,40.22,28.63,53.73,0.0,0.0,59.21,29.86,NIGHT_OK
50.13,11.99,55.61,9.65,76.49,157285.8,5.09,45.31,28.63,LOW_TEMP_ALERT
86.69,19.41,37.75,20.3,51.94,157285.8,4.66,92.24,30.96,OK
94.47,42.24,35.23,41.87,37.98,2177.27,0.0,93.78,28.45,NOT_ABLE_TO_VENTILATE
73.88,22.75,43.87,17.69,44.94,5849.57,0.0,62.62,31.35,EXCESS_WATER
93.89,37.5,88.03,41.07,93.02,6626.58,0.14,92.61,45.36,ANOMALY_DETECTED
78.81,42.43,93.75,44.6,98.35,0.0,0.0,73.93,31.1,NOT_ABLE_TO_VENTILATE
65.48,13.39,44.76,10.25,47.85,1998.22,0.0,37.16,25.72,EXCESS_WATER
9.73,18.49,18.31,14.59,18.49,157285.8,5.39,14.93,41.44,ANOMALY_DETECTED
38.25,8.41,60.59,5.3,83.61,157285.8,6.09,46.26,35.12,WATER
55.05,17.38,88.21,18.29,92.54,6648.14,0.82,53.24,36.29,LOW_LIGHT
83.88,37.98,29.33,34.57,46.73,44356.07,1.37,74.97,24.78,HYDRIC_STRESS_ALERT
32.52,21.74,23.78,20.13,36.87,117193.4,4.14,35.06,24.0,WATER
66.91,32.8,56.88,30.43,77.72,157285.8,5.26,49.58,33.38,EXCESS_WATER
83.49,33.29,52.37,34.55,55.1,157285.8,5.44,94.92,33.59,OK
35.15,nan,91.94,22.54,100.0,111239.25,4.06,16.54,29.65,INSUFFICIENT_DATA
78.65,16.09,64.56,15.32,65.26,0.0,0.0,31.61,27.92,FUNGI_ALERT_EXCESS_WATER
39.56,31.09,22.89,29.22,32.07,9136.59,0.88,35.52,24.73,NOT_ABLE_TO_WATER
13.14,28.65,24.18,26.18,20.13,157285.8,5.48,20.78,28.04,WATER
11.67,14.45,79.38,16.05,89.09,157285.8,4.6,10.42,24.0,WATER
15.66,11.31,18.75,14.46,17.05,157285.8,5.61,24.99,31.16,WATER
94.08,30.53,76.17,29.81,85.15,157285.8,6.66,85.59,25.81,OK
10.74,40.39,35.81,39.98,51.86,130275.65,4.07,12.05,32.29,WATER
55.17,8.08,94.52,7.95,100.0,157285.8,4.27,56.74,29.19,LOW_TEMP_ALERT
68.96,17.51,54.2,17.33,69.39,151921.83,4.15,68.94,41.65,ANOMALY_DETECTED
67.07,33.38,42.44,31.22,35.17,157285.8,5.96,14.34,45.11,ANOMALY_DETECTED
3.88,29.56,87.24,31.82,99.69,9751.26,0.4,24.74,28.45,NOT_ABLE_TO_WATER
90.72,38.37,51.06,34.95,57.21,105249.18,3.48,86.38,29.02,VENTILATE
98.4,39.42,63.31,40.9,63.13,157285.8,4.98,93.9,24.0,VENTILATE
29.14,6.39,16.96,7.61,12.76,8797.11,0.0,56.03,33.83,NOT_ABLE_TO_WATER
79.92,30.73,66.87,27.95,78.12,0.0,0.0,79.64,33.32,NIGHT_OK
36.24,30.52,29.16,28.59,29.35,0.0,0.0,44.25,31.65,NOT_ABLE_TO_WATER
56.47,16.35,79.2,13.18,90.14,122066.05,3.92,63.82,27.44,LOW_TEMP_ALERT
58.75,8.5,62.13,9.53,64.06,157285.8,5.69,63.89,37.57,ANOMALY_DETECTED
15.33,38.16,75.96,31.44,80.26,3335.73,0.24,21.71,24.0,NOT_ABLE_TO_WATER
26.92,37.03,89.47,32.2,96.44,0.0,0.0,33.12,24.0,NOT_ABLE_TO_WATER
70.27,44.7,64.24,41.16,67.09,157285.8,3.9,73.57,30.82,VENTILATE
80.48,43.71,51.57,42.19,52.12,4247.49,0.0,82.72,33.14,NOT_ABLE_TO_VENTILATE
27.35,32.57,33.03,31.22,34.45,0.0,0.0,70.69,38.64,NOT_ABLE_TO_WATER
12.88,10.26,66.65,nan,66.83,39972.92,1.65,15.93,29.82,INSUFFICIENT_DATA
68.05,39.44,41.53,39.53,49.16,0.0,0.0,62.78,28.07,NOT_ABLE_TO_VENTILATE
63.34,34.35,90.86,32.39,100.0,0.0,0.0,66.59,31.36,NIGHT_OK
90.25,38.21,38.92,34.53,40.13,9659.15,0.29,83.79,26.36,NOT_ABLE_TO_VENTILATE
91.9,17.32,91.56,13.09,90.57,0.0,0.0,60.76,29.28,FUNGI_ALERT_EXCESS_WATER
53.43,42.7,62.17,41.31,60.63,157285.8,6.32,50.39,26.43,VENTILATE
57.43,28.95,81.36,25.22,70.02,157285.8,5.56,83.73,29.62,WATER
44.68,9.03,48.18,2.47,53.45,0.0,0.0,30.49,30.42,FUNGI_ALERT_EXCESS_WATER
63.62,28.35,46.15,25.46,68.25,157285.8,4.64,88.18,30.63,WATER
31.94,44.65,28.74,42.58,47.73,0.0,0.0,37.06,32.51,NOT_ABLE_TO_WATER
87.43,17.14,70.04,16.34,71.98,15258.65,0.05,90.95,32.59,OK
95.63,22.89,25.72,24.58,36.48,157285.8,4.64,90.15,34.42,OK
17.13,24.41,18.97,22.2,27.92,0.0,0.0,70.07,29.33,NOT_ABLE_TO_WATER
71.6,34.36,82.46,37.21,88.76,157285.8,5.19,61.57,31.87,FUNGI_ALERT_EXCESS_WATER
24.45,8.02,24.46,5.77,27.35,104711.72,3.4,36.69,28.08,WATER
52.63,31.09,53.34,30.35,69.83,121576.85,3.85,29.16,32.66,EXCESS_WATER
68.59,27.55,25.92,28.91,26.55,0.0,0.0,62.32,24.0,NIGHT_OK
66.31,24.78,93.88,24.4,89.27,27111.3,0.29,72.04,25.49,OK
95.93,41.07,44.71,38.18,54.14,0.0,0.0,53.99,44.48,FUNGI_ALERT_EXCESS_WATER
53.02,9.97,65.85,8.72,75.96,0.0,0.0,45.6,31.03,LOW_TEMP_ALERT
33.07,21.11,90.71,19.28,94.81,5262.65,0.0,33.14,43.04,ANOMALY_DETECTED
39.47,40.64,19.64,40.02,20.19,34396.38,1.33,39.32,24.0,NOT_ABLE_TO_WATER
74.78,35.55,31.21,31.93,38.42,31902.29,0.86,73.01,29.99,OK
60.82,22.86,60.41,20.16,64.94,157285.8,5.06,54.59,24.0,OK
53.15,11.0,48.31,10.03,46.26,157285.8,4.47,69.19,28.67,WATER
25.54,6.77,74.81,4.31,87.47,157285.8,0.01,23.71,32.8,NOT_ABLE_TO_WATER
68.39,35.95,61.53,34.9,67.21,157285.8,4.72,85.42,30.32,WATER
79.87,33.65,21.21,31.52,34.39,157285.8,5.26,21.59,24.26,EXCESS_WATER
16.57,31.67,19.38,29.62,23.2,41213.89,1.5,13.52,28.86,NOT_ABLE_TO_WATER
92.9,12.1,87.95,7.96,83.33,53760.97,1.76,94.95,35.03,LOW_TEMP_ALERT
27.69,11.37,53.55,8.79,52.87,157285.8,5.65,51.71,31.94,WATER
22.77,35.14,50.45,30.31,62.45,0.0,0.0,64.12,34.08,NOT_ABLE_TO_WATER
89.45,21.1,71.45,16.24,69.3,157285.8,4.33,70.61,29.44,FUNGI_ALERT_EXCESS_WATER
86.18,44.69,72.79,42.29,75.55,34778.53,1.36,85.32,24.0,NOT_ABLE_TO_VENTILATE
9.54,23.68,80.55,23.16,83.26,0.0,0.0,13.89,29.59,NOT_ABLE_TO_WATER
65.0,27.95,26.44,25.58,44.21,157285.8,5.11,65.1,26.25,OK
75.79,6.41,21.55,4.85,36.11,0.0,0.0,76.91,24.49,LOW_TEMP_ALERT
1.46,32.55,69.1,28.08,51.98,0.0,0.0,18.98,27.7,NOT_ABLE_TO_WATER
51.39,5.13,23.94,2.23,36.65,43192.35,1.17,54.47,27.21,LOW_TEMP_ALERT
2.09,20.21,68.17,18.11,69.02,0.0,0.0,37.63,31.55,NOT_ABLE_TO_WATER
4.28,8.0,54.07,12.45,59.27,157285.8,5.1,33.3,29.05,WATER
79.66,22.99,89.08,23.18,100.0,157285.8,4.71,82.58,38.83,ANOMALY_DETECTED
89.86,38.76,64.92,37.38,79.41,0.0,0.0,41.81,27.6,FUNGI_ALERT_EXCESS_WATER
86.83,16.4,66.24,12.93,82.93,59810.88,2.56,83.71,28.83,LOW_TEMP_ALERT
43.15,5.38,37.34,5.64,43.94,0.0,0.0,24.79,35.04,FUNGI_ALERT_EXCESS_WATER
43.34,9.25,83.57,6.38,97.42,0.0,0.0,39.16,32.55,LOW_TEMP_ALERT
60.66,39.52,85.99,37.44,77.58,131967.7,4.38,51.68,30.72,VENTILATE
15.36,38.89,52.82,nan,75.33,135298.88,5.55,14.65,36.54,INSUFFICIENT_DATA
8.53,13.33,68.33,11.66,75.57,157285.8,5.04,81.73,29.32,WATER
6.71,16.62,93.4,12.54,95.4,0.0,0.0,16.79,37.16,NOT_ABLE_TO_WATER
68.37,14.35,20.87,10.64,27.77,41036.11,1.57,21.54,26.87,EXCESS_WATER
52.56,24.1,62.11,22.82,73.04,38560.21,0.94,22.29,30.13,EXCESS_WATER
11.11,29.2,82.8,28.04,93.09,8029.62,0.0,87.47,24.0,NOT_ABLE_TO_WATER
61.03,24.25,82.74,22.92,91.64,87852.31,2.67,55.96,29.58,OK
50.76,nan,64.48,23.72,74.48,0.0,0.0,88.16,28.99,INSUFFICIENT_DATA
63.1,16.67,73.69,13.83,69.99,0.0,0.0,74.11,31.62,NOT_ABLE_TO_WATER
38.69,37.34,82.19,36.75,94.14,0.0,0.0,41.21,29.52,NOT_ABLE_TO_WATER
94.98,37.75,16.27,37.0,28.35,0.0,0.0,77.32,40.29,FUNGI_ALERT_EXCESS_WATER
32.6,43.11,67.17,45.2,90.46,25049.98,0.39,51.87,38.42,ANOMALY_DETECTED
100.0,29.19,93.8,29.28,100.0,12579.98,0.81,91.17,24.0,OK
90.36,10.31,57.71,11.74,63.24,0.0,0.0,89.05,28.54,LOW_TEMP_ALERT
87.13,20.04,90.45,18.07,79.58,10086.32,0.27,60.05,27.04,FUNGI_ALERT_EXCESS_WATER
36.73,42.51,83.3,42.22,81.29,0.0,0.0,60.45,25.49,NOT_ABLE_TO_WATER
nan,42.68,27.84,48.2,37.74,157285.8,5.32,76.91,30.01,INSUFFICIENT_DATA
12.95,19.14,69.92,20.25,68.42,157285.8,4.07,17.33,42.79,ANOMALY_DETECTED
55.18,37.24,29.31,34.68,30.77,18942.79,0.33,57.42,33.68,OK
9.82,21.85,48.95,18.98,59.14,157285.8,4.97,66.67,39.44,ANOMALY_DETECTED
30.28,43.19,29.23,43.22,38.28,4499.25,0.19,37.26,38.05,ANOMALY_DETECTED
38.76,13.57,89.78,11.93,84.65,157285.8,5.4,36.12,28.45,WATER
62.15,26.12,25.04,22.66,36.63,4723.52,0.34,62.59,29.7,LOW_LIGHT
73.51,13.4,43.21,9.35,56.33,0.0,0.0,41.59,32.0,FUNGI_ALERT_EXCESS_WATER
82.55,21.56,79.47,22.91,82.43,0.0,0.0,84.44,30.18,NIGHT_OK
20.27,26.71,54.89,23.83,50.1,42870.99,1.82,94.52,30.64,NOT_ABLE_TO_WATER
93.56,26.44,39.55,26.58,43.0,0.0,0.0,92.51,37.34,NIGHT_OK
68.92,17.01,61.21,15.65,71.85,125102.28,4.86,72.4,34.55,OK
81.99,30.42,74.02,28.11,76.56,23642.19,1.18,83.17,35.43,OK
39.71,42.85,21.63,41.68,28.4,nan,0.0,43.32,33.07,INSUFFICIENT_DATA
17.25,30.57,68.7,28.37,78.53,9811.34,0.7,82.82,30.96,NOT_ABLE_TO_WATER
87.69,21.22,48.08,18.46,63.68,0.0,0.0,90.35,31.29,NIGHT_OK
41.51,41.27,36.29,41.27,39.03,0.0,0.0,49.28,34.31,NOT_ABLE_TO_VENTILATE
0.53,13.56,40.84,12.24,44.24,0.0,0.0,65.22,32.52,NOT_ABLE_TO_WATER
72.3,30.78,17.91,28.47,9.57,5055.59,0.89,62.24,34.4,EXCESS_WATER
0.76,43.28,67.79,42.56,71.59,0.0,0.0,61.97,30.08,NOT_ABLE_TO_WATER
47.39,7.17,93.72,3.44,100.0,157285.8,4.46,55.31,28.76,LOW_TEMP_ALERT
83.04,18.71,34.04,16.04,44.27,157285.8,6.03,86.95,31.03,OK
81.6,25.64,29.05,24.52,31.18,6374.75,1.18,76.76,27.59,LOW_LIGHT
89.45,28.53,51.11,28.52,57.98,89252.36,3.22,90.74,31.18,OK
19.41,19.52,38.31,18.19,47.52,157285.8,4.8,47.09,42.46,ANOMALY_DETECTED
83.08,23.66,63.07,21.05,72.52,157285.8,4.85,80.62,26.47,OK
33.94,30.46,33.1,30.8,32.32,5513.87,0.3,36.31,45.72,ANOMALY_DETECTED
69.45,28.4,56.01,27.81,78.12,0.0,0.0,91.69,30.13,NOT_ABLE_TO_WATER
78.33,36.28,66.99,35.9,75.23,20708.36,0.88,72.87,33.22,OK
96.1,38.08,65.02,34.02,75.5,157285.8,5.75,93.48,28.14,VENTILATE
92.68,42.67,33.4,40.37,41.6,157285.8,4.61,69.24,32.09,EXCESS_WATER
10.07,44.38,85.17,41.8,95.69,0.0,0.0,12.85,33.0,NOT_ABLE_TO_WATER
96.88,31.91,88.36,30.81,93.89,34955.28,0.69,33.8,33.59,FUNGI_ALERT_EXCESS_WATER
41.7,6.54,26.27,5.2,15.79,157285.8,3.89,72.46,24.0,WATER
17.09,38.63,37.93,37.23,43.64,34279.65,0.93,23.0,35.89,NOT_ABLE_TO_WATER
71.9,28.19,64.87,26.23,79.48,157285.8,4.91,44.99,29.42,EXCESS_WATER
79.34,9.43,93.13,11.93,93.88,157285.8,4.69,74.41,26.19,LOW_TEMP_ALERT
82.75,30.75,91.41,30.54,100.0,0.0,0.0,82.32,29.46,NIGHT_OK
59.8,6.9,59.31,3.63,74.19,0.0,0.0,61.4,30.23,LOW_TEMP_ALERT
71.99,43.51,71.84,38.44,67.27,148027.36,0.04,17.58,24.65,FUNGI_ALERT_EXCESS_WATER
11.33,21.32,84.46,18.46,94.5,157285.8,6.1,74.58,32.98,WATER
21.08,5.61,85.44,9.41,100.0,157285.8,0.12,21.04,44.63,ANOMALY_DETECTED
88.25,36.41,81.59,32.95,86.14,1322.89,0.0,62.37,34.38,FUNGI_ALERT_EXCESS_WATER
33.68,21.06,61.39,20.94,64.86,88153.39,2.48,65.87,41.69,ANOMALY_DETECTED
71.8,11.79,37.1,10.55,45.82,0.0,0.0,74.63,30.83,LOW_TEMP_ALERT
5.05,25.07,39.17,24.75,32.84,0.0,0.0,74.87,28.74,NOT_ABLE_TO_WATER
49.02,23.63,52.96,20.62,63.03,0.0,0.0,51.53,32.69,NIGHT_OK
19.82,17.45,24.07,16.05,41.85,157285.8,5.84,15.73,28.32,WATER
73.65,24.23,58.19,25.34,66.4,0.0,0.0,92.86,29.55,NOT_ABLE_TO_WATER
52.74,42.68,92.38,37.9,100.0,31129.74,0.51,79.68,30.2,NOT_ABLE_TO_WATER
61.19,43.52,64.08,41.6,71.41,32766.69,1.0,63.09,28.81,NOT_ABLE_TO_VENTILATE
82.39,34.72,39.97,32.99,49.18,141129.0,4.0,83.09,29.02,OK
78.33,13.36,54.44,14.12,62.65,0.0,0.0,80.45,30.81,LOW_TEMP_ALERT
16.35,11.25,41.72,10.44,39.56,49929.58,0.15,52.91,24.0,NOT_ABLE_TO_WATER
23.53,12.45,84.42,9.07,90.93,0.0,0.0,20.36,43.62,NOT_ABLE_TO_WATER
78.12,17.4,64.53,15.89,70.85,48225.5,1.94,81.22,26.45,OK
50.41,42.9,56.91,41.06,66.73,110602.54,4.56,70.09,35.81,WATER
71.74,25.37,60.42,23.19,56.96,0.0,0.0,61.9,31.01,NIGHT_OK
44.92,29.42,82.38,28.41,89.81,0.0,0.0,42.39,26.45,NIGHT_OK
51.18,20.25,26.04,21.33,31.26,157285.8,5.49,73.88,37.99,ANOMALY_DETECTED
45.26,27.97,18.33,26.86,22.7,5989.06,0.97,57.05,30.77,NOT_ABLE_TO_WATER
61.22,18.08,74.47,19.99,75.33,0.0,0.0,59.47,40.61,NIGHT_OK
95.76,23.45,69.81,21.49,61.0,0.0,0.0,39.66,35.48,FUNGI_ALERT_EXCESS_WATER
13.07,42.67,82.07,40.48,98.0,157285.8,4.56,25.57,26.69,WATER
84.11,31.38,52.67,30.02,41.92,0.0,0.0,79.3,29.67,NIGHT_OK
92.35,26.88,42.21,24.4,59.66,0.0,0.0,87.07,31.15,NIGHT_OK
18.5,31.91,61.39,29.72,74.26,157285.8,5.27,25.99,36.15,WATER
6.67,35.02,43.07,33.36,54.43,6043.15,0.0,83.61,33.44,NOT_ABLE_TO_WATER
58.43,34.35,26.41,31.27,33.12,10047.25,0.76,60.48,33.01,OK
14.83,18.12,22.94,14.32,23.13,157285.8,4.95,12.5,30.69,WATER
31.0,12.32,90.39,9.33,100.0,0.0,0.0,62.0,28.11,NOT_ABLE_TO_WATER
21.25,20.55,44.36,19.77,41.63,37355.39,0.67,18.14,25.35,NOT_ABLE_TO_WATER
12.62,5.37,57.29,4.42,48.95,157285.8,6.04,16.19,24.0,WATER
73.85,11.49,62.8,8.89,73.22,157285.8,5.36,63.97,34.15,LOW_TEMP_ALERT
19.62,8.85,29.64,7.91,28.32,114138.14,3.5,66.42,30.57,WATER
23.87,23.34,64.8,18.51,67.4,22053.09,0.82,53.81,26.28,NOT_ABLE_TO_WATER
35.74,14.08,74.19,13.53,80.07,6941.94,0.23,21.79,24.0,NOT_ABLE_TO_WATER
42.63,8.89,69.76,7.04,70.65,35167.01,1.53,77.39,27.46,NOT_ABLE_TO_WATER
14.01,39.07,54.59,33.89,68.13,157285.8,5.14,14.67,27.4,WATER
62.74,14.38,54.86,14.13,73.26,157285.8,5.03,58.1,30.49,LOW_TEMP_ALERT
80.55,43.19,49.6,40.91,60.07,79494.1,3.26,87.99,32.95,VENTILATE
97.76,13.29,53.05,12.67,45.84,0.0,0.0,78.89,27.3,FUNGI_ALERT_EXCESS_WATER
33.17,35.63,46.53,35.38,48.37,131144.31,4.07,30.59,25.71,WATER
24.12,29.53,63.7,27.36,72.66,157285.8,5.71,nan,29.92,INSUFFICIENT_DATA
90.58,11.12,59.88,8.98,67.87,2527.11,0.0,82.47,26.81,LOW_TEMP_ALERT
36.7,11.75,34.68,11.94,39.23,6229.35,0.0,75.29,30.34,NOT_ABLE_TO_WATER
79.12,22.67,83.35,19.55,92.88,115386.57,3.52,82.09,32.4,OK
49.43,17.44,92.75,13.66,91.7,157285.8,4.48,24.14,28.07,FUNGI_ALERT_EXCESS_WATER
49.56,11.77,76.86,12.22,72.46,144884.3,5.1,57.14,30.29,LOW_TEMP_ALERT
44.34,31.19,47.69,28.75,49.2,157285.8,5.81,31.86,29.44,EXCESS_WATER
18.93,8.52,22.86,3.03,17.56,157285.8,6.03,23.4,34.08,WATER
64.64,22.69,22.99,21.86,30.41,0.0,0.0,11.64,34.45,FUNGI_ALERT_EXCESS_WATER
30.73,5.28,74.83,2.03,84.68,43419.83,0.73,66.87,25.72,NOT_ABLE_TO_WATER
52.32,16.1,44.81,14.66,52.66,157285.8,5.04,47.84,24.12,LOW_TEMP_ALERT
68.53,22.05,86.53,18.12,94.61,0.0,0.0,67.28,24.36,NIGHT_OK
8.48,41.96,79.88,36.05,82.05,157285.8,5.4,12.32,33.66,WATER
9.66,18.42,87.76,14.18,90.08,0.0,0.0,48.86,38.59,NOT_ABLE_TO_WATER
84.61,33.81,57.24,31.79,62.2,nan,1.32,12.01,34.28,INSUFFICIENT_DATA
18.62,24.48,91.98,23.6,89.44,17737.18,0.71,38.84,26.88,NOT_ABLE_TO_WATER
45.11,34.65,43.43,32.31,38.63,157285.8,5.82,47.58,24.89,OK
48.27,18.97,58.25,16.58,59.47,157285.8,6.23,44.9,26.41,OK
87.19,18.63,93.88,16.19,99.13,30175.5,1.19,78.12,27.17,OK
42.26,23.75,65.73,23.42,76.44,157285.8,4.8,48.83,30.39,OK
27.7,19.78,43.83,18.33,61.84,0.0,0.0,28.28,31.77,NOT_ABLE_TO_WATER
78.11,20.72,20.75,22.47,23.56,99164.95,2.91,13.98,28.0,EXCESS_WATER
80.6,19.64,68.31,18.87,62.99,16447.22,0.35,70.46,31.64,EXCESS_WATER
34.74,42.68,15.38,40.77,14.34,157285.8,6.03,60.02,25.49,WATER
26.65,12.65,39.77,9.27,42.9,10390.33,0.17,19.95,26.11,NOT_ABLE_TO_WATER
56.48,34.93,41.33,31.19,51.44,108521.35,3.15,48.31,34.59,OK
32.26,12.02,29.17,11.37,42.21,91271.63,3.28,93.37,29.5,WATER
32.26,36.96,79.1,35.33,86.93,157285.8,5.83,38.52,28.22,WATER
16.89,29.19,18.49,27.78,27.67,0.0,0.0,23.0,29.95,NOT_ABLE_TO_WATER
55.09,12.42,18.95,11.91,19.95,31912.39,1.16,55.25,27.43,LOW_TEMP_ALERT
56.83,12.71,57.81,13.15,66.33,2888.21,0.75,48.87,29.32,LOW_TEMP_ALERT
5.89,33.53,87.4,31.86,85.42,0.0,0.0,22.54,31.53,NOT_ABLE_TO_WATER
0.07,27.4,82.88,29.79,80.31,36148.44,1.49,21.36,24.0,NOT_ABLE_TO_WATER
31.28,16.46,33.03,11.74,31.31,157285.8,4.92,84.9,28.57,WATER
68.06,18.99,71.13,19.82,72.39,157285.8,5.41,64.94,29.95,OK
64.67,44.51,48.71,43.53,45.29,0.0,0.0,57.29,29.96,NOT_ABLE_TO_VENTILATE
60.5,44.07,21.02,43.28,24.85,0.0,0.0,63.58,35.2,HYDRIC_STRESS_ALERT
57.6,8.14,83.58,6.33,80.41,157285.8,4.81,17.41,31.35,FUNGI_ALERT_EXCESS_WATER
12.14,42.54,86.64,37.83,98.24,590.85,0.0,56.11,29.13,NOT_ABLE_TO_WATER
1.28,23.38,44.09,25.49,39.42,157285.8,6.53,17.39,34.4,WATER
48.34,33.6,76.95,30.03,76.55,157285.8,4.8,63.9,27.83,WATER
83.18,10.86,92.39,10.28,100.0,0.0,0.0,86.3,29.48,LOW_TEMP_ALERT
36.35,18.3,53.56,15.24,52.01,0.0,0.0,82.05,30.67,NOT_ABLE_TO_WATER
85.78,15.49,48.21,12.73,51.5,0.0,0.0,80.93,39.87,LOW_TEMP_ALERT
18.61,31.99,92.91,32.57,100.0,0.0,0.0,55.63,24.0,NOT_ABLE_TO_WATER
73.76,39.16,30.39,39.34,25.24,0.0,0.0,nan,32.39,INSUFFICIENT_DATA
14.18,15.77,69.06,16.54,78.69,0.0,0.0,69.62,32.11,NOT_ABLE_TO_WATER
8.38,19.86,62.61,15.53,54.7,49685.2,1.48,67.29,27.46,NOT_ABLE_TO_WATER
57.63,27.75,50.18,27.53,54.2,4042.06,0.3,53.05,31.4,LOW_LIGHT
21.51,10.02,54.93,7.65,58.22,7690.51,0.61,21.68,39.19,ANOMALY_DETECTED
95.98,17.43,87.86,14.63,86.7,56700.73,1.49,94.13,26.87,LOW_TEMP_ALERT
38.4,34.58,52.57,30.88,56.89,157285.8,5.42,41.49,24.0,WATER
84.24,22.48,18.03,19.65,16.33,157285.8,4.55,82.2,28.44,OK
46.05,28.56,59.91,30.17,52.11,126289.41,4.16,41.63,33.15,OK
25.14,43.19,47.72,42.97,74.1,0.0,0.0,26.43,25.72,NOT_ABLE_TO_WATER
3.37,38.2,25.47,34.04,23.59,157285.8,5.9,52.47,37.94,ANOMALY_DETECTED
56.23,8.22,49.96,6.01,47.45,24902.71,1.21,55.57,32.72,LOW_TEMP_ALERT
53.35,12.04,78.69,11.35,95.24,0.0,0.0,52.06,33.47,LOW_TEMP_ALERT
74.58,36.79,63.33,33.96,67.32,1721.06,0.06,66.79,24.0,LOW_LIGHT
91.79,36.8,70.05,33.15,79.06,50234.85,1.48,79.44,32.98,FUNGI_ALERT_EXCESS_WATER
50.84,17.56,62.08,14.27,69.77,0.0,0.0,58.84,35.54,LOW_TEMP_ALERT
37.29,14.89,47.42,19.64,52.99,4425.84,0.15,31.04,30.96,NOT_ABLE_TO_WATER
75.19,35.46,79.1,35.01,72.8,0.0,0.0,68.21,32.37,NIGHT_OK
11.88,35.4,64.94,34.6,62.64,30956.77,1.24,26.62,35.38,NOT_ABLE_TO_WATER
60.84,36.62,90.31,31.33,100.0,0.0,0.0,25.79,26.1,FUNGI_ALERT_EXCESS_WATER
25.11,9.97,44.85,8.38,47.78,0.0,0.0,35.68,30.7,NOT_ABLE_TO_WATER
0.66,16.21,72.6,13.35,73.1,5816.25,0.69,44.96,34.93,NOT_ABLE_TO_WATER
90.51,12.39,86.33,8.3,94.18,147380.99,4.17,90.82,28.09,LOW_TEMP_ALERT
71.43,19.02,25.14,19.16,30.65,0.0,0.0,74.23,29.82,NIGHT_OK
68.18,23.5,89.44,20.78,91.01,157285.8,4.43,77.4,45.34,ANOMALY_DETECTED
56.92,18.4,42.33,19.44,38.99,157285.8,5.21,59.97,29.12,OK
25.37,19.98,32.28,20.49,24.51,157285.8,6.0,21.83,30.39,WATER
69.66,27.17,47.21,23.97,57.01,61290.22,2.13,71.67,26.6,OK
8.57,41.46,25.66,40.74,15.56,46076.24,1.01,12.66,27.64,NOT_ABLE_TO_WATER
24.43,8.57,51.75,8.07,62.97,0.0,0.0,25.56,30.84,NOT_ABLE_TO_WATER
42.57,28.76,73.38,26.22,74.25,157285.8,0.04,70.75,33.91,NOT_ABLE_TO_WATER
17.64,32.65,46.81,31.89,53.2,0.0,0.0,14.47,26.97,NOT_ABLE_TO_WATER
18.67,6.26,21.88,3.62,29.23,157285.8,3.74,19.76,31.88,WATER
41.44,37.1,85.59,36.98,98.3,157285.8,4.21,11.5,33.25,FUNGI_ALERT_EXCESS_WATER
75.63,12.33,78.84,8.67,98.81,26169.22,1.26,11.64,33.16,FUNGI_ALERT_EXCESS_WATER
42.11,21.44,82.04,20.95,96.92,42092.17,2.04,40.78,27.18,OK
58.76,25.25,56.07,27.67,73.78,157285.8,6.03,30.71,39.45,ANOMALY_DETECTED
94.76,43.09,87.33,43.25,97.65,157285.8,4.4,92.6,33.29,VENTILATE
42.38,6.76,89.82,2.26,92.78,0.0,0.0,28.7,34.2,FUNGI_ALERT_EXCESS_WATER
44.21,6.81,19.8,5.1,29.81,0.0,0.0,47.48,30.88,LOW_TEMP_ALERT
24.03,39.91,29.77,34.38,33.77,2982.79,0.0,20.27,31.4,NOT_ABLE_TO_WATER
81.69,5.54,72.74,4.34,88.8,71303.83,2.62,86.25,33.58,LOW_TEMP_ALERT
47.83,41.19,59.06,41.72,74.69,157285.8,5.79,48.7,30.66,VENTILATE
12.86,33.75,26.05,33.51,37.29,147463.97,4.11,15.57,31.86,WATER
65.51,37.84,51.01,36.49,58.41,0.0,0.0,64.38,29.99,NOT_ABLE_TO_VENTILATE
73.26,11.21,58.59,8.49,71.89,0.0,0.0,91.92,26.44,NOT_ABLE_TO_WATER
71.68,20.18,62.38,18.2,65.36,157285.8,5.44,nan,34.3,INSUFFICIENT_DATA
71.38,9.17,87.83,7.75,100.0,157285.8,5.42,74.4,31.37,LOW_TEMP_ALERT
88.42,25.1,67.31,25.23,78.37,157285.8,5.71,37.34,29.58,EXCESS_WATER
55.54,39.75,32.59,39.39,27.81,0.0,0.0,53.16,31.31,NOT_ABLE_TO_VENTILATE
36.38,22.69,51.79,22.4,63.78,48522.07,1.25,15.11,31.45,NOT_ABLE_TO_WATER
20.05,16.47,65.62,17.25,70.18,18368.46,1.38,24.48,27.83,NOT_ABLE_TO_WATER
22.52,42.23,81.39,39.09,80.57,157285.8,5.56,93.74,33.07,WATER
13.08,23.41,91.89,18.8,93.13,21899.22,1.07,77.36,35.54,NOT_ABLE_TO_WATER
71.64,15.17,91.35,12.07,89.22,37327.0,0.78,81.11,29.38,LOW_TEMP_ALERT
68.81,7.07,34.9,3.47,38.93,0.0,0.0,74.71,29.77,LOW_TEMP_ALERT
68.75,29.24,66.12,31.72,68.26,0.0,0.0,66.21,30.38,NIGHT_OK
100.0,34.11,89.74,35.44,93.03,7717.16,0.0,94.56,32.57,LOW_LIGHT
40.23,9.41,35.93,7.51,58.25,157285.8,5.81,41.02,31.08,LOW_TEMP_ALERT
8.18,40.73,67.32,41.13,73.1,157285.8,4.89,15.35,nan,INSUFFICIENT_DATA
83.93,35.35,40.57,31.34,39.01,0.0,0.0,82.61,30.29,NIGHT_OK
31.86,18.64,68.77,18.51,74.4,157285.8,6.27,82.36,30.02,WATER
38.71,12.21,64.66,9.51,73.7,48538.99,1.8,63.14,32.02,NOT_ABLE_TO_WATER
89.93,38.24,78.54,35.95,76.71,9113.75,0.0,91.83,27.59,NOT_ABLE_TO_VENTILATE
37.98,13.03,87.13,15.31,79.51,33469.44,0.13,36.46,41.62,ANOMALY_DETECTED
69.86,19.05,62.97,18.05,57.5,157285.8,5.71,72.4,38.82,ANOMALY_DETECTED
26.65,38.84,80.2,39.2,96.49,6753.96,0.01,37.66,26.96,NOT_ABLE_TO_WATER
90.84,36.7,43.77,36.75,43.59,137384.1,4.38,84.7,32.32,VENTILATE
70.95,12.79,60.49,12.73,88.03,0.0,0.0,71.92,45.38,LOW_TEMP_ALERT
37.88,36.25,51.59,32.26,38.87,0.0,0.0,40.18,33.56,NOT_ABLE_TO_WATER
93.77,33.19,32.7,35.31,62.14,0.0,0.0,53.62,28.93,FUNGI_ALERT_EXCESS_WATER
72.4,10.61,19.47,9.25,15.03,22297.57,0.46,68.97,27.51,LOW_TEMP_ALERT
27.02,26.5,24.39,28.4,20.57,0.0,0.0,60.3,27.11,NOT_ABLE_TO_WATER
27.37,39.5,19.37,35.79,35.36,0.0,0.0,31.5,37.78,NOT_ABLE_TO_WATER
9.17,26.38,26.25,25.31,20.26,40419.83,1.43,18.62,30.4,NOT_ABLE_TO_WATER
22.8,5.21,22.55,1.93,35.56,0.0,0.0,23.62,37.67,NOT_ABLE_TO_WATER
88.87,35.82,85.59,31.73,89.48,0.0,0.0,60.01,32.1,FUNGI_ALERT_EXCESS_WATER
14.16,22.7,71.82,20.57,77.62,63602.99,2.02,11.14,27.88,WATER
44.61,34.06,44.91,31.43,57.04,122563.15,3.49,41.82,30.29,OK
57.22,14.96,78.85,12.14,88.35,50382.7,2.18,48.0,37.57,ANOMALY_DETECTED
63.35,13.64,73.67,11.45,77.96,98032.22,3.4,17.4,33.77,FUNGI_ALERT_EXCESS_WATER
97.76,44.53,47.25,39.78,63.18,1194.39,0.36,16.9,39.77,ANOMALY_DETECTED
25.45,39.25,69.19,37.07,64.62,0.0,0.0,26.77,30.76,NOT_ABLE_TO_WATER
34.86,24.18,78.12,19.91,85.82,0.0,0.0,37.06,26.88,NOT_ABLE_TO_WATER
nan,5.97,62.79,4.37,68.61,0.0,0.0,31.23,33.66,INSUFFICIENT_DATA
94.17,10.47,83.5,9.01,85.54,0.0,0.0,71.71,26.57,FUNGI_ALERT_EXCESS_WATER
31.95,22.45,89.91,19.78,100.0,20621.45,0.47,25.75,32.05,NOT_ABLE_TO_WATER
36.65,24.82,31.34,21.14,40.78,36988.55,0.73,29.76,30.02,NOT_ABLE_TO_WATER
77.38,42.38,59.47,37.53,59.65,49220.86,2.19,65.04,29.83,EXCESS_WATER
31.43,17.94,80.46,17.94,84.87,157285.8,4.83,26.89,38.02,ANOMALY_DETECTED
44.69,34.6,61.43,34.76,68.61,16307.28,1.0,43.3,31.06,OK
24.51,16.94,86.68,17.98,78.45,128788.67,4.61,26.73,32.27,WATER
65.1,22.74,nan,21.85,16.18,128671.75,3.45,86.09,28.91,INSUFFICIENT_DATA
85.48,10.34,73.69,10.67,78.41,0.0,0.0,36.61,25.6,FUNGI_ALERT_EXCESS_WATER
32.27,29.2,37.8,25.82,56.54,157285.8,5.15,33.32,33.81,WATER
4.84,37.84,47.19,36.45,55.66,0.0,0.0,38.98,28.45,NOT_ABLE_TO_WATER
52.08,24.31,54.38,21.99,66.86,157285.8,4.28,55.61,24.66,OK
83.68,37.32,68.7,36.01,74.22,157285.8,5.95,88.8,37.09,ANOMALY_DETECTED
15.73,39.95,75.6,38.91,80.3,5136.55,0.16,18.08,25.81,NOT_ABLE_TO_WATER
9.85,9.32,59.55,5.59,68.48,21362.89,0.28,90.0,32.07,NOT_ABLE_TO_WATER
93.49,25.99,25.19,24.65,17.05,0.0,0.0,53.93,24.0,FUNGI_ALERT_EXCESS_WATER
32.82,6.08,32.81,6.36,34.87,83565.86,2.55,67.25,30.46,WATER
31.6,11.52,67.59,7.99,74.53,68327.55,1.49,39.92,30.83,NOT_ABLE_TO_WATER
72.35,38.75,79.38,41.22,84.82,4707.74,0.06,74.45,32.53,NOT_ABLE_TO_VENTILATE
29.59,33.59,31.56,33.11,43.2,157285.8,5.42,34.62,24.0,WATER
66.89,20.01,78.99,19.69,86.68,112827.78,3.63,63.83,31.63,OK
88.24,39.63,53.66,39.85,70.01,0.0,0.0,77.39,32.05,FUNGI_ALERT_EXCESS_WATER
54.12,12.93,19.25,7.93,33.34,7340.06,0.61,56.9,32.56,LOW_TEMP_ALERT
58.88,14.69,76.25,11.99,87.51,157285.8,6.17,53.13,33.57,LOW_TEMP_ALERT
21.48,38.54,48.52,36.57,66.13,6881.99,0.08,27.04,29.59,NOT_ABLE_TO_WATER
48.66,43.06,69.95,42.21,61.88,2642.56,0.34,43.34,29.73,NOT_ABLE_TO_VENTILATE
33.95,40.13,30.57,39.63,23.53,125967.33,4.75,38.15,28.34,WATER
36.57,37.72,73.78,37.22,80.42,157285.8,6.08,30.7,37.72,ANOMALY_DETECTED
64.24,21.07,89.44,22.52,90.9,0.0,0.0,87.51,24.65,NOT_ABLE_TO_WATER
61.84,6.18,77.75,0.59,85.31,56598.5,1.76,55.71,38.73,ANOMALY_DETECTED
35.3,24.39,31.49,22.96,45.79,27175.52,0.77,16.2,31.97,NOT_ABLE_TO_WATER
5.22,35.41,88.48,33.64,96.65,157285.8,5.42,90.61,27.13,WATER
52.5,18.34,29.0,16.91,40.09,157285.8,5.44,51.38,31.03,OK
62.39,30.98,79.79,30.42,65.51,0.0,0.0,26.78,28.79,FUNGI_ALERT_EXCESS_WATER
41.36,6.91,31.78,2.78,36.51,0.0,0.0,41.15,24.18,LOW_TEMP_ALERT
86.96,27.42,79.03,27.83,88.7,157285.8,4.44,91.55,29.89,OK
97.53,43.68,46.37,40.12,57.3,6655.9,0.6,94.87,34.12,NOT_ABLE_TO_VENTILATE
58.35,41.07,88.59,41.06,97.73,122586.61,3.95,55.36,24.37,VENTILATE
96.35,25.16,39.4,22.94,51.52,157285.8,4.65,85.99,40.77,ANOMALY_DETECTED
49.68,43.38,94.65,41.83,95.59,0.0,0.0,57.61,35.25,NOT_ABLE_TO_VENTILATE
46.21,18.25,52.05,21.14,44.48,157285.8,5.68,48.41,31.19,OK
78.18,34.22,50.39,36.71,73.21,157285.8,4.35,39.28,31.81,EXCESS_WATER
89.82,17.46,66.29,15.76,61.16,157285.8,5.19,88.1,34.39,OK
62.68,31.16,69.85,30.25,64.95,157285.8,4.28,65.94,32.01,OK
42.4,17.1,89.51,17.76,100.0,4178.69,0.25,38.63,28.22,LOW_LIGHT
11.45,7.88,93.53,5.17,100.0,0.0,0.0,65.7,30.59,NOT_ABLE_TO_WATER
48.37,17.28,73.27,14.16,77.65,6857.5,0.38,51.02,25.99,LOW_TEMP_ALERT
29.52,35.9,16.68,35.99,28.46,0.0,0.0,34.22,39.06,NOT_ABLE_TO_WATER
81.47,37.74,71.24,35.82,75.21,150887.14,4.5,15.39,31.04,FUNGI_ALERT_EXCESS_WATER
12.14,26.83,21.49,26.64,24.5,2442.66,0.0,48.05,35.6,NOT_ABLE_TO_WATER
30.75,14.7,74.77,12.42,93.72,157285.8,4.93,87.66,37.37,ANOMALY_DETECTED
54.1,39.72,18.29,36.05,29.29,8323.67,0.0,60.33,39.72,ANOMALY_DETECTED
75.62,21.01,94.88,19.09,99.23,144716.04,4.22,70.87,27.82,OK
31.69,19.5,25.4,18.81,22.72,10783.15,0.81,33.99,31.28,NOT_ABLE_TO_WATER
72.31,38.9,66.48,38.65,71.36,73.93,0.4,67.98,28.69,NOT_ABLE_TO_VENTILATE
17.69,37.56,80.37,35.83,97.19,9205.54,0.32,17.34,28.05,NOT_ABLE_TO_WATER
82.2,7.58,15.99,6.54,21.38,0.0,0.0,41.13,28.5,FUNGI_ALERT_EXCESS_WATER
61.84,32.62,21.41,32.34,39.66,0.0,0.0,29.96,31.05,FUNGI_ALERT_EXCESS_WATER
58.79,8.88,50.79,6.2,71.77,157285.8,0.04,43.27,31.86,EXCESS_WATER
91.61,8.48,90.43,6.91,95.14,131354.91,4.37,87.24,38.81,ANOMALY_DETECTED
43.18,43.9,29.06,42.66,26.37,5923.69,0.02,48.76,33.11,HYDRIC_STRESS_ALERT
88.05,9.99,74.68,6.12,80.69,18938.74,0.43,86.43,28.12,LOW_TEMP_ALERT
47.83,21.06,59.06,17.67,57.95,0.0,0.0,78.1,33.17,NOT_ABLE_TO_WATER
0.5,29.99,19.33,29.31,38.99,2164.77,0.21,48.24,30.09,NOT_ABLE_TO_WATER
79.07,38.23,65.99,35.25,80.55,0.0,0.0,84.2,29.19,NOT_ABLE_TO_VENTILATE
70.58,40.57,18.98,39.87,25.66,87800.78,3.27,74.67,31.4,HYDRIC_STRESS_ALERT
47.1,28.38,79.1,30.77,82.98,0.0,0.0,93.78,32.33,NOT_ABLE_TO_WATER
32.41,9.59,93.8,9.77,92.82,103891.75,3.25,29.32,35.67,WATER
82.32,30.26,23.45,29.69,18.72,157285.8,4.61,82.7,29.19,OK
53.33,18.6,62.02,15.84,74.98,29889.58,1.28,40.8,30.4,EXCESS_WATER
6.83,20.67,65.63,17.58,58.8,3255.22,0.0,11.98,25.34,NOT_ABLE_TO_WATER
51.06,29.51,60.02,26.19,69.66,39803.82,1.74,49.71,28.79,OK
81.62,34.31,47.79,31.34,51.57,135841.43,4.87,20.98,27.21,EXCESS_WATER
36.6,30.63,30.78,28.15,44.45,157285.8,5.49,35.72,34.11,WATER
17.37,41.33,43.89,38.94,45.48,4161.04,0.0,10.43,29.15,NOT_ABLE_TO_WATER
81.69,20.73,55.03,16.8,48.71,157285.8,5.11,81.53,25.79,OK
56.74,15.8,62.98,14.25,55.97,0.0,0.0,58.48,32.69,LOW_TEMP_ALERT
55.65,23.24,65.76,26.27,67.45,96600.58,3.19,15.02,27.31,EXCESS_WATER
12.41,9.56,61.33,9.84,76.65,157285.8,5.86,51.2,31.98,WATER
48.09,43.35,15.72,44.35,16.36,112162.32,3.35,42.5,30.31,HYDRIC_STRESS_ALERT
29.55,11.71,66.98,7.86,69.59,0.0,0.0,15.32,31.26,NOT_ABLE_TO_WATER
0.59,34.78,25.05,32.73,33.68,157285.8,5.22,27.44,43.87,ANOMALY_DETECTED
87.98,36.55,61.4,31.38,71.49,0.0,0.0,14.59,34.04,FUNGI_ALERT_EXCESS_WATER
66.9,26.44,53.77,21.53,48.14,157285.8,0.04,64.92,41.35,ANOMALY_DETECTED
74.06,25.36,47.02,24.34,52.68,157285.8,4.72,82.79,25.17,OK
22.25,38.1,73.4,36.18,87.4,0.0,0.0,27.94,30.26,NOT_ABLE_TO_WATER
53.8,11.36,68.07,8.69,70.66,157285.8,5.83,89.44,30.95,WATER
29.62,19.36,18.15,17.07,12.21,90386.89,2.73,29.8,25.3,WATER
15.48,13.79,32.23,14.45,49.92,8468.83,0.39,40.19,31.05,NOT_ABLE_TO_WATER
39.28,40.31,79.06,38.26,88.11,69763.06,1.6,14.65,35.29,NOT_ABLE_TO_WATER
42.46,27.44,59.91,28.64,64.55,0.0,0.0,41.52,28.72,NIGHT_OK
5.35,18.91,66.7,15.7,79.4,15841.05,0.19,72.35,28.5,NOT_ABLE_TO_WATER
31.83,10.49,90.6,12.39,99.15,6427.79,0.3,29.77,34.02,NOT_ABLE_TO_WATER
56.42,12.6,81.8,9.43,92.22,0.0,0.0,51.59,26.55,LOW_TEMP_ALERT
60.87,44.4,63.82,43.55,71.03,50784.95,0.08,58.15,31.04,NOT_ABLE_TO_VENTILATE
52.15,19.39,92.73,21.33,95.94,0.0,0.0,44.1,27.12,NIGHT_OK
18.32,15.63,57.74,17.02,66.87,0.0,0.0,17.47,26.0,NOT_ABLE_TO_WATER
26.02,8.35,33.82,5.0,54.84,157285.8,4.78,28.51,27.4,WATER
98.96,42.08,88.0,36.84,85.13,20993.14,0.68,51.93,29.68,FUNGI_ALERT_EXCESS_WATER
40.01,33.69,48.97,30.04,65.29,0.0,0.0,60.19,30.58,NOT_ABLE_TO_WATER
7.88,24.02,25.03,21.27,34.51,0.0,0.0,80.36,27.79,NOT_ABLE_TO_WATER
38.54,14.82,59.68,15.91,64.02,0.0,0.0,39.35,31.95,NOT_ABLE_TO_WATER
47.02,30.18,24.9,26.9,33.05,61244.81,2.66,52.57,32.01,OK
85.93,24.1,65.85,20.98,68.19,87933.7,2.79,85.01,35.98,OK
98.74,23.82,32.95,25.8,46.41,0.0,0.0,25.86,37.29,FUNGI_ALERT_EXCESS_WATER
75.2,25.91,65.45,24.38,73.0,0.0,0.0,79.26,31.89,NIGHT_OK
71.49,40.92,21.51,38.68,13.46,7181.62,0.0,85.37,28.52,NOT_ABLE_TO_WATER
40.57,34.73,89.35,31.7,92.24,157285.8,4.37,34.61,29.96,OK
53.02,33.43,60.08,35.04,58.03,0.0,0.0,53.74,31.34,NIGHT_OK
13.48,18.4,21.83,16.29,22.18,1506.09,0.32,46.7,27.73,NOT_ABLE_TO_WATER
76.77,16.35,92.36,16.8,96.7,34425.72,1.27,82.97,30.87,OK
3.21,23.32,71.04,22.38,73.07,62473.86,1.93,34.36,24.0,NOT_ABLE_TO_WATER
34.97,27.18,33.34,24.61,43.03,157285.8,4.43,37.38,24.0,WATER
58.03,30.24,15.89,27.62,10.29,29995.96,0.11,64.14,31.14,OK
89.41,11.4,29.72,9.14,37.99,87815.71,3.51,91.68,30.05,LOW_TEMP_ALERT
81.77,26.53,92.64,26.04,100.0,157285.8,4.94,81.64,27.15,OK
54.17,14.9,23.64,15.05,32.27,0.0,0.0,42.78,30.32,FUNGI_ALERT_EXCESS_WATER
20.28,14.55,30.67,11.68,30.29,12250.01,1.05,17.75,34.77,NOT_ABLE_TO_WATER
38.6,38.2,39.99,36.01,51.15,157285.8,5.66,22.91,30.07,WATER
9.7,15.29,81.55,13.77,94.1,6269.62,0.65,88.71,29.72,NOT_ABLE_TO_WATER
24.95,19.67,33.58,15.72,30.15,157285.8,4.7,21.64,32.23,WATER
39.65,26.88,70.17,26.6,73.14,36239.57,0.7,38.73,29.44,NOT_ABLE_TO_WATER
5.71,31.68,22.43,31.74,19.74,94274.3,3.62,73.82,37.46,ANOMALY_DETECTED
83.74,27.21,18.82,25.32,22.57,0.0,0.0,30.22,30.82,FUNGI_ALERT_EXCESS_WATER
70.75,22.12,41.93,25.57,56.19,157285.8,4.4,17.34,25.01,EXCESS_WATER
19.05,15.42,94.53,16.42,98.45,0.0,0.0,18.27,33.08,NOT_ABLE_TO_WATER
25.21,9.36,21.03,9.84,31.21,119249.87,4.36,22.05,27.88,WATER
57.53,37.54,59.43,33.92,72.65,157285.8,5.37,56.8,35.29,VENTILATE
2.61,38.91,63.15,37.34,77.28,0.0,0.0,51.4,33.81,NOT_ABLE_TO_WATER
23.51,32.23,68.27,30.57,77.29,157285.8,5.28,19.9,33.6,WATER
32.12,39.99,72.86,39.28,79.24,12334.28,1.09,66.55,32.69,NOT_ABLE_TO_WATER
59.81,9.93,88.48,7.53,83.66,51907.12,0.93,73.57,32.74,NOT_ABLE_TO_WATER
82.78,8.28,35.94,4.53,38.53,138106.05,4.34,82.71,31.14,LOW_TEMP_ALERT
10.58,39.2,45.35,39.18,44.54,157285.8,4.53,54.06,27.24,WATER
28.79,11.4,78.76,8.93,90.29,157285.8,3.72,29.93,25.89,WATER
15.8,7.96,70.95,5.35,85.07,0.0,0.0,13.79,34.0,NOT_ABLE_TO_WATER
51.86,22.32,33.95,18.67,44.65,0.0,0.0,46.77,32.57,NIGHT_OK
74.12,37.08,66.8,32.64,67.43,157285.8,5.11,73.95,45.81,ANOMALY_DETECTED
28.04,11.64,94.51,10.74,100.0,0.0,0.0,29.05,28.79,NOT_ABLE_TO_WATER
55.58,20.1,28.28,19.5,41.35,4874.77,0.0,52.47,26.35,LOW_LIGHT
15.76,12.06,25.1,10.46,26.62,98994.44,3.86,23.41,31.98,WATER
2.7,25.09,23.59,23.8,19.04,0.0,0.0,26.41,33.08,NOT_ABLE_TO_WATER
37.37,11.28,65.82,7.32,74.8,0.0,0.0,16.31,24.0,NOT_ABLE_TO_WATER
96.19,18.84,33.91,17.41,43.54,157285.8,6.4,10.91,29.46,EXCESS_WATER
35.33,42.55,83.38,38.1,91.23,117165.09,4.36,35.43,29.15,WATER
73.21,29.16,91.3,27.51,92.84,157285.8,5.29,21.62,43.39,ANOMALY_DETECTED
50.53,16.6,24.59,14.47,30.13,0.0,0.0,43.36,24.0,LOW_TEMP_ALERT
32.47,44.63,48.1,45.19,56.8,6035.15,0.0,29.81,27.86,NOT_ABLE_TO_WATER
64.74,19.02,15.58,19.09,21.16,0.0,0.0,42.78,28.87,FUNGI_ALERT_EXCESS_WATER
78.55,37.36,16.33,34.99,24.03,54083.64,1.62,83.57,28.9,OK
34.85,8.21,75.71,4.76,56.72,157285.8,5.04,34.37,30.66,WATER
86.05,27.59,48.59,25.25,43.92,0.0,0.0,87.9,30.22,NIGHT_OK
29.21,26.84,38.38,24.74,45.56,157285.8,4.39,13.9,26.44,WATER
80.5,16.84,64.01,15.48,74.27,40960.16,1.7,86.76,30.07,OK
16.12,5.09,23.67,2.28,33.36,157285.8,5.27,36.87,29.59,WATER
96.27,41.93,70.98,39.44,54.64,1093.82,0.36,91.3,36.49,NOT_ABLE_TO_VENTILATE
28.84,32.29,61.34,30.0,60.16,157285.8,6.06,27.91,30.07,WATER
37.62,14.02,50.9,13.35,59.33,0.0,0.0,36.83,28.63,NOT_ABLE_TO_WATER
33.89,18.16,81.8,18.48,89.57,0.0,0.0,36.45,30.71,NOT_ABLE_TO_WATER
88.44,27.75,82.19,24.48,85.33,5503.75,0.03,92.35,26.95,LOW_LIGHT
87.81,21.27,64.53,20.07,75.45,0.0,0.0,73.41,27.08,FUNGI_ALERT_EXCESS_WATER
79.75,36.02,20.79,35.81,24.04,140834.44,0.08,53.74,40.78,ANOMALY_DETECTED
20.83,23.29,69.93,23.29,72.26,0.0,0.0,13.99,28.06,NOT_ABLE_TO_WATER
81.83,38.75,41.11,37.48,53.51,157285.8,5.23,82.44,30.48,VENTILATE
25.75,40.6,22.16,42.87,17.96,74975.58,2.41,17.78,32.52,WATER
24.71,42.49,87.69,39.91,96.6,5735.14,0.06,28.97,27.83,NOT_ABLE_TO_WATER
82.29,5.45,69.22,1.88,73.6,157285.8,5.96,78.34,35.61,LOW_TEMP_ALERT
95.59,9.98,78.95,8.44,81.52,157285.8,5.36,92.21,36.86,LOW_TEMP_ALERT
60.14,20.15,88.94,17.12,92.57,65979.91,2.39,54.13,26.5,OK
32.33,15.42,84.53,12.39,96.66,0.0,0.0,36.56,32.89,NOT_ABLE_TO_WATER
18.14,23.68,20.97,27.61,24.6,157285.8,5.16,85.24,30.59,WATER
24.17,13.68,94.67,11.21,100.0,63281.65,2.14,16.25,28.72,WATER
18.81,39.11,35.51,34.29,49.98,157285.8,4.45,19.86,26.31,WATER
61.88,31.1,60.28,28.55,59.95,0.0,0.0,64.38,36.23,NIGHT_OK
50.22,22.7,34.52,23.55,39.49,157285.8,5.12,26.8,28.75,EXCESS_WATER
80.61,32.33,84.95,32.96,95.9,0.0,0.0,81.02,34.25,NIGHT_OK
15.84,27.76,51.77,26.51,54.39,0.0,0.0,38.69,35.71,NOT_ABLE_TO_WATER
47.73,9.78,73.42,9.38,68.67,157285.8,5.21,76.33,29.27,WATER
51.15,26.07,45.1,23.53,50.91,0.0,0.0,49.34,28.72,NIGHT_OK
26.56,21.84,38.79,20.6,52.18,157285.8,6.25,25.44,36.9,WATER
34.0,42.12,92.64,45.21,91.33,157285.8,5.26,30.3,28.22,WATER
54.82,36.91,63.35,34.91,56.93,157285.8,5.64,47.06,24.64,OK
80.51,18.68,22.35,16.55,32.47,0.0,0.0,83.67,27.95,NIGHT_OK
70.31,36.2,60.74,32.19,68.92,0.0,0.0,63.71,24.93,NIGHT_OK
32.73,36.43,48.97,32.85,73.42,546.52,0.0,12.89,33.89,NOT_ABLE_TO_WATER
8.81,17.01,21.7,12.14,21.16,157285.8,5.45,17.5,31.3,WATER
32.64,11.25,27.04,8.92,43.5,149156.66,4.77,33.66,34.21,WATER
77.45,36.03,53.91,36.04,51.37,23376.44,0.43,21.73,28.97,EXCESS_WATER
8.75,20.83,19.75,16.4,26.7,157285.8,5.25,18.48,24.71,WATER
80.79,39.8,21.47,40.11,20.7,157285.8,5.2,85.84,27.49,HYDRIC_STRESS_ALERT
13.62,38.01,50.19,40.41,58.68,35901.35,1.16,18.33,24.0,NOT_ABLE_TO_WATER
18.52,44.11,72.61,42.68,81.58,145714.01,5.0,11.0,31.99,WATER
40.28,41.8,34.09,43.59,32.05,9695.54,0.61,33.76,28.53,NOT_ABLE_TO_VENTILATE
52.26,32.08,32.66,30.86,36.41,130528.81,3.9,53.4,39.8,ANOMALY_DETECTED
nan,15.43,62.51,9.13,63.97,0.0,0.0,42.69,35.96,INSUFFICIENT_DATA
26.95,5.52,85.76,6.85,86.39,26774.58,0.06,19.83,35.05,NOT_ABLE_TO_WATER
31.53,30.3,87.75,29.09,90.65,157285.8,4.51,25.42,34.67,WATER
63.38,24.13,71.32,24.0,79.29,45432.11,0.47,57.99,33.11,OK
79.52,21.62,81.72,17.24,80.52,125975.94,4.99,31.53,28.4,FUNGI_ALERT_EXCESS_WATER
47.46,35.61,79.4,34.84,80.63,157285.8,4.94,47.37,26.29,OK
8.45,6.48,90.23,6.55,91.99,0.0,0.0,47.95,25.9,NOT_ABLE_TO_WATER
46.13,43.67,63.81,43.67,77.14,26859.08,0.69,46.19,28.3,NOT_ABLE_TO_VENTILATE
7.6,8.64,47.49,6.8,51.53,0.0,0.0,10.28,28.98,NOT_ABLE_TO_WATER
59.93,25.46,87.22,27.51,78.26,5769.84,0.81,62.64,30.59,LOW_LIGHT
58.04,30.77,90.69,26.47,100.0,0.0,0.0,65.58,32.96,NIGHT_OK
70.48,31.55,80.8,30.27,82.84,157285.8,5.89,62.16,27.98,OK
46.34,15.65,47.69,13.6,70.63,0.0,0.0,37.01,30.28,LOW_TEMP_ALERT
82.51,17.46,40.14,16.18,41.31,4045.22,0.0,87.21,25.92,LOW_LIGHT
36.86,13.6,70.75,10.56,75.95,131175.03,4.86,42.72,24.0,WATER
35.1,22.82,28.48,22.7,47.42,0.0,0.0,14.92,24.0,NOT_ABLE_TO_WATER
24.78,12.45,48.65,12.41,44.48,157285.8,6.3,33.8,30.77,WATER
6.37,31.89,60.56,33.21,57.61,3749.75,0.38,70.67,32.49,NOT_ABLE_TO_WATER
91.92,16.11,19.5,15.01,37.83,157285.8,4.93,87.96,28.38,OK
43.16,13.74,16.46,10.29,29.15,0.0,0.0,80.25,29.46,NOT_ABLE_TO_WATER
41.28,33.57,91.94,33.27,100.0,157285.8,3.81,41.61,31.64,OK
92.97,40.91,38.98,43.01,41.22,0.0,0.0,88.99,34.94,NOT_ABLE_TO_VENTILATE
5.09,19.46,54.15,17.52,52.78,0.0,0.0,85.36,27.96,NOT_ABLE_TO_WATER
52.67,29.78,23.79,29.73,40.07,157285.8,6.3,53.44,29.26,OK
76.59,37.82,64.56,36.98,61.42,4455.03,0.76,77.57,33.95,NOT_ABLE_TO_VENTILATE
1.98,44.39,78.61,45.7,86.74,4816.07,0.17,84.73,29.98,NOT_ABLE_TO_WATER
74.06,6.21,77.48,6.45,74.95,0.0,0.0,10.93,27.16,FUNGI_ALERT_EXCESS_WATER
37.16,21.1,52.57,19.24,65.14,5415.3,0.03,34.71,43.03,ANOMALY_DETECTED
35.12,31.46,72.86,25.96,70.34,13789.95,0.19,28.2,28.82,NOT_ABLE_TO_WATER
93.3,35.57,80.29,36.92,73.84,0.0,0.0,94.77,30.21,NOT_ABLE_TO_VENTILATE
82.11,44.27,40.39,44.37,51.21,157285.8,6.05,63.78,43.77,ANOMALY_DETECTED
70.58,35.13,16.22,33.06,37.78,157285.8,5.54,74.18,36.14,OK
17.47,30.65,70.36,32.6,76.13,0.0,0.0,13.36,31.91,NOT_ABLE_TO_WATER
70.52,14.01,36.05,14.42,44.27,147493.39,5.16,17.33,30.18,EXCESS_WATER
6.97,20.34,50.22,18.38,67.88,157285.8,5.37,13.79,28.56,WATER
60.42,21.52,79.06,21.79,71.25,157285.8,4.55,57.7,31.38,OK
99.89,30.68,63.67,29.27,63.57,64829.46,2.15,50.89,29.72,EXCESS_WATER
78.98,30.19,52.56,27.76,64.44,34035.64,0.89,46.27,37.8,ANOMALY_DETECTED
36.42,27.56,70.2,25.95,66.46,157285.8,5.84,90.37,30.1,WATER
16.7,12.03,87.17,13.05,85.26,15941.99,0.79,21.05,31.32,NOT_ABLE_TO_WATER
31.83,32.33,15.31,32.1,21.54,0.0,0.0,28.43,41.72,NOT_ABLE_TO_WATER
51.22,16.08,85.61,18.21,90.92,0.0,0.0,55.67,27.84,NIGHT_OK
76.26,10.28,87.86,9.78,92.97,0.0,0.0,55.22,27.62,FUNGI_ALERT_EXCESS_WATER
85.48,28.87,34.25,24.24,42.82,157285.8,0.03,31.06,31.54,EXCESS_WATER
64.02,11.4,32.57,5.11,57.22,16878.06,0.17,61.93,27.72,LOW_TEMP_ALERT
54.47,7.76,87.97,3.3,88.84,157285.8,5.75,76.71,32.82,WATER
75.02,29.11,79.12,25.4,89.85,0.0,0.0,71.41,31.03,NIGHT_OK
5.53,21.81,86.77,20.61,100.0,0.0,0.0,12.54,27.76,NOT_ABLE_TO_WATER
71.27,5.83,32.92,8.56,43.11,157285.8,5.93,73.86,25.16,LOW_TEMP_ALERT
46.29,10.75,52.32,8.55,47.22,116474.09,4.03,50.11,30.74,LOW_TEMP_ALERT
47.52,7.5,90.3,6.49,100.0,0.0,0.0,13.93,26.7,FUNGI_ALERT_EXCESS_WATER
28.37,10.15,60.25,7.33,62.95,40604.83,0.68,81.47,34.74,NOT_ABLE_TO_WATER
60.44,15.41,31.98,10.59,33.06,15526.4,0.0,27.3,26.59,EXCESS_WATER
59.94,6.1,68.17,4.43,65.14,157285.8,6.02,53.19,38.13,ANOMALY_DETECTED
15.29,7.27,60.92,8.12,69.5,0.0,0.0,72.78,29.94,NOT_ABLE_TO_WATER
68.93,16.07,87.72,13.97,84.59,0.0,0.0,56.89,30.45,FUNGI_ALERT_EXCESS_WATER
14.68,24.24,64.51,25.76,71.53,157285.8,5.05,11.76,41.91,ANOMALY_DETECTED
45.19,18.19,34.09,15.84,42.25,55.62,0.0,49.39,28.0,LOW_LIGHT
83.62,5.19,49.71,6.44,59.43,51755.12,1.91,41.35,29.91,EXCESS_WATER
60.28,23.59,69.6,nan,74.67,157285.8,0.13,48.73,32.14,INSUFFICIENT_DATA
73.81,40.67,39.08,43.42,43.59,111006.16,3.99,75.45,35.35,VENTILATE
60.11,44.33,74.85,43.74,78.72,112207.59,3.01,56.42,34.48,VENTILATE
65.45,15.21,88.25,11.6,95.32,1808.36,0.03,36.64,25.45,FUNGI_ALERT_EXCESS_WATER
40.19,33.47,37.1,32.53,47.19,57457.1,2.18,39.85,31.02,OK
59.64,15.81,46.17,13.97,65.32,157285.8,5.53,15.04,30.38,EXCESS_WATER
67.71,9.38,66.84,3.86,79.64,9591.6,0.19,65.64,42.9,ANOMALY_DETECTED
90.83,30.54,89.01,27.27,100.0,0.0,0.0,94.71,29.28,NIGHT_OK
76.86,16.49,39.05,16.24,43.73,0.0,0.0,74.1,28.0,NIGHT_OK
8.65,35.23,80.33,30.81,92.06,0.0,0.0,11.87,28.84,NOT_ABLE_TO_WATER
57.83,8.68,21.74,6.33,15.66,45333.95,1.23,55.34,29.23,LOW_TEMP_ALERT
13.11,10.85,41.89,10.21,60.85,0.0,0.0,15.91,29.92,NOT_ABLE_TO_WATER
6.81,31.4,94.49,34.64,89.92,0.0,0.0,19.91,35.22,NOT_ABLE_TO_WATER
54.58,14.2,25.35,9.5,31.15,80391.54,2.56,11.61,30.55,EXCESS_WATER
66.48,19.78,92.19,14.99,98.39,18614.85,0.69,66.92,34.29,LOW_TEMP_ALERT
13.21,21.13,60.0,20.27,64.73,157285.8,5.79,15.83,28.66,WATER
26.03,24.29,62.33,22.51,69.67,157285.8,5.6,28.99,27.86,WATER
68.0,9.41,59.31,7.65,56.22,0.0,0.0,71.52,32.7,LOW_TEMP_ALERT
55.7,28.84,89.34,28.23,90.06,0.0,0.0,49.02,27.07,NIGHT_OK
74.28,40.19,69.79,37.84,64.45,0.0,0.0,73.25,35.02,NOT_ABLE_TO_VENTILATE
51.79,32.85,45.51,30.06,47.64,157285.8,5.02,46.49,36.56,OK
69.97,25.73,70.73,22.52,71.62,0.0,0.0,20.11,31.52,FUNGI_ALERT_EXCESS_WATER
84.19,27.43,51.08,27.56,58.64,157285.8,5.16,92.65,31.61,OK
68.46,41.67,84.03,40.58,91.55,0.0,0.0,59.51,32.59,NOT_ABLE_TO_VENTILATE
70.12,25.1,54.68,23.72,55.2,157285.8,4.66,70.59,28.75,OK
42.43,36.69,45.25,34.61,56.39,72464.05,2.95,38.22,28.05,OK
71.75,37.05,72.98,33.16,87.79,13429.9,1.3,13.0,32.17,FUNGI_ALERT_EXCESS_WATER
16.55,37.21,72.11,37.54,75.59,157285.8,5.6,16.47,26.6,WATER
83.77,40.06,77.15,41.03,93.6,157285.8,6.48,61.63,32.58,FUNGI_ALERT_EXCESS_WATER
86.57,7.89,76.52,4.72,71.16,41501.21,1.65,83.84,25.46,LOW_TEMP_ALERT
24.35,35.41,15.9,32.35,23.63,157285.8,4.89,18.11,28.63,WATER
39.21,24.96,49.24,24.24,53.5,87287.6,3.61,47.94,30.3,WATER
93.44,14.78,50.26,14.25,47.81,150340.29,4.66,83.98,35.77,LOW_TEMP_ALERT
77.83,44.32,91.72,42.84,94.24,157285.8,5.08,71.65,26.14,VENTILATE
43.69,16.5,34.71,14.7,50.03,21405.35,1.13,23.83,36.24,EXCESS_WATER
18.25,42.35,33.93,43.84,51.89,157285.8,5.04,17.74,31.41,WATER
14.7,24.23,79.82,23.63,95.38,157285.8,6.14,12.83,30.0,WATER
48.78,29.93,21.61,27.72,15.27,157285.8,4.41,52.9,30.07,OK
8.53,24.05,49.6,26.13,64.68,0.0,0.0,43.45,43.29,NOT_ABLE_TO_WATER
66.7,43.81,60.77,42.41,58.45,4496.92,0.29,68.14,32.59,NOT_ABLE_TO_VENTILATE
8.85,6.25,37.34,4.64,43.59,157285.8,4.79,75.75,27.85,WATER
96.68,9.25,91.94,9.17,94.47,0.0,0.0,61.99,35.7,FUNGI_ALERT_EXCESS_WATER
34.79,41.84,57.91,43.03,62.87,157285.8,4.84,32.56,29.47,WATER
30.78,41.3,45.6,42.4,57.33,5024.42,0.0,73.45,24.95,NOT_ABLE_TO_WATER
83.27,24.53,65.07,23.5,62.69,157285.8,4.75,64.15,31.2,EXCESS_WATER
1.93,23.98,21.02,25.18,29.88,0.0,0.0,10.92,34.08,NOT_ABLE_TO_WATER
92.06,30.89,46.8,28.53,53.11,36149.72,0.96,94.87,26.34,OK
25.1,31.06,71.54,27.16,74.13,0.0,0.0,41.52,30.95,NOT_ABLE_TO_WATER
12.45,29.5,51.71,30.48,59.05,7611.43,0.0,10.78,38.82,ANOMALY_DETECTED
2.78,22.59,34.03,20.39,25.88,5676.24,0.86,69.08,29.9,NOT_ABLE_TO_WATER
68.89,24.55,89.83,21.5,100.0,0.0,0.0,73.62,26.28,NIGHT_OK
65.56,5.78,32.54,4.19,27.48,0.0,0.0,56.65,32.35,LOW_TEMP_ALERT
52.43,11.64,92.1,11.34,89.37,157285.8,5.35,52.63,29.33,LOW_TEMP_ALERT
31.86,39.7,25.42,36.3,47.01,20133.13,0.83,38.18,31.2,NOT_ABLE_TO_WATER
7.9,11.51,28.42,7.85,29.13,136816.71,4.78,43.88,30.06,WATER
46.01,30.78,53.37,27.38,68.0,608.45,0.0,49.0,25.48,LOW_LIGHT
68.13,15.9,55.3,13.44,66.39,0.0,0.0,78.71,28.51,NOT_ABLE_TO_WATER
23.94,23.45,71.22,28.38,86.15,2431.93,0.0,18.78,35.16,NOT_ABLE_TO_WATER
97.76,33.27,79.0,33.93,92.31,96252.71,3.22,92.25,25.62,OK
26.42,10.61,19.73,11.71,21.62,20721.15,0.33,30.67,29.54,NOT_ABLE_TO_WATER
87.72,16.99,57.76,16.36,55.57,0.0,0.0,86.02,27.5,NIGHT_OK
89.42,8.73,84.78,11.58,85.23,0.0,0.0,94.07,31.35,LOW_TEMP_ALERT
76.73,38.95,64.1,40.41,74.15,3589.75,0.0,84.57,24.36,NOT_ABLE_TO_VENTILATE
97.48,38.57,59.01,36.42,74.47,157285.8,4.97,55.1,32.0,EXCESS_WATER
32.87,22.74,88.81,22.05,80.77,44451.52,1.69,24.87,31.52,NOT_ABLE_TO_WATER
nan,21.33,78.27,20.27,79.24,157285.8,4.08,21.17,38.58,INSUFFICIENT_DATA
24.38,41.0,24.39,41.08,37.74,0.0,0.0,66.88,29.47,NOT_ABLE_TO_WATER
15.82,8.49,27.64,11.42,25.2,6606.53,0.0,22.82,26.57,NOT_ABLE_TO_WATER
83.8,6.73,16.39,5.95,21.31,0.0,0.0,67.46,28.36,FUNGI_ALERT_EXCESS_WATER
89.89,30.42,59.1,28.57,65.56,0.0,0.0,37.55,40.71,FUNGI_ALERT_EXCESS_WATER
97.04,38.45,27.32,30.91,34.74,157285.8,5.73,15.76,31.46,EXCESS_WATER
31.11,21.63,84.56,22.92,87.45,157285.8,6.21,77.94,30.09,WATER
80.74,18.83,50.37,16.08,34.84,45558.42,1.37,73.33,29.97,OK
38.33,28.98,33.54,29.57,37.56,0.0,0.0,35.04,44.88,NOT_ABLE_TO_WATER
74.36,24.28,18.38,24.79,13.09,80979.42,2.56,68.08,28.48,OK
78.05,29.28,83.0,26.91,81.26,0.0,0.0,77.25,27.18,NIGHT_OK
76.38,44.17,58.81,44.21,65.08,21334.3,1.1,94.14,32.65,NOT_ABLE_TO_VENTILATE
85.1,39.27,43.55,37.98,56.02,45026.47,1.64,84.85,38.15,ANOMALY_DETECTED
49.25,23.62,68.47,23.17,84.44,1938.25,0.89,20.21,29.3,FUNGI_ALERT_EXCESS_WATER
55.24,25.51,75.44,22.87,65.07,157285.8,4.63,45.79,40.38,ANOMALY_DETECTED
17.86,44.77,37.2,43.63,35.67,18125.86,0.48,18.13,24.67,NOT_ABLE_TO_WATER
91.74,28.41,60.37,27.52,56.84,74888.43,1.68,92.9,27.1,OK
66.51,35.87,58.27,37.12,60.52,64711.78,2.82,14.01,25.82,EXCESS_WATER
29.53,14.72,77.58,11.04,87.22,157285.8,4.02,29.68,24.49,WATER
11.79,44.99,34.47,40.79,37.83,0.0,0.0,51.75,33.88,NOT_ABLE_TO_WATER
92.62,26.18,34.83,24.19,37.26,132419.24,5.13,73.19,31.72,EXCESS_WATER
44.66,8.77,59.1,7.05,67.23,46719.39,2.04,24.98,32.75,EXCESS_WATER
43.09,10.74,39.42,6.16,35.35,140930.18,4.9,60.89,27.37,WATER
67.09,13.64,69.97,11.05,84.55,43573.16,1.27,61.16,26.77,LOW_TEMP_ALERT
19.78,23.03,36.95,20.11,46.82,157285.8,4.56,16.12,27.76,WATER
43.72,44.23,49.36,43.44,61.1,83123.23,0.08,33.29,45.72,ANOMALY_DETECTED
86.28,25.98,46.18,26.34,59.13,0.0,0.0,82.96,34.06,NIGHT_OK
71.42,42.5,51.92,40.67,56.22,50763.05,2.08,78.88,26.22,NOT_ABLE_TO_VENTILATE
81.08,31.51,47.68,29.36,59.24,0.0,0.0,10.63,24.53,FUNGI_ALERT_EXCESS_WATER
78.89,10.32,71.2,5.42,65.4,0.0,0.0,64.6,31.09,FUNGI_ALERT_EXCESS_WATER
77.06,42.63,68.12,41.69,85.83,0.0,0.0,91.18,28.44,NOT_ABLE_TO_VENTILATE
83.24,21.17,80.05,17.18,73.28,50606.84,1.55,93.76,24.38,OK
20.67,6.62,69.31,5.8,75.16,78419.01,2.05,26.66,28.17,WATER
43.9,35.82,69.0,34.88,76.31,0.0,0.0,63.77,26.05,NOT_ABLE_TO_WATER
7.99,10.89,37.98,9.39,50.18,115390.01,3.02,27.86,24.65,WATER
86.94,22.37,71.58,19.59,87.8,157285.8,5.47,87.52,26.09,OK
3.44,37.49,75.88,37.38,79.5,20111.46,0.48,17.33,31.48,NOT_ABLE_TO_WATER
58.62,8.09,83.12,1.73,98.3,157285.8,3.95,58.08,27.06,LOW_TEMP_ALERT
13.42,13.4,52.4,13.25,56.34,78342.14,3.82,15.15,33.85,WATER
14.03,30.87,86.31,25.89,85.8,157285.8,5.73,12.11,28.36,WATER
71.92,16.1,46.86,17.2,50.58,157285.8,0.13,71.87,30.79,OK
69.87,20.66,30.57,15.97,20.99,0.0,0.0,74.52,26.96,NIGHT_OK
42.67,20.71,85.97,17.28,92.39,0.0,0.0,41.75,29.0,NIGHT_OK
37.97,30.31,49.61,28.9,62.36,0.0,0.0,29.9,32.26,NOT_ABLE_TO_WATER
17.12,44.75,35.61,44.47,35.7,0.0,0.0,14.97,33.75,NOT_ABLE_TO_WATER
81.79,44.12,60.46,44.62,67.38,9354.47,0.41,64.35,29.23,EXCESS_WATER
71.32,38.31,79.7,35.75,68.42,0.0,0.0,71.54,29.34,NOT_ABLE_TO_VENTILATE
15.24,8.65,54.71,4.33,58.04,0.0,0.0,11.14,29.18,NOT_ABLE_TO_WATER
64.63,8.42,57.79,7.35,59.42,419.15,0.49,68.14,25.82,LOW_TEMP_ALERT
98.51,43.93,46.55,37.26,54.66,157285.8,4.47,82.7,31.44,EXCESS_WATER
20.44,12.04,71.03,11.13,nan,0.0,0.0,23.05,32.6,INSUFFICIENT_DATA
90.7,37.49,24.11,36.41,27.57,157285.8,4.75,81.56,38.2,ANOMALY_DETECTED
33.81,27.14,83.63,26.22,82.4,114946.0,3.85,35.85,36.13,WATER
68.4,14.25,59.3,14.05,69.38,0.0,0.0,72.76,42.64,LOW_TEMP_ALERT
56.09,26.64,15.24,26.24,31.36,157285.8,5.79,56.88,25.27,OK
78.5,10.7,71.31,9.32,64.66,154796.38,4.37,73.74,42.31,ANOMALY_DETECTED
17.08,14.17,63.55,13.7,75.0,0.0,0.0,92.03,27.08,NOT_ABLE_TO_WATER
71.86,30.94,48.82,28.32,46.32,157285.8,5.87,66.07,36.1,OK
47.18,9.15,77.36,5.57,88.26,4267.56,0.0,45.33,33.01,LOW_TEMP_ALERT
96.74,42.21,64.62,42.99,61.56,4174.18,0.08,87.81,27.25,NOT_ABLE_TO_VENTILATE
15.26,36.82,15.74,33.57,41.23,157285.8,4.4,28.95,30.93,WATER
41.04,9.19,50.48,11.13,60.13,1814.84,0.0,19.46,29.34,EXCESS_WATER
37.77,19.61,20.93,20.28,33.82,0.0,0.0,92.22,45.84,NOT_ABLE_TO_WATER
77.16,38.22,29.66,37.91,27.53,5007.16,0.31,80.55,34.34,HYDRIC_STRESS_ALERT
74.75,31.46,20.76,28.05,26.03,1926.49,0.0,71.54,30.35,LOW_LIGHT
48.3,25.34,94.27,20.54,96.11,0.0,0.0,48.42,24.98,NIGHT_OK
58.18,8.37,38.04,4.6,47.77,157285.8,5.4,58.13,27.36,LOW_TEMP_ALERT
63.6,22.65,88.52,20.06,98.67,157285.8,5.76,63.22,25.72,OK
36.1,39.17,55.66,39.59,61.9,0.0,0.0,64.07,31.03,NOT_ABLE_TO_WATER
77.76,12.56,17.91,11.25,18.21,9723.59,0.98,78.2,34.24,LOW_TEMP_ALERT
71.81,26.77,23.59,25.25,25.27,0.0,0.0,68.09,32.02,NIGHT_OK
2.81,26.51,38.76,25.27,56.5,152886.65,4.07,17.12,36.22,WATER
79.45,21.58,44.72,20.87,50.74,57103.91,1.99,67.77,24.0,EXCESS_WATER
36.15,6.14,85.16,4.08,91.13,87208.52,2.27,26.79,32.43,WATER
95.81,41.14,22.58,40.82,29.7,60080.89,2.1,92.86,31.92,HYDRIC_STRESS_ALERT
49.95,22.24,87.0,21.72,88.21,124198.73,3.98,72.62,26.7,WATER
98.93,27.69,41.58,27.03,42.76,157285.8,4.46,74.68,31.21,EXCESS_WATER
83.91,27.24,50.15,24.66,56.42,38975.14,1.45,82.33,32.06,OK
41.11,40.74,91.95,40.17,100.0,0.0,0.0,38.98,nan,INSUFFICIENT_DATA
60.71,12.48,45.69,14.14,63.77,5905.4,0.19,57.82,32.41,LOW_TEMP_ALERT
48.09,28.74,20.0,28.59,17.33,157285.8,6.46,41.64,28.52,OK
82.37,27.81,27.14,27.05,41.76,7493.7,0.84,43.48,26.74,EXCESS_WATER
27.66,15.19,83.68,17.13,100.0,0.0,0.0,37.31,29.3,NOT_ABLE_TO_WATER
14.44,42.55,33.4,41.47,43.23,157285.8,5.73,10.94,32.06,WATER
27.11,9.83,72.0,10.82,73.41,157285.8,6.26,30.99,42.4,ANOMALY_DETECTED
30.69,21.96,84.36,18.67,83.51,0.0,0.0,24.87,29.77,NOT_ABLE_TO_WATER
49.38,27.12,83.84,25.51,90.0,25736.5,0.66,48.34,29.8,OK
69.14,24.96,77.06,21.84,72.62,157285.8,4.91,68.22,30.82,OK
27.97,22.86,76.08,21.12,79.03,6285.36,0.0,25.58,41.58,ANOMALY_DETECTED
23.81,22.03,35.92,19.76,40.64,4543.13,0.92,17.32,31.99,NOT_ABLE_TO_WATER
83.02,9.2,34.84,5.37,33.71,157285.8,5.1,85.86,35.58,LOW_TEMP_ALERT
17.93,44.0,52.08,42.48,61.21,0.0,0.0,27.18,38.8,NOT_ABLE_TO_WATER
34.67,44.83,80.37,46.83,100.0,157285.8,4.21,33.97,32.42,WATER
23.96,37.88,29.31,34.0,37.71,0.0,0.0,72.05,28.73,NOT_ABLE_TO_WATER
41.86,9.99,94.96,10.56,100.0,144961.3,0.08,43.14,29.88,LOW_TEMP_ALERT
75.68,19.69,51.21,15.31,55.54,0.0,0.0,75.65,29.64,NIGHT_OK
43.24,5.4,52.95,0.85,59.74,18630.48,0.89,82.86,29.06,NOT_ABLE_TO_WATER
7.11,12.03,23.63,12.84,23.41,38878.72,0.85,75.68,30.68,NOT_ABLE_TO_WATER
42.76,16.91,28.0,17.74,28.52,0.0,0.0,37.99,31.06,NIGHT_OK
91.44,20.36,56.57,19.21,63.78,157285.8,4.74,91.47,36.17,OK
3.71,27.27,78.86,24.42,77.06,0.0,0.0,10.16,40.89,NOT_ABLE_TO_WATER
81.55,35.24,23.45,32.65,31.74,0.0,0.0,79.86,33.06,NIGHT_OK
94.39,16.16,41.26,18.12,49.65,6019.51,0.14,94.36,38.18,ANOMALY_DETECTED
18.15,8.68,90.66,7.63,87.52,0.0,0.0,16.06,30.53,NOT_ABLE_TO_WATER
39.52,27.0,84.53,24.82,100.0,0.0,0.0,31.07,29.16,NOT_ABLE_TO_WATER
87.6,8.11,93.93,5.53,93.44,117071.06,2.99,90.6,39.35,ANOMALY_DETECTED
23.74,22.9,50.92,23.84,51.0,52063.1,2.1,23.32,24.06,WATER
85.31,37.51,52.24,33.8,51.36,6794.34,0.78,34.4,27.29,EXCESS_WATER
59.2,17.09,72.5,17.14,79.24,157285.8,5.11,87.82,29.58,WATER
73.86,33.15,78.49,26.47,100.0,131843.97,4.77,50.91,24.0,FUNGI_ALERT_EXCESS_WATER
7.8,14.69,92.98,15.09,100.0,157285.8,0.0,87.63,30.57,NOT_ABLE_TO_WATER
43.37,14.97,54.92,15.3,64.59,95233.26,3.22,48.97,24.0,OK
88.8,33.99,94.69,30.81,95.25,28454.72,1.74,88.94,27.43,OK
91.84,25.85,77.79,25.46,88.25,5040.62,0.59,40.68,32.67,FUNGI_ALERT_EXCESS_WATER
14.64,7.43,51.64,5.87,50.51,157285.8,4.91,19.46,34.57,WATER
8.88,14.8,34.97,9.58,28.73,157285.8,4.55,15.42,24.0,WATER
59.66,27.92,72.81,22.64,83.05,20280.6,0.07,56.9,29.36,OK
88.81,14.64,94.93,15.06,96.31,157285.8,5.15,92.92,29.94,OK
75.1,24.82,48.02,22.21,40.53,1352.22,0.31,79.49,27.12,LOW_LIGHT
34.34,30.46,67.08,29.05,62.07,98896.94,2.51,37.52,33.1,WATER
37.12,14.74,56.53,10.42,63.0,0.0,0.0,75.66,29.55,NOT_ABLE_TO_WATER
41.95,35.69,62.13,34.27,72.46,157285.8,4.26,31.64,26.62,EXCESS_WATER
54.82,17.51,57.25,15.79,53.49,157285.8,4.56,55.82,25.08,OK
71.52,43.04,23.61,38.93,17.79,0.0,0.0,71.24,32.62,HYDRIC_STRESS_ALERT
46.82,15.72,85.78,13.82,80.11,70746.12,2.27,46.69,24.0,LOW_TEMP_ALERT
39.77,23.02,68.09,18.96,71.61,157285.8,5.2,37.84,33.17,WATER
33.49,28.9,35.26,28.09,29.9,157285.8,4.47,29.35,42.22,ANOMALY_DETECTED
64.22,36.1,64.42,38.06,69.19,157285.8,4.88,64.43,32.09,VENTILATE
80.6,38.37,34.58,36.55,46.79,157285.8,5.64,49.63,33.22,EXCESS_WATER
22.16,38.37,70.75,35.21,81.46,157285.8,4.99,28.55,33.29,WATER
25.05,33.04,15.95,30.78,16.69,0.0,0.0,33.96,28.98,NOT_ABLE_TO_WATER
25.32,25.32,18.52,23.65,39.7,0.0,0.0,22.51,35.09,NOT_ABLE_TO_WATER
75.37,38.3,23.13,40.27,18.53,25574.7,0.78,78.23,34.81,HYDRIC_STRESS_ALERT
20.72,33.72,72.58,33.7,81.69,0.0,0.0,35.08,28.51,NOT_ABLE_TO_WATER
nan,38.89,45.92,37.31,66.75,41696.91,1.47,80.03,33.49,INSUFFICIENT_DATA
25.72,31.95,36.38,30.19,63.67,157285.8,4.64,85.13,28.77,WATER
32.37,17.22,47.32,14.5,50.51,0.0,0.0,23.56,28.87,NOT_ABLE_TO_WATER
78.16,15.98,60.92,15.43,55.59,51213.49,1.68,77.2,27.24,OK
46.18,9.96,43.54,10.96,44.21,57846.78,2.32,52.01,26.82,LOW_TEMP_ALERT
50.5,5.01,60.53,5.25,75.56,9987.27,0.41,46.95,29.86,LOW_TEMP_ALERT
86.95,8.63,16.72,6.92,16.8,0.0,0.0,92.66,29.61,LOW_TEMP_ALERT
4.25,8.66,18.49,4.92,13.87,1760.84,0.32,13.21,45.36,ANOMALY_DETECTED
97.44,18.67,59.5,17.56,70.69,0.0,0.0,77.09,26.64,FUNGI_ALERT_EXCESS_WATER
26.78,25.91,65.45,27.46,63.69,29981.0,1.34,62.96,33.41,NOT_ABLE_TO_WATER
53.24,17.6,23.56,15.55,21.22,0.0,0.0,90.36,24.86,NOT_ABLE_TO_WATER
28.51,32.61,88.16,30.91,100.0,0.0,0.0,59.09,35.96,NOT_ABLE_TO_WATER
97.68,11.22,60.58,9.19,67.39,22762.08,0.33,31.13,33.88,EXCESS_WATER
24.35,32.1,69.36,30.81,86.94,79585.34,2.68,41.83,34.74,WATER
1.8,29.78,79.47,27.24,87.8,0.0,0.0,25.58,32.68,NOT_ABLE_TO_WATER
35.89,13.33,82.21,12.01,78.67,0.0,0.0,39.0,29.97,NOT_ABLE_TO_WATER
46.71,39.62,28.58,37.37,38.09,0.0,0.0,50.58,30.95,HYDRIC_STRESS_ALERT
73.06,30.41,71.63,31.97,79.88,0.0,0.0,14.23,34.54,FUNGI_ALERT_EXCESS_WATER
37.34,22.8,70.03,22.33,75.63,157285.8,5.47,33.07,28.62,WATER
64.7,38.21,22.44,37.65,28.93,157285.8,5.42,67.96,29.74,HYDRIC_STRESS_ALERT
52.8,5.66,80.25,6.47,84.78,157285.8,4.78,90.87,28.4,WATER
33.41,19.11,73.94,17.27,67.76,44579.51,2.0,36.59,30.0,WATER
83.84,44.15,93.77,44.07,94.75,0.0,0.0,24.93,29.28,FUNGI_ALERT_EXCESS_WATER
52.57,25.15,94.5,21.35,100.0,0.0,0.0,52.7,30.78,NIGHT_OK
6.5,6.44,30.42,3.81,34.8,0.0,0.0,69.89,39.33,NOT_ABLE_TO_WATER
79.45,19.86,55.51,17.24,56.69,42661.37,1.18,76.32,31.33,OK
9.98,23.16,73.08,25.94,83.77,0.0,0.0,35.24,28.92,NOT_ABLE_TO_WATER
83.89,32.97,24.74,29.96,24.89,157285.8,4.2,18.59,29.15,EXCESS_WATER
51.79,18.27,85.42,16.42,86.74,8607.04,0.13,79.95,26.13,NOT_ABLE_TO_WATER
53.81,39.3,80.11,38.75,89.6,0.0,0.0,18.82,32.88,FUNGI_ALERT_EXCESS_WATER
11.98,13.56,70.26,12.24,75.85,0.0,0.0,45.63,24.22,NOT_ABLE_TO_WATER
6.13,39.39,93.0,35.59,99.82,120803.55,4.04,11.06,30.79,WATER
15.65,34.86,54.69,31.1,47.24,157285.8,4.45,36.21,27.92,WATER
46.11,24.57,92.6,25.65,91.27,0.0,0.0,94.75,30.45,NOT_ABLE_TO_WATER
54.39,14.74,42.97,12.46,56.86,10671.11,0.35,64.29,24.0,LOW_TEMP_ALERT
92.26,22.32,44.76,21.87,65.93,157285.8,4.65,16.69,26.1,EXCESS_WATER
93.13,43.23,80.99,41.28,84.76,3818.27,0.0,87.76,32.31,NOT_ABLE_TO_VENTILATE
57.69,19.83,19.19,18.78,32.0,0.0,0.0,52.63,26.27,NIGHT_OK
56.62,25.17,81.43,23.31,91.71,5267.23,0.03,37.87,29.92,FUNGI_ALERT_EXCESS_WATER
41.93,43.38,91.26,43.73,96.16,157285.8,5.94,38.6,28.43,VENTILATE
6.51,30.32,68.87,29.56,85.83,0.0,0.0,17.03,28.69,NOT_ABLE_TO_WATER
78.15,42.84,65.81,41.52,80.76,43117.56,1.18,79.8,31.12,NOT_ABLE_TO_VENTILATE
50.81,23.77,29.33,22.17,27.86,0.0,0.0,48.52,30.33,NIGHT_OK
18.41,26.19,69.8,23.36,72.59,157285.8,5.52,17.14,28.16,WATER
95.5,23.02,64.87,21.09,57.15,157285.8,5.17,41.75,28.2,EXCESS_WATER
19.4,40.49,68.33,38.01,57.39,0.0,0.0,16.04,25.55,NOT_ABLE_TO_WATER
66.81,14.36,60.95,10.74,47.93,29327.35,0.59,66.64,27.91,LOW_TEMP_ALERT
24.0,6.73,18.21,6.48,34.32,0.0,0.0,28.68,29.65,NOT_ABLE_TO_WATER
11.51,18.83,37.55,18.66,58.02,157285.8,6.35,11.33,37.52,ANOMALY_DETECTED
14.02,24.19,53.39,22.81,54.32,157285.8,5.46,12.28,32.43,WATER
63.14,27.03,80.73,23.51,79.28,nan,0.0,66.46,30.19,INSUFFICIENT_DATA
69.05,38.27,44.14,38.96,53.95,0.0,0.0,71.32,29.37,NOT_ABLE_TO_VENTILATE
34.76,13.46,70.28,12.06,nan,157285.8,5.76,43.99,31.67,INSUFFICIENT_DATA
35.41,43.24,72.57,40.72,81.77,157285.8,4.81,32.51,30.84,WATER
10.15,21.61,88.57,21.31,100.0,nan,0.0,10.93,27.26,INSUFFICIENT_DATA
32.98,17.95,74.56,13.07,100.0,5759.8,0.9,34.35,25.81,NOT_ABLE_TO_WATER
32.76,16.13,21.85,15.77,29.89,0.0,0.0,40.88,28.11,NOT_ABLE_TO_WATER
72.99,31.42,56.18,32.04,59.33,157285.8,5.13,65.5,33.34,OK
1.61,37.53,75.24,40.1,85.15,42975.15,0.98,22.93,33.01,NOT_ABLE_TO_WATER
46.23,28.76,19.34,24.89,33.99,2839.45,0.71,38.74,29.44,LOW_LIGHT
31.76,39.13,25.18,40.34,32.64,0.0,0.0,29.42,31.57,NOT_ABLE_TO_WATER
30.6,8.62,15.14,7.25,30.51,0.0,0.0,55.32,32.36,NOT_ABLE_TO_WATER
16.56,41.59,31.52,37.3,29.07,7627.6,0.23,71.88,35.32,NOT_ABLE_TO_WATER
9.47,9.94,35.06,9.34,37.55,157285.8,4.88,16.24,33.34,WATER
49.68,34.78,41.05,36.6,44.12,86842.91,3.4,55.16,32.68,VENTILATE
17.51,40.18,48.76,40.01,38.86,0.0,0.0,22.71,29.86,NOT_ABLE_TO_WATER
4.91,11.17,28.85,12.01,31.96,157285.8,4.64,56.43,26.0,WATER
31.05,22.29,74.59,20.81,94.03,0.0,0.0,34.85,31.55,NOT_ABLE_TO_WATER
90.0,10.42,60.33,9.59,78.1,35264.8,0.65,30.17,26.1,EXCESS_WATER
35.8,44.08,66.34,43.34,77.33,157285.8,5.42,31.21,24.25,WATER
76.72,29.11,68.33,30.22,74.15,3049.24,0.0,74.29,25.29,LOW_LIGHT
20.32,29.19,57.53,27.38,64.42,3261.89,0.49,13.62,28.92,NOT_ABLE_TO_WATER
11.63,9.53,51.28,5.94,56.88,157285.8,5.15,13.63,25.83,WATER
84.0,39.18,85.66,39.06,100.0,0.0,0.0,47.95,29.07,FUNGI_ALERT_EXCESS_WATER
23.43,41.9,81.04,42.94,81.14,0.0,0.0,25.07,30.77,NOT_ABLE_TO_WATER
95.56,14.64,47.76,17.05,48.78,157285.8,4.67,91.77,27.04,OK
70.33,44.71,18.75,43.8,16.1,18754.38,0.0,nan,34.32,INSUFFICIENT_DATA
74.08,23.8,27.47,19.96,35.59,0.0,0.0,46.31,40.3,FUNGI_ALERT_EXCESS_WATER
73.94,9.42,67.68,7.98,49.94,157285.8,5.26,78.21,27.41,LOW_TEMP_ALERT
52.04,19.46,52.97,16.21,54.79,0.0,0.0,49.34,25.62,NIGHT_OK
38.32,28.76,72.64,26.95,74.73,40237.1,0.93,30.82,24.0,NOT_ABLE_TO_WATER
39.55,44.23,62.26,42.36,72.32,35787.77,1.28,39.64,30.85,NOT_ABLE_TO_WATER
34.96,39.78,65.94,35.08,80.21,95237.61,3.3,34.95,29.15,WATER
64.2,43.47,52.17,41.4,52.49,739.38,0.45,72.38,36.01,NOT_ABLE_TO_VENTILATE
3.56,18.4,90.05,20.45,85.5,0.0,0.0,39.58,29.62,NOT_ABLE_TO_WATER
55.58,36.4,62.59,34.19,59.85,0.0,0.0,83.92,28.51,NOT_ABLE_TO_WATER
79.64,9.82,33.04,10.1,50.85,157285.8,4.88,16.5,27.14,EXCESS_WATER
34.07,14.98,nan,15.57,78.0,157285.8,0.07,43.95,33.75,INSUFFICIENT_DATA
46.84,12.07,33.34,11.19,21.07,157285.8,5.13,51.02,38.77,ANOMALY_DETECTED
30.64,7.36,50.47,6.79,46.65,0.0,0.0,30.74,32.35,NOT_ABLE_TO_WATER
32.73,36.63,87.78,38.37,99.83,157285.8,5.53,28.14,30.45,WATER
9.07,38.4,77.22,37.6,81.77,13509.83,0.22,28.36,31.38,NOT_ABLE_TO_WATER
66.65,11.93,34.55,10.3,34.43,114286.28,4.28,61.61,32.44,LOW_TEMP_ALERT
69.99,42.47,50.22,43.1,67.23,0.0,0.0,72.09,26.87,NOT_ABLE_TO_VENTILATE
47.03,40.74,64.46,39.63,68.78,157285.8,4.66,42.73,28.17,VENTILATE
11.55,18.21,79.1,16.31,93.04,0.0,0.0,10.91,25.24,NOT_ABLE_TO_WATER
34.57,34.83,23.14,32.25,27.33,64071.71,1.91,29.2,32.84,NOT_ABLE_TO_WATER
70.5,21.75,55.06,16.83,59.08,157285.8,4.63,73.28,45.77,ANOMALY_DETECTED
70.85,37.62,86.81,37.83,97.43,0.0,0.0,80.89,30.79,NOT_ABLE_TO_WATER
10.52,20.96,40.65,19.79,43.58,151670.63,4.78,13.91,31.97,WATER
37.34,34.93,90.85,36.52,100.0,0.0,0.0,76.2,40.41,NOT_ABLE_TO_WATER
83.41,8.83,51.38,10.12,51.11,0.0,0.0,86.37,34.47,LOW_TEMP_ALERT
50.34,42.21,36.79,42.91,33.55,157285.8,5.82,53.53,27.35,VENTILATE
92.83,27.65,33.43,27.28,27.75,0.0,0.0,84.22,31.48,NIGHT_OK
41.71,27.35,41.77,25.21,58.44,102872.94,3.53,45.85,39.61,ANOMALY_DETECTED
96.54,43.1,87.38,42.32,77.9,124150.23,4.61,60.4,24.02,FUNGI_ALERT_EXCESS_WATER
41.99,7.56,60.07,7.29,61.07,118550.12,3.91,47.15,37.07,ANOMALY_DETECTED
40.02,44.17,75.87,41.52,83.46,157285.8,0.04,35.8,28.52,NOT_ABLE_TO_VENTILATE
92.35,11.04,58.16,11.0,70.13,1206.45,0.0,53.21,38.01,ANOMALY_DETECTED
74.72,8.54,75.82,7.42,79.52,0.0,0.0,72.61,27.68,LOW_TEMP_ALERT
51.34,27.48,67.66,26.87,79.1,25845.65,0.19,42.65,33.77,OK
2.65,28.48,52.17,27.96,67.85,153069.37,4.64,11.17,28.34,WATER
56.18,39.61,81.57,36.27,88.53,157285.8,6.17,44.25,33.09,FUNGI_ALERT_EXCESS_WATER
23.62,23.89,35.0,21.84,34.25,157285.8,6.05,23.02,36.01,WATER
44.36,26.44,81.6,23.92,85.6,157285.8,5.06,77.62,27.03,WATER
77.13,34.63,70.57,37.38,86.01,29285.72,1.37,69.18,27.29,NOT_ABLE_TO_VENTILATE
81.43,41.65,75.87,38.25,85.91,2146.85,0.0,82.31,31.2,NOT_ABLE_TO_VENTILATE
79.66,9.07,79.05,7.6,83.61,157285.8,5.86,82.57,32.14,LOW_TEMP_ALERT
11.5,19.18,60.6,13.9,70.95,0.0,0.0,13.92,29.45,NOT_ABLE_TO_WATER
53.29,7.74,29.06,4.5,32.78,39760.11,nan,54.62,37.35,INSUFFICIENT_DATA
29.88,42.24,18.87,39.68,27.2,0.0,0.0,50.85,32.89,NOT_ABLE_TO_WATER
45.09,14.85,27.54,12.36,34.18,0.0,0.0,nan,28.2,INSUFFICIENT_DATA
17.97,9.49,39.43,5.12,41.25,9207.64,0.16,13.82,29.58,NOT_ABLE_TO_WATER
64.94,44.08,38.19,44.06,41.19,0.0,0.0,69.55,27.04,NOT_ABLE_TO_VENTILATE
23.88,19.29,61.39,19.16,61.51,0.0,0.0,22.43,32.29,NOT_ABLE_TO_WATER
83.85,26.36,29.37,26.75,28.61,157285.8,4.83,49.51,29.26,EXCESS_WATER
24.36,39.48,76.72,37.79,74.86,996.61,0.0,26.29,31.9,NOT_ABLE_TO_WATER
48.65,21.95,35.99,19.97,48.7,45395.91,1.28,47.49,31.07,OK
84.8,8.76,37.79,7.38,37.55,0.0,0.0,85.72,33.89,LOW_TEMP_ALERT
36.72,40.63,70.75,37.54,68.85,10204.09,0.0,67.76,30.42,NOT_ABLE_TO_WATER
42.87,43.13,39.87,41.86,47.15,125741.81,4.5,41.57,29.57,VENTILATE
65.33,40.23,80.73,38.87,88.63,0.0,0.0,63.7,32.22,NOT_ABLE_TO_VENTILATE
32.84,28.1,49.96,27.26,57.19,6712.87,0.0,35.45,28.23,NOT_ABLE_TO_WATER
58.58,12.67,69.52,8.98,73.45,152867.25,3.84,62.46,29.24,LOW_TEMP_ALERT
85.39,35.66,28.17,32.09,18.52,157285.8,5.64,91.28,24.82,OK
82.79,9.32,86.76,7.95,100.0,157285.8,5.58,74.37,33.64,LOW_TEMP_ALERT
35.44,28.26,44.85,26.29,42.23,130947.29,4.24,42.56,24.04,WATER
75.93,20.87,64.63,18.29,66.05,115528.75,3.06,81.4,30.58,OK
35.69,5.45,80.38,0.94,95.39,157285.8,5.32,32.67,27.52,WATER
52.35,5.76,28.64,6.3,40.95,0.0,0.0,48.83,32.56,LOW_TEMP_ALERT
46.57,27.06,65.37,24.24,73.24,157285.8,5.11,12.08,30.46,EXCESS_WATER
50.81,29.33,89.98,27.58,84.74,0.0,0.0,55.17,44.86,NIGHT_OK
15.95,18.97,90.09,13.18,100.0,43435.71,1.32,14.46,44.84,ANOMALY_DETECTED
16.12,23.8,78.52,23.15,86.83,3394.41,0.0,20.23,35.12,NOT_ABLE_TO_WATER
48.35,16.7,34.29,18.73,20.93,7731.43,0.0,45.87,29.28,LOW_LIGHT
92.16,16.25,44.72,15.41,60.27,157285.8,5.07,92.09,24.0,OK
83.53,10.13,16.56,7.97,16.14,126942.25,4.35,90.69,25.24,LOW_TEMP_ALERT
58.12,17.18,37.7,14.77,34.86,0.0,0.0,80.0,29.7,NOT_ABLE_TO_WATER
44.93,15.94,69.93,14.76,63.29,157285.8,6.52,46.13,27.22,LOW_TEMP_ALERT
77.86,31.13,57.34,31.17,49.29,157285.8,5.0,78.55,25.52,OK
4.64,32.47,60.53,31.38,64.86,0.0,0.0,75.38,29.06,NOT_ABLE_TO_WATER
93.0,29.12,77.82,30.4,79.27,157285.8,4.97,44.91,32.84,FUNGI_ALERT_EXCESS_WATER
5.39,32.61,21.24,32.84,30.4,7776.84,0.73,55.28,36.86,NOT_ABLE_TO_WATER
79.51,34.22,19.08,33.54,21.86,157285.8,4.83,85.46,28.37,OK
46.3,44.58,39.1,43.23,35.6,21810.91,0.37,44.49,29.3,NOT_ABLE_TO_VENTILATE
44.94,38.07,20.98,36.35,30.77,930.1,0.22,86.43,29.7,NOT_ABLE_TO_WATER
51.63,27.31,71.75,22.51,76.89,98332.87,2.35,53.89,28.99,OK
99.39,37.48,33.34,36.97,35.17,102281.85,2.32,62.78,39.22,ANOMALY_DETECTED
46.76,33.1,40.48,34.42,52.21,157285.8,5.96,44.49,30.28,OK
81.1,7.75,68.45,8.46,62.89,61885.01,2.04,82.67,29.27,LOW_TEMP_ALERT
16.73,30.33,36.04,31.3,45.67,2683.54,0.04,15.09,33.17,NOT_ABLE_TO_WATER
38.69,38.08,48.64,37.83,40.16,28882.56,1.54,30.78,29.61,NOT_ABLE_TO_WATER
74.87,39.69,40.82,33.38,36.16,157285.8,5.68,74.74,32.82,VENTILATE
61.56,31.45,22.89,29.02,39.01,157285.8,0.12,38.06,36.43,EXCESS_WATER
41.85,10.2,62.6,8.24,61.58,117915.45,4.16,34.28,29.15,LOW_TEMP_ALERT
34.21,35.66,77.94,33.22,88.35,0.0,0.0,39.44,32.5,NOT_ABLE_TO_WATER
5.4,29.58,81.56,33.4,97.64,38184.71,1.16,56.94,28.74,NOT_ABLE_TO_WATER
89.05,25.25,63.69,23.15,59.11,154094.87,5.84,87.49,30.81,OK
99.42,18.96,37.61,14.38,31.42,1016.32,0.0,75.91,35.33,EXCESS_WATER
78.84,29.04,26.06,27.87,34.65,114134.17,4.26,89.73,28.35,OK
73.91,6.42,91.34,3.23,93.18,0.0,0.0,74.52,33.34,LOW_TEMP_ALERT
69.04,7.02,77.17,nan,70.77,7737.82,0.0,32.98,25.96,INSUFFICIENT_DATA
33.61,20.64,66.06,14.47,69.52,157285.8,6.55,29.81,34.0,WATER
60.81,16.56,34.42,13.02,32.93,0.0,0.0,49.65,30.16,FUNGI_ALERT_EXCESS_WATER
74.24,31.55,86.59,28.83,99.95,157285.8,6.02,88.36,30.91,WATER
49.37,14.17,24.52,10.72,26.57,157285.8,5.88,48.18,35.22,LOW_TEMP_ALERT
19.28,14.26,36.29,13.64,29.9,157285.8,4.58,67.75,32.25,WATER
7.77,28.43,18.31,23.39,32.88,0.0,0.0,13.49,28.05,NOT_ABLE_TO_WATER
65.96,13.53,83.97,11.39,80.61,0.0,0.0,63.85,31.33,LOW_TEMP_ALERT
82.87,31.99,31.64,29.18,36.54,157285.8,5.25,90.77,24.0,OK
21.93,11.34,77.41,12.1,80.37,142967.32,4.75,72.9,30.7,WATER
63.31,29.34,24.31,25.13,32.64,157285.8,5.58,64.15,25.12,OK
59.17,25.62,49.8,21.31,42.69,0.0,0.0,56.09,26.92,NIGHT_OK
68.14,33.53,93.95,27.76,99.93,157285.8,4.97,64.55,29.81,OK
21.99,6.19,69.45,2.22,74.46,0.0,0.0,35.68,24.49,NOT_ABLE_TO_WATER
11.48,21.5,39.77,16.13,46.66,8348.66,0.13,10.06,29.99,NOT_ABLE_TO_WATER
73.94,21.33,94.82,19.24,100.0,0.0,0.0,78.46,26.44,NIGHT_OK
35.12,28.91,70.09,25.23,75.62,0.0,0.0,35.95,33.1,NOT_ABLE_TO_WATER
28.11,31.07,56.29,24.87,52.69,0.0,0.0,35.94,30.2,NOT_ABLE_TO_WATER
41.77,12.74,17.5,8.88,12.41,0.0,0.0,40.63,25.9,LOW_TEMP_ALERT
42.43,30.15,92.88,33.43,87.89,6178.68,0.0,34.67,35.95,LOW_LIGHT
79.72,36.82,82.39,34.66,84.83,691.05,0.39,16.64,27.78,FUNGI_ALERT_EXCESS_WATER
23.96,25.2,76.73,22.99,73.46,113600.96,2.82,49.69,32.61,WATER
79.09,14.62,32.89,11.94,49.72,157285.8,5.34,78.58,30.15,LOW_TEMP_ALERT
68.92,27.01,36.61,21.91,37.86,1476.99,0.19,88.33,27.44,NOT_ABLE_TO_WATER
75.48,25.73,67.12,26.24,74.72,0.0,0.0,81.11,24.28,NIGHT_OK
83.01,9.4,21.91,7.28,11.67,41412.78,1.63,87.81,24.26,LOW_TEMP_ALERT
92.59,18.43,28.91,17.25,33.9,157285.8,0.11,87.22,33.52,OK
12.43,15.05,86.35,10.86,94.71,176.15,0.39,13.26,34.16,NOT_ABLE_TO_WATER
26.83,30.07,54.39,28.42,67.47,114690.83,3.88,29.07,29.22,WATER
88.2,42.17,23.32,41.28,26.83,24094.85,0.88,86.46,30.01,HYDRIC_STRESS_ALERT
51.6,37.45,73.67,39.98,70.96,0.0,0.0,25.46,30.4,FUNGI_ALERT_EXCESS_WATER
86.33,38.63,58.46,34.67,66.46,130733.34,3.86,89.8,30.6,VENTILATE
84.92,36.77,50.0,35.02,55.46,157285.8,4.72,87.39,24.51,OK
51.33,12.22,86.55,13.95,98.76,39699.63,1.18,76.51,28.91,NOT_ABLE_TO_WATER
92.05,12.09,57.8,nan,70.16,1144.03,0.29,86.08,33.68,INSUFFICIENT_DATA
46.92,28.47,40.05,25.09,46.7,39674.38,1.36,90.19,25.27,NOT_ABLE_TO_WATER
67.29,13.11,43.4,11.26,43.61,0.0,0.0,24.57,32.21,FUNGI_ALERT_EXCESS_WATER
4.35,42.72,62.16,41.47,73.83,0.0,0.0,11.31,25.69,NOT_ABLE_TO_WATER
35.02,26.16,74.26,27.73,79.01,7440.36,0.32,86.45,30.73,NOT_ABLE_TO_WATER
44.42,18.04,71.68,17.81,85.27,0.0,0.0,17.78,36.83,FUNGI_ALERT_EXCESS_WATER
20.73,15.48,90.33,15.78,89.77,109738.58,3.77,15.98,30.39,WATER
90.93,32.75,62.53,28.25,67.42,0.0,0.0,13.06,30.93,FUNGI_ALERT_EXCESS_WATER
14.47,25.62,17.96,23.88,23.31,9961.89,0.0,12.22,27.15,NOT_ABLE_TO_WATER
89.36,7.29,32.98,3.82,25.2,7239.32,0.0,91.16,27.62,LOW_TEMP_ALERT
83.67,44.93,57.06,44.86,62.81,0.0,0.0,86.05,31.52,NOT_ABLE_TO_VENTILATE
65.84,34.47,79.34,28.23,91.71,0.0,0.0,78.23,29.44,NOT_ABLE_TO_WATER
78.74,7.28,60.92,5.71,63.5,157285.8,4.85,83.99,26.57,LOW_TEMP_ALERT
30.94,27.03,36.92,23.33,53.41,123915.16,3.35,24.15,24.0,WATER
7.86,6.18,75.75,2.76,79.6,38290.3,0.03,56.43,38.3,ANOMALY_DETECTED
2.91,17.84,65.15,19.48,71.1,0.0,0.0,86.39,29.79,NOT_ABLE_TO_WATER
21.76,34.01,40.06,33.54,31.31,120607.87,4.14,18.34,30.97,WATER
80.37,24.24,38.16,24.16,44.46,0.0,0.0,84.32,30.94,NIGHT_OK
78.27,6.42,86.37,8.21,95.38,34897.2,1.28,49.54,35.77,FUNGI_ALERT_EXCESS_WATER
68.02,14.07,56.94,11.09,64.53,23809.6,0.06,15.67,32.99,EXCESS_WATER
80.39,14.22,16.53,14.53,16.17,0.0,0.0,72.12,31.83,LOW_TEMP_ALERT
43.99,30.91,61.32,31.18,87.77,0.0,0.0,42.67,27.89,NIGHT_OK
51.47,20.03,77.55,18.37,86.04,0.0,0.0,82.43,27.84,NOT_ABLE_TO_WATER
66.85,7.99,51.18,6.98,57.05,20646.02,0.84,62.27,32.3,LOW_TEMP_ALERT
11.9,12.33,57.46,11.32,65.23,1909.14,0.5,38.26,29.06,NOT_ABLE_TO_WATER
78.64,11.36,21.14,10.7,30.0,0.0,0.0,51.33,32.89,FUNGI_ALERT_EXCESS_WATER
67.05,12.7,47.14,12.47,54.02,157285.8,5.03,62.79,31.64,LOW_TEMP_ALERT
55.79,34.65,32.69,34.23,51.94,157285.8,4.88,56.29,31.26,OK
16.32,16.32,34.44,17.14,46.68,0.0,0.0,14.96,31.74,NOT_ABLE_TO_WATER
21.54,37.03,93.75,34.62,100.0,157285.8,5.0,26.69,34.39,WATER
40.28,35.98,30.56,34.8,39.88,0.0,0.0,37.31,28.11,NIGHT_OK
21.81,30.15,31.3,29.58,29.15,0.0,0.0,50.24,34.3,NOT_ABLE_TO_WATER
17.2,37.36,92.21,39.44,97.51,0.0,0.0,10.05,33.43,NOT_ABLE_TO_WATER
90.07,44.66,34.95,46.46,38.34,113970.76,2.4,89.53,29.03,NOT_ABLE_TO_VENTILATE
48.94,42.55,54.25,44.89,62.37,0.0,0.0,54.89,30.8,NOT_ABLE_TO_VENTILATE
24.86,17.12,89.43,14.62,100.0,157285.8,4.31,28.65,27.79,WATER
49.57,8.95,32.28,7.86,51.78,0.0,0.0,42.55,29.37,LOW_TEMP_ALERT
23.33,32.69,20.04,29.86,26.63,157285.8,5.41,20.1,36.67,WATER
28.59,24.55,74.43,21.75,87.04,9370.49,0.74,26.78,31.34,NOT_ABLE_TO_WATER
91.23,38.64,72.74,38.44,71.98,0.0,0.0,57.08,28.56,FUNGI_ALERT_EXCESS_WATER
62.24,13.95,16.47,13.77,23.59,2021.44,0.32,55.01,30.92,LOW_TEMP_ALERT
59.29,23.94,82.3,21.53,83.52,53152.0,2.33,59.07,26.27,OK
69.85,14.24,78.79,9.52,82.59,46641.22,1.47,67.37,25.04,LOW_TEMP_ALERT
69.01,16.31,26.17,11.83,32.53,0.0,0.0,76.31,42.29,LOW_TEMP_ALERT
18.5,10.43,19.87,8.57,20.19,157285.8,0.08,52.4,30.06,NOT_ABLE_TO_WATER
98.16,19.91,63.9,15.53,65.16,0.0,0.0,94.79,37.95,NIGHT_OK
50.39,36.39,61.28,34.8,61.47,0.0,0.0,53.76,32.23,NIGHT_OK
64.75,25.89,35.62,23.26,36.15,157285.8,4.97,60.88,30.56,OK
88.88,32.11,41.53,32.38,48.38,157285.8,6.0,92.24,34.57,OK
36.7,8.3,91.32,6.28,89.55,0.0,0.0,32.03,27.8,NOT_ABLE_TO_WATER
57.92,5.87,75.73,5.03,83.63,0.0,0.0,11.62,36.03,FUNGI_ALERT_EXCESS_WATER
39.68,26.86,27.95,24.33,44.62,129145.63,4.6,37.66,27.45,WATER
39.4,27.09,82.47,25.11,86.78,20592.41,0.06,37.21,31.01,NOT_ABLE_TO_WATER
95.86,13.64,22.3,11.51,28.57,45029.07,2.3,80.83,26.89,EXCESS_WATER
87.55,43.32,46.23,38.46,35.3,157285.8,5.11,38.35,30.96,EXCESS_WATER
67.23,29.43,47.3,31.11,65.65,0.0,0.0,70.39,26.15,NIGHT_OK
57.01,9.3,50.78,11.2,52.52,0.0,0.0,55.18,24.0,LOW_TEMP_ALERT
17.5,8.53,56.35,5.24,55.77,0.0,0.0,16.01,31.31,NOT_ABLE_TO_WATER
75.37,40.53,75.83,35.3,78.21,0.0,0.0,75.78,34.41,NOT_ABLE_TO_VENTILATE
48.65,17.56,88.86,13.6,93.96,157285.8,5.71,50.36,29.54,LOW_TEMP_ALERT
57.8,33.13,91.85,35.06,100.0,18651.45,0.49,72.95,27.65,NOT_ABLE_TO_WATER
33.66,11.27,57.35,9.77,71.59,157285.8,5.39,41.7,30.58,WATER
66.23,9.36,33.57,6.29,43.22,9598.9,0.0,67.54,27.29,LOW_TEMP_ALERT
61.68,33.68,22.59,33.32,16.37,0.0,0.0,60.67,27.13,NIGHT_OK
10.24,36.13,23.55,34.56,24.76,0.0,0.0,21.11,24.0,NOT_ABLE_TO_WATER
73.61,7.58,60.05,4.66,55.56,84056.73,2.09,71.42,32.13,LOW_TEMP_ALERT
91.0,14.88,60.91,12.32,64.24,0.0,0.0,82.55,33.89,LOW_TEMP_ALERT
82.6,15.14,38.61,12.96,44.0,157285.8,3.92,20.0,36.1,EXCESS_WATER
25.84,31.12,25.96,30.46,36.39,5918.13,0.42,25.61,36.45,NOT_ABLE_TO_WATER
45.66,27.73,74.89,24.81,75.18,0.0,0.0,41.52,36.04,NIGHT_OK
35.49,32.93,32.56,31.85,41.39,157285.8,5.25,26.63,30.71,WATER
38.03,31.01,17.52,27.0,22.72,0.0,0.0,36.66,41.4,NOT_ABLE_TO_WATER
61.57,14.83,72.39,10.84,72.12,6570.26,0.0,57.02,30.58,LOW_TEMP_ALERT
93.34,31.89,89.18,31.47,93.87,0.0,0.0,81.62,32.97,FUNGI_ALERT_EXCESS_WATER
82.6,40.11,68.79,41.5,61.59,0.0,0.0,80.3,24.0,NOT_ABLE_TO_VENTILATE
64.89,34.9,57.49,32.39,59.39,68690.42,1.27,61.91,31.14,OK
86.66,22.02,44.83,18.91,50.11,157285.8,5.28,67.03,25.08,EXCESS_WATER
88.43,15.78,17.93,14.57,22.96,157285.8,5.26,83.95,32.88,LOW_TEMP_ALERT
nan,24.92,79.49,23.1,80.32,2565.56,0.0,80.81,28.87,INSUFFICIENT_DATA
21.49,23.45,80.09,23.11,83.78,157285.8,0.08,16.28,32.27,NOT_ABLE_TO_WATER
56.21,43.08,19.31,41.6,7.72,157285.8,5.78,57.26,29.86,HYDRIC_STRESS_ALERT
66.38,28.9,71.15,23.58,78.38,16492.42,0.45,65.78,36.85,OK
36.2,24.57,54.87,20.61,47.99,5901.58,1.06,38.71,28.79,NOT_ABLE_TO_WATER
32.91,31.03,48.86,33.2,49.82,0.0,0.0,35.0,29.68,NOT_ABLE_TO_WATER
94.68,23.65,87.28,21.99,88.37,0.0,0.0,89.87,29.7,NIGHT_OK
27.26,25.94,80.73,25.68,79.03,149405.38,0.13,26.39,29.83,NOT_ABLE_TO_WATER
75.98,18.18,54.34,17.58,59.41,142464.06,4.12,66.23,29.64,OK
48.95,18.78,92.47,15.15,100.0,0.0,0.0,13.97,28.29,FUNGI_ALERT_EXCESS_WATER
21.01,26.87,26.51,27.59,32.38,0.0,0.0,67.87,30.26,NOT_ABLE_TO_WATER
38.05,25.25,67.42,22.52,53.54,3454.61,0.66,48.41,25.41,NOT_ABLE_TO_WATER
69.56,5.63,52.67,3.51,45.84,0.0,0.0,67.23,29.33,LOW_TEMP_ALERT
15.78,27.81,66.05,26.63,71.94,0.0,0.0,15.42,24.3,NOT_ABLE_TO_WATER
82.54,27.98,94.46,25.22,100.0,157285.8,5.51,81.12,24.74,OK
