soil_moisture_(%),env_temperature_(°C),env_humidity_(%),plants_temp_(°C),plants_hum_(%),light_intensity_(lux),power_(W),soil_moisture_baseline,label
11.16,22.39,51.3,20.53,71.96,51231.75,1.49,64.41,NOT_ABLE_TO_WATER
99.54,27.23,72.47,26.68,83.02,41362.04,1.49,52.87,FUNGI_ALERT_EXCESS_WATER
86.46,44.05,79.86,42.88,83.65,0.0,0.0,59.17,FUNGI_ALERT_EXCESS_WATER
29.75,22.01,29.07,22.84,31.55,157285.8,4.51,38.33,WATER
76.69,11.71,63.58,10.2,64.63,0.0,0.0,30.62,FUNGI_ALERT_EXCESS_WATER
99.1,39.91,60.93,36.29,67.57,48970.82,2.29,91.92,NOT_ABLE_TO_VENTILATE
54.26,21.53,30.01,19.48,26.32,22930.63,0.0,13.96,EXCESS_WATER
75.79,19.99,26.65,16.9,21.51,157285.8,5.93,74.6,OK
21.88,42.85,39.35,41.95,40.74,12528.62,0.13,24.18,NOT_ABLE_TO_WATER
13.64,14.14,42.11,10.65,49.5,0.0,0.0,21.57,NOT_ABLE_TO_WATER
41.77,9.61,16.67,6.91,15.16,188.38,0.0,46.58,LOW_TEMP_ALERT
67.01,38.16,74.1,35.69,70.12,83213.74,2.88,80.77,OK
46.03,22.17,64.18,20.79,77.47,9050.66,0.0,46.39,LOW_LIGHT
13.81,34.43,54.92,30.98,66.62,157285.8,4.92,16.87,WATER
26.6,13.16,63.53,12.51,63.65,0.0,0.0,31.94,NOT_ABLE_TO_WATER
10.99,5.76,40.1,6.04,55.07,65854.24,1.78,82.97,NOT_ABLE_TO_WATER
54.33,24.76,90.08,24.59,87.85,0.0,0.0,76.15,NOT_ABLE_TO_WATER
53.93,31.14,42.82,31.78,52.14,157285.8,5.43,19.57,EXCESS_WATER
20.45,41.61,59.17,40.1,65.42,0.0,0.0,71.77,NOT_ABLE_TO_WATER
42.11,42.02,86.94,40.75,90.04,2114.75,0.0,40.23,NOT_ABLE_TO_VENTILATE
34.75,28.04,34.39,24.35,28.91,22567.02,1.12,36.72,NOT_ABLE_TO_WATER
80.87,7.5,23.14,8.01,31.71,0.0,0.0,19.44,FUNGI_ALERT_EXCESS_WATER
91.88,44.7,84.36,46.0,100.0,157285.8,6.25,49.06,FUNGI_ALERT_EXCESS_WATER
79.36,10.59,37.16,11.29,47.29,1005.45,0.0,70.8,LOW_TEMP_ALERT
24.46,23.87,45.64,25.09,65.62,0.0,0.0,61.38,NOT_ABLE_TO_WATER
53.32,32.09,35.81,32.48,42.82,0.0,0.0,57.02,OK
49.93,5.03,88.43,5.93,94.7,157285.8,5.74,48.74,LOW_TEMP_ALERT
72.2,34.2,36.22,33.51,40.06,0.0,0.0,88.54,NOT_ABLE_TO_WATER
69.37,6.55,86.17,5.43,88.28,0.0,0.0,58.74,LOW_TEMP_ALERT
93.53,40.99,79.43,42.24,87.93,157285.8,6.3,88.53,VENTILATE
35.93,12.54,90.85,12.81,91.85,45518.07,2.08,67.92,WATER
83.85,43.94,25.45,42.81,33.89,157285.8,5.01,72.51,HYDRIC_STRESS_ALERT
2.76,26.21,18.89,28.22,17.84,0.0,0.0,13.26,NOT_ABLE_TO_WATER
18.7,11.95,56.11,8.94,67.01,0.0,0.0,52.68,NOT_ABLE_TO_WATER
15.62,31.43,52.92,28.87,57.01,7868.35,0.27,20.96,NOT_ABLE_TO_WATER
71.04,25.57,50.7,26.16,73.3,157285.8,5.96,77.51,OK
96.18,29.14,81.2,30.39,77.87,157285.8,5.59,92.32,OK
55.04,38.19,88.2,33.72,100.0,157285.8,5.76,54.13,OK
57.86,24.95,31.84,22.21,34.49,0.0,0.0,61.47,OK
32.52,24.05,93.0,24.18,91.82,8384.5,0.1,33.63,NOT_ABLE_TO_WATER
97.7,15.13,66.08,12.7,76.38,157285.8,5.29,92.09,LOW_TEMP_ALERT
26.58,6.63,20.63,3.53,43.78,157285.8,5.43,28.66,WATER
20.41,13.88,38.18,11.54,45.81,12020.74,0.0,18.16,NOT_ABLE_TO_WATER
50.13,37.48,65.06,39.02,58.45,0.0,0.0,59.26,NOT_ABLE_TO_VENTILATE
17.66,25.65,65.45,25.73,72.47,157285.8,4.76,12.69,WATER
41.4,26.08,56.97,23.66,51.59,4273.38,0.54,35.64,LOW_LIGHT
68.28,41.95,73.6,40.45,64.92,0.0,0.0,71.52,NOT_ABLE_TO_VENTILATE
38.38,18.63,80.11,14.18,77.53,157285.8,4.75,83.68,WATER
74.44,32.62,26.37,30.45,8.59,157285.8,5.3,76.79,OK
73.4,35.93,74.93,32.78,78.88,0.0,0.0,76.22,OK
41.04,40.86,65.45,42.23,68.31,157285.8,4.52,38.24,VENTILATE
72.6,26.21,22.65,22.52,37.98,0.0,0.0,72.2,OK
31.92,33.13,83.63,31.62,86.86,157285.8,5.86,28.84,WATER
76.49,15.4,53.74,12.71,72.22,0.0,0.0,75.74,LOW_TEMP_ALERT
44.76,27.23,71.82,24.67,76.96,9600.03,0.41,40.31,LOW_LIGHT
39.27,8.11,76.98,3.35,82.08,2266.29,0.0,42.45,NOT_ABLE_TO_WATER
78.02,15.03,54.78,12.58,56.81,157285.8,4.67,77.75,LOW_TEMP_ALERT
40.2,14.04,74.43,15.77,87.86,157285.8,4.59,14.46,FUNGI_ALERT_EXCESS_WATER
45.56,19.99,90.9,17.64,100.0,1752.19,0.04,38.89,LOW_LIGHT
43.52,41.8,51.3,39.97,54.44,157285.8,5.24,91.8,WATER
32.22,25.35,36.82,25.9,35.1,0.0,0.0,26.64,NOT_ABLE_TO_WATER
97.56,9.56,67.93,9.22,75.1,0.0,0.0,92.4,LOW_TEMP_ALERT
95.98,38.32,68.85,36.48,59.65,157285.8,4.74,17.04,EXCESS_WATER
76.72,21.08,69.47,17.97,72.22,157285.8,5.31,81.84,OK
88.63,6.61,27.26,0.87,50.01,157285.8,5.23,87.25,LOW_TEMP_ALERT
52.08,21.3,33.7,21.0,34.54,157285.8,4.19,50.96,OK
70.7,13.36,30.69,12.73,28.44,0.0,0.0,67.06,LOW_TEMP_ALERT
61.07,28.81,20.4,27.63,20.32,47502.46,1.44,58.19,OK
59.5,44.08,34.56,44.5,50.17,0.0,0.0,64.26,NOT_ABLE_TO_VENTILATE
56.32,13.38,51.0,8.81,48.76,157285.8,4.9,55.34,LOW_TEMP_ALERT
72.24,13.69,54.48,14.72,58.99,35122.7,1.21,20.74,EXCESS_WATER
97.24,32.75,41.56,30.89,35.61,157285.8,6.01,16.64,EXCESS_WATER
81.09,11.19,30.17,12.04,35.93,0.0,0.0,82.29,LOW_TEMP_ALERT
47.05,31.91,23.06,29.24,nan,0.0,0.0,51.94,INSUFFICIENT_DATA
72.48,41.95,20.17,38.03,39.81,0.0,0.0,76.79,HYDRIC_STRESS_ALERT
16.82,7.25,43.45,9.74,29.43,157285.8,4.97,72.06,WATER
52.08,23.24,90.58,20.78,87.12,39163.45,1.7,53.83,OK
27.48,22.0,57.75,20.29,48.3,157285.8,4.88,27.18,WATER
42.97,28.88,15.64,27.64,14.18,0.0,0.0,88.59,NOT_ABLE_TO_WATER
48.26,43.9,30.22,42.2,38.9,67909.77,2.75,46.56,VENTILATE
54.51,42.54,62.97,39.48,68.26,136.49,0.02,54.01,NOT_ABLE_TO_VENTILATE
64.42,19.43,82.95,20.74,88.73,44022.95,1.63,55.95,OK
33.13,40.86,55.29,35.91,60.1,25625.26,nan,81.13,INSUFFICIENT_DATA
48.15,33.09,53.1,31.54,57.7,0.0,0.0,42.38,OK
85.7,44.81,79.48,45.62,91.51,96936.86,3.07,50.12,FUNGI_ALERT_EXCESS_WATER
48.1,38.53,46.26,36.61,51.36,157285.8,6.23,44.89,VENTILATE
87.03,12.88,79.22,5.3,84.42,58027.57,1.91,91.4,LOW_TEMP_ALERT
19.3,44.0,84.43,39.03,88.25,28160.42,1.18,21.11,NOT_ABLE_TO_WATER
59.57,9.51,69.86,4.11,74.64,3526.56,0.25,33.6,EXCESS_WATER
71.26,23.74,49.21,23.89,nan,0.0,0.0,82.69,INSUFFICIENT_DATA
17.25,25.52,28.96,22.62,40.75,1583.83,0.69,12.26,NOT_ABLE_TO_WATER
45.34,25.71,63.9,23.89,64.67,157285.8,4.44,48.97,OK
96.34,9.18,42.73,3.52,58.16,0.0,0.0,85.77,LOW_TEMP_ALERT
10.99,31.18,29.74,27.53,34.38,29796.66,1.31,16.27,NOT_ABLE_TO_WATER
62.44,21.75,76.24,19.7,72.49,4942.01,0.34,57.46,LOW_LIGHT
22.24,7.97,27.54,5.76,28.05,1368.91,0.76,84.33,NOT_ABLE_TO_WATER
64.13,36.22,41.66,32.67,57.56,0.0,0.0,67.16,OK
8.56,24.99,91.76,22.61,97.55,0.0,0.0,13.92,NOT_ABLE_TO_WATER
61.63,43.79,25.96,43.03,23.08,0.0,0.0,57.18,HYDRIC_STRESS_ALERT
42.37,32.55,47.74,31.8,42.6,0.0,0.0,35.79,OK
23.43,42.39,89.15,41.11,100.0,0.0,0.0,36.22,NOT_ABLE_TO_WATER
60.58,38.77,92.74,34.17,100.0,157285.8,5.93,59.05,OK
69.26,27.31,42.44,25.22,41.13,157285.8,4.86,74.74,OK
83.85,7.59,17.47,4.13,18.32,0.0,0.0,82.47,LOW_TEMP_ALERT
6.48,13.99,31.51,12.69,42.95,157285.8,4.83,47.15,WATER
17.68,17.29,39.43,16.02,35.44,0.0,0.0,20.62,NOT_ABLE_TO_WATER
92.52,15.36,63.29,18.92,72.3,0.0,0.0,88.32,OK
51.77,13.41,22.26,11.85,18.15,2096.96,0.05,46.6,LOW_TEMP_ALERT
94.08,19.99,26.62,17.44,30.29,157285.8,5.65,90.48,OK
97.83,20.65,27.76,16.81,37.97,4809.36,0.1,77.9,EXCESS_WATER
45.11,23.26,86.28,19.85,100.0,17229.33,0.44,40.13,OK
79.56,28.16,22.73,30.03,47.95,31614.22,0.79,92.21,OK
42.33,8.88,69.65,6.18,79.02,12775.5,1.12,55.64,LOW_TEMP_ALERT
44.49,31.38,88.22,34.08,90.79,157285.8,5.39,47.21,OK
nan,17.87,18.07,17.33,32.97,0.0,0.0,29.9,INSUFFICIENT_DATA
58.88,39.1,40.06,37.1,49.46,122545.52,4.46,57.81,VENTILATE
71.91,27.1,54.11,23.6,57.26,0.0,0.0,28.33,FUNGI_ALERT_EXCESS_WATER
19.03,28.49,18.42,25.64,30.56,157285.8,4.6,17.63,WATER
32.72,37.99,53.6,37.04,62.48,79633.45,3.2,88.76,WATER
90.73,28.31,15.57,26.08,17.42,157285.8,5.26,93.63,OK
82.18,7.53,70.34,6.46,83.21,0.0,0.0,85.94,LOW_TEMP_ALERT
15.05,7.89,91.01,7.09,96.43,157285.8,0.12,12.88,NOT_ABLE_TO_WATER
45.85,34.61,90.73,31.13,92.43,0.0,0.0,56.34,OK
75.72,17.33,90.88,13.86,95.31,157285.8,5.71,69.88,LOW_TEMP_ALERT
57.06,15.67,59.21,14.79,60.35,0.0,0.0,68.68,LOW_TEMP_ALERT
78.43,43.15,90.32,42.01,99.84,22463.62,0.8,37.05,FUNGI_ALERT_EXCESS_WATER
86.86,24.18,43.2,24.25,65.14,157285.8,5.6,86.25,OK
96.19,42.14,20.31,39.0,40.75,39700.2,1.47,94.74,HYDRIC_STRESS_ALERT
79.76,12.66,20.28,15.0,28.35,157285.8,4.71,79.54,OK
23.73,13.01,69.81,14.04,80.35,14634.75,0.23,25.39,NOT_ABLE_TO_WATER
31.71,17.48,80.77,14.92,100.0,0.0,0.0,12.59,NOT_ABLE_TO_WATER
12.0,31.84,25.6,31.26,58.07,93509.22,3.08,35.78,WATER
96.07,27.61,43.55,24.07,56.22,42182.92,1.68,72.52,EXCESS_WATER
35.61,43.48,61.85,40.92,74.55,7136.54,0.0,37.68,NOT_ABLE_TO_WATER
59.2,6.62,nan,7.78,56.55,157285.8,4.85,60.22,INSUFFICIENT_DATA
84.31,41.65,16.8,40.3,25.6,157285.8,4.78,85.34,HYDRIC_STRESS_ALERT
19.47,37.6,27.61,36.68,43.22,0.0,0.0,68.96,NOT_ABLE_TO_WATER
67.83,44.25,51.5,41.09,61.63,41219.97,0.97,30.77,EXCESS_WATER
43.42,20.63,85.82,19.32,93.31,0.0,0.0,40.91,OK
71.91,25.41,92.85,25.24,100.0,0.0,0.0,75.23,OK
71.68,15.03,92.53,11.74,93.51,152071.71,4.92,29.55,FUNGI_ALERT_EXCESS_WATER
83.78,26.19,77.53,23.65,78.64,16707.01,0.51,81.38,OK
84.16,16.52,55.16,14.09,70.56,157285.8,5.6,52.62,EXCESS_WATER
96.04,30.82,29.04,30.64,28.68,157285.8,5.42,16.99,EXCESS_WATER
74.36,20.51,21.56,18.81,13.79,134791.84,4.4,70.72,OK
77.64,14.15,51.3,13.47,60.35,157285.8,5.38,49.2,EXCESS_WATER
56.99,9.57,30.72,10.19,36.66,157285.8,5.66,56.82,LOW_TEMP_ALERT
26.41,40.34,82.85,39.89,86.65,0.0,0.0,82.63,NOT_ABLE_TO_WATER
80.48,31.8,46.85,28.12,51.21,157285.8,5.11,13.89,EXCESS_WATER
10.46,14.06,41.12,13.36,53.46,2715.44,0.1,45.6,NOT_ABLE_TO_WATER
33.6,11.09,29.48,8.8,35.15,47013.17,0.14,32.05,NOT_ABLE_TO_WATER
53.65,32.4,80.57,28.74,nan,157285.8,4.92,50.56,INSUFFICIENT_DATA
13.44,28.12,88.93,26.56,95.94,151245.77,5.69,15.02,WATER
64.08,36.26,20.81,38.3,28.57,157285.8,5.21,11.31,EXCESS_WATER
44.77,42.36,88.94,41.4,86.51,6888.1,0.49,40.83,NOT_ABLE_TO_VENTILATE
22.86,30.22,82.98,27.02,84.37,0.0,0.0,15.0,NOT_ABLE_TO_WATER
42.84,25.26,70.9,23.81,72.99,157285.8,5.84,38.39,OK
67.1,21.94,28.4,25.18,39.09,98401.73,4.08,63.58,OK
66.45,6.44,31.63,4.71,54.5,0.0,0.0,67.02,LOW_TEMP_ALERT
26.73,13.66,47.87,14.6,64.3,0.0,0.0,28.42,NOT_ABLE_TO_WATER
26.57,20.39,89.65,21.24,88.41,28127.56,0.41,66.12,NOT_ABLE_TO_WATER
70.56,12.04,72.67,13.39,73.53,157285.8,5.31,65.67,LOW_TEMP_ALERT
6.67,30.91,57.53,29.0,74.55,45882.66,2.09,82.41,WATER
19.63,12.54,91.31,9.26,89.71,0.0,0.0,19.07,NOT_ABLE_TO_WATER
26.23,18.13,48.61,17.12,46.43,31032.46,1.9,25.28,NOT_ABLE_TO_WATER
15.3,37.19,22.17,34.48,19.28,157285.8,5.59,93.71,WATER
62.89,18.58,84.78,16.52,94.06,3597.89,0.32,16.11,FUNGI_ALERT_EXCESS_WATER
82.49,23.97,78.58,26.61,87.62,47904.2,1.29,78.01,OK
45.48,16.37,63.94,15.56,54.96,157285.8,4.85,46.1,OK
1.98,43.11,53.58,39.42,66.22,4768.75,0.77,71.84,NOT_ABLE_TO_WATER
62.93,23.35,46.74,21.17,62.25,157285.8,5.99,63.18,OK
32.57,28.89,63.06,29.0,66.4,157285.8,4.84,81.65,WATER
43.48,17.64,20.01,16.42,28.63,0.0,0.0,30.17,OK
32.48,8.32,73.09,8.36,74.54,157285.8,5.48,37.2,WATER
75.64,16.61,46.43,14.46,50.41,157285.8,5.36,73.98,LOW_TEMP_ALERT
96.18,13.9,33.72,9.6,46.35,4934.19,0.62,53.19,EXCESS_WATER
81.29,36.92,92.26,37.22,100.0,0.0,0.0,81.1,NOT_ABLE_TO_VENTILATE
17.75,31.29,93.11,27.65,100.0,103664.35,3.23,17.78,WATER
31.48,19.78,35.73,16.11,27.23,157285.8,5.95,34.82,WATER
75.39,17.48,73.03,17.66,76.78,74073.68,2.67,36.18,FUNGI_ALERT_EXCESS_WATER
72.4,26.13,37.18,24.62,45.33,19013.67,0.0,22.06,EXCESS_WATER
47.31,18.55,33.13,17.97,30.25,113092.49,3.47,44.9,OK
74.95,17.8,34.74,18.61,32.88,49744.01,1.59,86.2,OK
18.4,25.99,81.74,24.87,87.99,6938.83,0.19,19.05,NOT_ABLE_TO_WATER
79.27,22.74,93.31,21.42,97.89,0.0,0.0,73.34,OK
58.52,11.49,82.98,8.7,84.23,0.0,0.0,57.99,LOW_TEMP_ALERT
96.91,17.1,58.42,13.48,63.81,47269.9,1.32,10.59,EXCESS_WATER
86.37,20.29,15.46,20.18,40.3,0.0,0.0,80.65,OK
24.6,34.36,nan,29.67,23.05,0.0,0.0,22.63,INSUFFICIENT_DATA
22.75,32.19,28.53,27.93,32.49,33911.19,1.1,29.27,NOT_ABLE_TO_WATER
67.77,30.81,61.39,29.46,49.12,91451.44,2.86,74.2,OK
47.79,7.35,63.8,1.75,63.63,0.0,0.0,42.73,LOW_TEMP_ALERT
77.79,31.09,67.66,30.28,64.77,157285.8,4.12,73.95,OK
73.73,12.6,73.54,13.18,84.33,157285.8,5.56,71.8,LOW_TEMP_ALERT
46.84,15.55,16.65,17.64,12.26,26700.53,0.53,82.29,NOT_ABLE_TO_WATER
83.04,11.6,79.44,10.14,86.37,157285.8,4.54,81.58,LOW_TEMP_ALERT
8.62,23.41,60.81,21.6,52.39,37199.7,1.86,11.88,NOT_ABLE_TO_WATER
64.51,33.66,46.47,32.65,50.18,0.0,0.0,64.29,OK
30.68,26.92,71.31,28.07,66.43,0.0,0.0,25.79,NOT_ABLE_TO_WATER
86.06,12.01,35.54,10.26,43.39,81238.42,2.15,83.48,LOW_TEMP_ALERT
59.11,42.94,67.5,42.89,88.16,0.0,0.0,62.21,NOT_ABLE_TO_VENTILATE
89.19,17.82,63.2,14.73,65.79,0.0,0.0,94.77,LOW_TEMP_ALERT
75.25,42.45,93.22,40.07,100.0,764.35,0.58,61.86,NOT_ABLE_TO_VENTILATE
55.87,31.71,45.93,26.4,60.53,8340.62,0.3,55.08,LOW_LIGHT
34.33,34.14,93.3,32.35,100.0,108746.82,0.03,58.01,NOT_ABLE_TO_WATER
42.52,21.98,34.99,22.71,45.62,754.73,0.36,34.33,LOW_LIGHT
82.27,40.1,71.57,40.25,85.88,6337.64,0.0,82.26,NOT_ABLE_TO_VENTILATE
37.17,20.59,28.58,19.69,35.87,6818.92,0.43,35.37,NOT_ABLE_TO_WATER
7.51,42.18,32.05,37.1,43.13,157285.8,6.06,76.21,WATER
36.82,5.31,47.61,4.94,64.54,157285.8,5.99,42.58,WATER
84.2,32.91,16.67,31.49,16.54,23277.02,0.36,83.98,OK
8.76,32.38,62.23,32.47,62.6,52836.94,1.97,10.13,NOT_ABLE_TO_WATER
86.21,32.36,24.85,30.14,33.51,157285.8,5.53,82.61,OK
37.98,32.39,36.54,31.58,44.78,9445.69,0.0,42.33,NOT_ABLE_TO_WATER
40.32,41.32,89.44,42.76,83.94,0.0,0.0,47.18,NOT_ABLE_TO_VENTILATE
88.43,37.58,89.32,36.8,86.04,4681.31,0.36,84.33,NOT_ABLE_TO_VENTILATE
12.85,10.09,22.06,11.52,32.55,157285.8,4.5,10.48,WATER
63.35,14.39,59.24,12.45,51.46,59592.33,2.64,69.98,LOW_TEMP_ALERT
32.49,12.49,88.34,7.61,83.23,157285.8,5.5,35.96,WATER
63.15,36.28,22.36,33.76,22.34,47806.68,2.22,61.73,OK
95.94,8.77,31.78,9.01,37.2,37062.69,1.17,65.96,EXCESS_WATER
59.23,11.93,75.85,9.61,79.75,63415.31,1.63,60.25,LOW_TEMP_ALERT
88.05,11.8,40.3,7.57,53.27,157285.8,5.43,87.71,LOW_TEMP_ALERT
62.05,9.26,74.37,7.95,71.56,122496.2,4.55,65.09,LOW_TEMP_ALERT
52.21,29.01,40.26,28.48,43.42,157285.8,5.78,56.28,OK
83.21,39.71,86.84,34.6,94.97,5576.4,0.67,19.42,FUNGI_ALERT_EXCESS_WATER
27.21,17.36,43.12,14.31,40.06,157285.8,5.91,25.88,WATER
47.03,18.13,35.69,18.42,47.81,157285.8,5.1,26.26,EXCESS_WATER
7.13,21.45,75.47,18.31,79.76,0.0,0.0,12.8,NOT_ABLE_TO_WATER
76.56,35.18,76.32,32.88,76.87,157285.8,5.2,73.17,OK
12.49,8.53,46.08,8.14,60.11,0.0,0.0,14.62,NOT_ABLE_TO_WATER
5.2,28.51,88.9,25.52,98.36,0.0,0.0,30.08,NOT_ABLE_TO_WATER
92.17,10.83,18.73,7.97,16.66,0.0,0.0,86.97,LOW_TEMP_ALERT
12.2,23.38,60.07,23.69,67.31,0.0,0.0,57.74,NOT_ABLE_TO_WATER
14.48,34.46,80.45,33.85,86.9,157285.8,4.7,20.5,WATER
93.82,29.29,20.17,24.12,17.52,157285.8,4.59,81.54,OK
62.51,21.42,34.07,17.25,38.46,7873.57,0.2,68.02,LOW_LIGHT
1.1,7.06,51.5,4.91,42.29,157285.8,5.65,35.15,WATER
50.65,43.85,33.98,41.26,39.95,157285.8,3.99,47.16,VENTILATE
15.05,26.72,30.15,29.33,28.25,63101.5,1.96,10.3,NOT_ABLE_TO_WATER
63.54,nan,55.55,14.53,57.79,23656.48,0.55,59.74,INSUFFICIENT_DATA
60.9,43.98,47.82,40.8,74.05,1667.85,0.0,59.48,NOT_ABLE_TO_VENTILATE
42.62,36.82,84.15,32.5,100.0,123897.87,4.26,77.91,WATER
64.07,10.01,52.67,13.05,71.07,157285.8,5.78,21.89,EXCESS_WATER
80.07,15.71,60.67,13.08,60.75,157285.8,4.86,71.38,LOW_TEMP_ALERT
43.06,34.8,25.73,35.08,21.17,157285.8,4.99,58.87,WATER
63.46,21.71,44.81,21.44,44.46,77917.09,3.01,65.15,OK
18.81,40.87,37.96,40.42,33.79,0.0,0.0,18.81,NOT_ABLE_TO_WATER
15.66,30.45,50.59,28.83,55.32,47950.14,0.8,81.76,NOT_ABLE_TO_WATER
13.58,9.43,85.8,5.48,94.5,157285.8,4.91,13.66,WATER
79.71,9.06,38.68,5.52,55.09,0.0,0.0,81.59,LOW_TEMP_ALERT
60.95,7.64,82.81,4.83,86.54,0.0,0.0,10.53,FUNGI_ALERT_EXCESS_WATER
96.32,23.24,32.47,20.63,36.69,13413.45,0.29,28.62,EXCESS_WATER
96.24,20.42,59.65,17.68,63.66,0.0,0.0,91.98,OK
85.25,36.74,60.08,36.85,56.95,37684.77,1.33,83.38,NOT_ABLE_TO_VENTILATE
89.09,41.03,67.76,40.7,67.72,0.0,0.0,92.54,NOT_ABLE_TO_VENTILATE
32.97,6.34,34.44,3.64,45.44,0.0,0.0,91.97,NOT_ABLE_TO_WATER
90.98,9.58,29.59,8.26,44.94,0.0,0.0,93.93,LOW_TEMP_ALERT
66.3,30.82,90.32,31.26,96.96,27501.44,0.03,74.0,OK
66.89,11.63,37.5,7.64,39.27,40402.6,1.06,56.19,LOW_TEMP_ALERT
82.26,25.68,85.75,24.39,76.65,0.0,0.0,27.68,FUNGI_ALERT_EXCESS_WATER
29.95,14.92,32.05,14.16,25.9,0.0,0.0,71.33,NOT_ABLE_TO_WATER
22.76,13.87,66.02,10.06,84.27,157285.8,5.16,87.91,WATER
96.65,8.64,75.74,8.03,85.21,48207.65,1.87,91.28,LOW_TEMP_ALERT
57.29,30.76,78.54,27.82,89.56,0.0,0.0,56.76,OK
70.34,nan,23.96,37.57,15.22,0.0,0.0,70.67,INSUFFICIENT_DATA
11.43,28.04,48.67,27.92,54.5,0.0,0.0,33.21,NOT_ABLE_TO_WATER
72.68,35.64,74.5,31.31,82.1,157285.8,5.62,83.81,OK
58.88,44.96,90.72,41.12,91.58,0.0,0.0,55.16,NOT_ABLE_TO_VENTILATE
82.89,27.84,94.8,24.36,100.0,65921.49,2.74,88.14,OK
74.16,30.32,62.48,28.0,80.1,0.0,0.0,79.52,OK
87.88,39.5,69.22,36.5,80.98,157285.8,5.78,81.42,VENTILATE
55.76,27.84,70.27,25.11,67.01,157285.8,5.7,18.11,FUNGI_ALERT_EXCESS_WATER
4.43,35.18,73.16,34.29,81.45,157285.8,4.84,63.45,WATER
38.7,5.28,46.95,2.28,68.23,157285.8,4.93,39.51,WATER
29.02,29.34,36.93,28.23,37.92,34728.89,1.67,25.28,NOT_ABLE_TO_WATER
88.32,41.85,61.29,43.98,57.88,15074.89,0.2,35.47,EXCESS_WATER
21.51,41.45,59.44,39.21,62.17,0.0,0.0,18.5,NOT_ABLE_TO_WATER
73.0,39.19,58.97,37.44,73.01,87898.95,0.1,70.33,NOT_ABLE_TO_VENTILATE
62.99,10.21,31.04,9.67,26.59,157285.8,5.48,68.29,LOW_TEMP_ALERT
19.45,39.22,36.9,38.2,40.18,139110.76,4.58,43.91,WATER
27.17,7.15,91.39,2.36,89.64,71088.74,2.42,22.67,WATER
86.18,5.4,24.41,0.05,34.24,157285.8,5.07,83.86,LOW_TEMP_ALERT
78.93,10.81,69.28,9.69,58.18,37195.68,1.24,77.44,LOW_TEMP_ALERT
29.37,6.19,28.5,3.75,25.22,0.0,0.0,33.31,NOT_ABLE_TO_WATER
99.43,7.51,57.58,6.42,69.1,108293.01,3.63,77.29,EXCESS_WATER
43.87,37.0,86.16,34.52,83.35,157285.8,5.97,48.2,OK
88.71,6.79,90.37,4.83,100.0,0.0,0.0,79.5,LOW_TEMP_ALERT
83.28,5.98,72.66,3.16,92.5,0.0,0.0,73.36,LOW_TEMP_ALERT
25.08,9.43,67.93,8.17,74.48,100314.24,3.75,15.56,WATER
89.61,20.47,61.3,20.4,62.25,0.0,0.0,88.84,OK
81.53,21.28,45.21,20.81,nan,0.0,0.0,75.19,INSUFFICIENT_DATA
8.54,12.09,88.01,12.03,100.0,0.0,0.0,55.8,NOT_ABLE_TO_WATER
45.23,21.11,85.23,20.31,92.06,0.0,0.0,43.72,OK
32.7,14.24,56.69,10.97,53.26,157285.8,5.85,25.31,WATER
32.02,10.56,80.69,10.13,87.72,44427.91,1.14,16.45,NOT_ABLE_TO_WATER
92.4,25.0,52.18,26.64,63.71,138314.6,4.23,90.57,OK
31.04,35.39,20.44,34.77,28.93,0.0,0.0,16.44,NOT_ABLE_TO_WATER
25.78,30.48,24.08,29.83,37.93,15522.76,0.66,68.42,NOT_ABLE_TO_WATER
45.75,37.25,79.19,33.07,84.4,157285.8,4.72,12.31,FUNGI_ALERT_EXCESS_WATER
80.95,5.64,15.52,6.79,32.69,24662.96,0.85,78.93,LOW_TEMP_ALERT
32.33,21.54,18.02,22.48,23.33,5843.26,0.41,71.46,NOT_ABLE_TO_WATER
57.08,40.71,32.33,38.03,34.27,157285.8,4.77,62.54,VENTILATE
58.62,28.65,73.37,23.84,57.38,0.0,0.0,59.53,OK
35.9,29.93,56.55,25.79,59.59,157285.8,6.23,33.85,WATER
89.14,26.01,43.95,28.37,62.9,157285.8,5.5,94.82,OK
49.15,14.01,40.64,11.62,44.3,157285.8,4.7,47.08,LOW_TEMP_ALERT
21.17,44.02,42.37,40.27,46.36,7505.6,0.0,18.49,NOT_ABLE_TO_WATER
92.25,31.7,79.8,27.38,85.66,157285.8,5.96,89.69,OK
53.0,28.17,30.25,26.39,24.83,157285.8,5.53,55.44,OK
60.38,33.41,29.24,33.83,31.0,2049.54,0.69,65.16,LOW_LIGHT
25.56,22.09,30.64,21.25,34.14,0.0,0.0,72.29,NOT_ABLE_TO_WATER
3.0,37.62,34.41,34.36,27.57,0.0,0.0,60.6,NOT_ABLE_TO_WATER
52.92,15.44,93.53,14.74,90.2,111144.27,2.98,61.8,LOW_TEMP_ALERT
6.77,44.19,61.31,44.2,77.24,29533.02,1.38,34.17,NOT_ABLE_TO_WATER
67.91,27.03,38.24,28.76,32.89,0.0,0.0,72.4,OK
18.22,41.34,17.51,39.97,30.79,0.0,0.0,17.08,NOT_ABLE_TO_WATER
65.68,16.73,38.88,14.35,43.82,117047.27,3.84,71.69,LOW_TEMP_ALERT
69.46,25.43,44.86,21.36,47.52,33479.91,0.83,59.85,OK
94.66,41.74,92.42,40.98,100.0,85352.3,2.79,90.54,VENTILATE
74.04,17.79,53.42,17.03,50.77,41147.06,1.37,89.05,NOT_ABLE_TO_WATER
42.24,40.29,25.22,41.72,28.93,157285.8,5.69,71.24,WATER
14.53,32.62,60.48,31.91,76.21,0.0,0.0,14.22,NOT_ABLE_TO_WATER
22.33,22.36,71.2,14.63,80.26,50991.9,1.44,47.69,NOT_ABLE_TO_WATER
50.51,22.24,30.26,nan,27.26,0.0,0.0,46.3,INSUFFICIENT_DATA
61.66,15.47,67.81,14.08,77.53,157285.8,3.85,59.33,LOW_TEMP_ALERT
84.52,11.08,92.85,7.38,94.29,0.0,0.0,87.55,LOW_TEMP_ALERT
42.74,21.02,56.86,18.96,57.45,157285.8,6.18,14.12,EXCESS_WATER
53.64,11.39,81.55,11.9,82.35,157285.8,4.58,56.31,LOW_TEMP_ALERT
59.01,36.84,70.46,34.8,71.41,0.0,0.0,81.06,NOT_ABLE_TO_WATER
77.22,34.82,88.08,37.83,81.5,157285.8,5.39,70.71,VENTILATE
16.78,33.82,20.78,32.3,19.83,0.0,0.0,86.02,NOT_ABLE_TO_WATER
62.36,38.97,39.26,39.8,39.66,157285.8,4.14,56.7,VENTILATE
28.46,13.68,90.98,12.09,91.89,13819.2,0.3,35.04,NOT_ABLE_TO_WATER
79.16,35.47,56.34,31.05,66.43,157285.8,4.77,80.57,OK
11.62,36.97,76.52,33.22,79.69,157285.8,5.4,16.64,WATER
38.88,7.26,55.83,9.31,45.74,0.0,0.0,66.73,NOT_ABLE_TO_WATER
78.22,42.73,47.84,39.23,39.46,157285.8,5.51,82.27,VENTILATE
23.18,22.43,31.4,18.65,39.94,0.0,0.0,44.89,NOT_ABLE_TO_WATER
44.91,30.65,56.24,29.19,69.82,99895.35,2.71,47.87,OK
12.03,40.45,70.08,38.97,61.33,0.0,0.0,12.39,NOT_ABLE_TO_WATER
89.56,37.98,90.63,38.62,100.0,0.0,0.0,55.32,FUNGI_ALERT_EXCESS_WATER
27.43,42.75,21.6,43.18,33.53,3368.84,0.72,28.28,NOT_ABLE_TO_WATER
89.71,22.95,88.27,19.95,96.12,0.0,0.0,86.54,OK
99.31,10.86,91.66,9.12,86.42,157285.8,6.08,38.6,FUNGI_ALERT_EXCESS_WATER
75.35,13.67,47.89,9.44,44.96,0.0,0.0,75.87,LOW_TEMP_ALERT
28.53,19.65,50.66,15.61,52.57,3968.73,0.01,39.93,NOT_ABLE_TO_WATER
20.58,35.49,28.8,37.03,30.71,157285.8,4.98,14.02,WATER
80.2,5.74,87.95,5.57,97.69,157285.8,5.28,81.13,LOW_TEMP_ALERT
65.89,44.85,25.88,42.94,44.62,0.0,0.0,58.6,HYDRIC_STRESS_ALERT
87.2,15.66,28.52,14.73,37.32,157285.8,3.95,83.69,LOW_TEMP_ALERT
87.21,30.43,25.35,27.83,39.61,157285.8,4.88,82.56,OK
79.26,20.36,29.15,18.48,31.8,157285.8,4.64,73.73,OK
39.42,10.92,23.92,10.86,36.98,0.0,0.0,41.16,NOT_ABLE_TO_WATER
26.3,44.64,82.32,42.3,95.84,157285.8,5.71,20.29,WATER
43.77,27.96,89.17,25.9,98.93,114665.18,3.3,46.3,OK
52.46,17.09,46.65,18.34,35.1,157285.8,0.02,51.23,OK
75.71,20.47,85.14,17.37,79.65,0.0,0.0,28.84,FUNGI_ALERT_EXCESS_WATER
24.42,22.47,57.36,20.66,54.09,0.0,0.0,19.74,NOT_ABLE_TO_WATER
55.91,42.26,80.55,39.74,93.19,0.0,0.0,46.89,NOT_ABLE_TO_VENTILATE
62.24,32.67,85.18,33.8,87.91,nan,0.0,52.35,INSUFFICIENT_DATA
18.94,22.42,45.36,18.44,41.42,157285.8,4.61,17.97,WATER
62.08,6.18,71.26,2.61,76.14,157285.8,5.13,64.93,LOW_TEMP_ALERT
60.58,20.61,27.41,18.19,27.54,116103.94,4.02,88.76,WATER
97.32,16.38,86.1,13.15,88.15,157285.8,5.0,73.28,FUNGI_ALERT_EXCESS_WATER
22.86,32.14,43.06,26.95,62.13,157285.8,5.75,44.56,WATER
31.37,24.27,37.72,24.16,48.73,6046.74,0.01,94.64,NOT_ABLE_TO_WATER
94.79,33.66,26.29,33.5,12.26,0.0,0.0,51.82,FUNGI_ALERT_EXCESS_WATER
41.39,28.05,36.54,26.04,50.08,3981.0,0.0,40.21,LOW_LIGHT
28.14,15.47,76.6,12.93,72.44,9026.24,1.01,82.58,NOT_ABLE_TO_WATER
60.95,30.34,24.38,27.31,43.94,24828.87,0.53,61.7,OK
57.96,39.47,70.22,38.85,70.32,59628.86,1.88,60.92,NOT_ABLE_TO_VENTILATE
88.65,27.33,55.45,25.6,74.13,26009.76,0.51,89.08,OK
91.09,35.22,46.05,33.85,38.87,0.0,0.0,81.08,OK
42.52,44.1,23.41,38.02,25.83,nan,0.0,44.11,INSUFFICIENT_DATA
20.22,31.34,30.06,29.74,26.32,0.0,0.0,11.64,NOT_ABLE_TO_WATER
46.39,21.07,26.39,19.95,30.28,12123.23,1.06,26.03,EXCESS_WATER
75.01,34.32,39.96,31.83,65.23,4452.45,0.15,20.48,EXCESS_WATER
72.3,31.07,34.55,29.74,32.93,0.0,0.0,77.4,OK
50.83,27.29,83.78,27.59,91.09,0.0,0.0,54.47,OK
15.66,7.85,15.86,8.3,15.68,157285.8,4.94,16.12,WATER
3.24,42.54,19.59,38.02,9.87,157285.8,5.48,9.97,WATER
90.0,9.61,87.32,7.25,81.59,0.0,0.0,83.48,LOW_TEMP_ALERT
42.74,31.07,28.96,31.49,17.01,37579.75,0.86,51.13,OK
51.08,35.33,68.73,33.2,79.54,0.0,0.0,58.34,OK
34.15,21.78,68.55,16.53,70.18,157285.8,5.36,16.52,WATER
30.07,38.47,35.17,36.78,44.06,157285.8,4.87,86.42,WATER
77.25,42.84,88.44,40.68,73.1,0.0,0.0,77.08,NOT_ABLE_TO_VENTILATE
94.79,8.01,22.32,4.66,18.54,0.0,0.0,94.34,LOW_TEMP_ALERT
40.11,36.93,90.21,37.44,100.0,0.0,0.0,39.84,NOT_ABLE_TO_VENTILATE
46.31,38.12,63.4,37.19,69.02,0.0,0.0,41.44,NOT_ABLE_TO_VENTILATE
88.75,8.27,62.99,3.78,84.4,25999.69,0.68,12.4,FUNGI_ALERT_EXCESS_WATER
78.11,7.02,90.1,6.34,86.66,0.0,0.0,41.15,FUNGI_ALERT_EXCESS_WATER
26.88,42.57,68.21,43.31,73.66,0.0,0.0,23.5,NOT_ABLE_TO_WATER
23.63,44.75,79.88,41.56,71.46,7490.94,0.93,16.24,NOT_ABLE_TO_WATER
57.98,6.69,84.94,4.71,80.88,115715.16,3.56,87.0,WATER
79.98,16.44,86.97,13.42,71.69,157285.8,5.74,80.31,LOW_TEMP_ALERT
60.94,18.61,76.0,14.21,74.68,157285.8,6.07,84.18,WATER
41.13,14.9,87.83,10.3,81.31,0.0,0.0,51.07,LOW_TEMP_ALERT
17.42,34.0,82.69,32.37,100.0,0.0,0.0,72.34,NOT_ABLE_TO_WATER
13.48,43.43,55.27,41.94,63.25,157285.8,5.29,32.09,WATER
21.05,24.73,36.08,25.95,45.35,0.0,0.0,68.48,NOT_ABLE_TO_WATER
85.72,6.5,72.93,5.17,93.38,0.0,0.0,47.73,FUNGI_ALERT_EXCESS_WATER
2.27,9.79,35.6,6.73,35.63,20150.19,0.68,35.57,NOT_ABLE_TO_WATER
72.81,24.7,35.39,24.88,44.4,nan,5.02,61.8,INSUFFICIENT_DATA
18.3,40.88,76.55,40.44,72.59,nan,5.95,14.67,INSUFFICIENT_DATA
85.75,42.95,59.59,42.28,58.21,0.0,0.0,46.3,FUNGI_ALERT_EXCESS_WATER
78.84,24.21,84.99,26.54,100.0,6020.31,0.71,76.43,LOW_LIGHT
21.94,9.66,30.72,7.9,39.11,0.0,0.0,23.06,NOT_ABLE_TO_WATER
92.42,5.57,19.58,3.57,27.9,0.0,0.0,12.62,FUNGI_ALERT_EXCESS_WATER
72.94,15.81,56.98,16.59,66.17,7300.74,0.23,71.05,LOW_LIGHT
39.99,29.9,51.14,27.45,44.21,58352.86,1.27,38.27,NOT_ABLE_TO_WATER
61.89,26.55,46.78,24.61,60.64,0.0,0.0,57.93,OK
50.55,6.34,60.89,10.24,64.71,0.0,0.0,54.37,LOW_TEMP_ALERT
80.19,20.9,34.37,20.02,45.34,0.0,0.0,38.91,FUNGI_ALERT_EXCESS_WATER
41.16,24.99,59.77,23.77,76.51,140190.06,4.9,43.95,OK
25.54,7.01,22.71,6.42,19.97,0.0,0.0,27.17,NOT_ABLE_TO_WATER
28.49,13.16,51.3,10.89,65.78,59939.42,2.57,25.15,WATER
59.48,39.25,68.04,35.14,81.92,13124.08,0.0,41.4,FUNGI_ALERT_EXCESS_WATER
56.35,27.72,64.23,23.3,69.04,157285.8,6.06,60.46,OK
28.32,10.46,45.57,7.24,55.57,48405.97,1.65,56.01,NOT_ABLE_TO_WATER
62.3,15.45,15.8,16.71,23.96,34919.64,1.05,86.3,NOT_ABLE_TO_WATER
11.81,11.57,37.85,11.02,51.22,157285.8,4.63,62.96,WATER
9.59,39.85,55.92,38.02,76.53,64420.82,1.68,41.34,NOT_ABLE_TO_WATER
42.38,16.02,31.9,12.94,34.46,156782.36,4.78,37.01,LOW_TEMP_ALERT
30.52,25.76,67.7,25.01,69.36,0.0,0.0,32.13,NOT_ABLE_TO_WATER
43.92,19.07,52.3,20.16,70.95,20862.76,1.64,51.28,OK
36.96,9.0,19.88,5.33,11.4,151297.86,3.88,51.14,WATER
73.63,26.39,19.21,24.02,45.48,0.0,0.0,68.14,OK
49.86,35.25,38.54,29.01,44.07,0.0,0.0,49.74,OK
15.87,16.34,53.59,13.09,49.49,9540.98,0.05,75.97,NOT_ABLE_TO_WATER
24.63,34.0,28.54,33.38,21.62,0.0,0.0,23.01,NOT_ABLE_TO_WATER
81.41,11.69,55.82,9.89,60.9,0.0,0.0,90.56,LOW_TEMP_ALERT
22.11,32.99,58.77,31.66,68.19,121972.12,4.56,62.58,WATER
63.34,14.85,78.24,15.56,78.89,139380.61,5.32,64.55,OK
53.85,35.85,94.54,34.69,97.25,0.0,0.0,53.08,OK
88.57,13.87,77.82,14.76,74.78,103795.92,2.77,28.31,FUNGI_ALERT_EXCESS_WATER
39.34,14.57,26.01,16.32,28.65,18248.88,0.33,38.33,NOT_ABLE_TO_WATER
86.7,40.68,33.65,36.6,47.2,40576.58,1.99,46.38,EXCESS_WATER
22.3,18.49,82.13,16.6,94.71,4429.92,0.34,48.37,NOT_ABLE_TO_WATER
38.0,21.87,21.41,19.14,33.97,0.0,0.0,31.07,NOT_ABLE_TO_WATER
74.48,34.89,48.48,34.61,70.39,0.0,0.0,71.59,OK
24.3,8.53,19.53,5.21,29.53,3946.32,0.0,20.45,NOT_ABLE_TO_WATER
82.78,32.0,75.5,29.83,85.82,157285.8,3.98,78.44,OK
23.46,36.23,29.97,36.17,33.23,112548.28,3.8,10.57,WATER
47.69,28.24,25.46,28.9,22.36,83095.69,3.22,40.3,OK
49.34,10.31,86.53,12.19,77.45,157285.8,4.35,51.04,LOW_TEMP_ALERT
49.23,43.41,82.45,45.58,89.31,46403.98,1.7,42.25,NOT_ABLE_TO_VENTILATE
96.14,27.53,86.09,22.77,92.91,157285.8,4.76,18.46,FUNGI_ALERT_EXCESS_WATER
36.2,19.87,37.91,22.21,46.44,26997.54,1.29,67.89,NOT_ABLE_TO_WATER
61.36,16.37,94.0,14.57,98.31,157285.8,5.67,68.42,LOW_TEMP_ALERT
56.51,42.33,49.66,44.16,44.46,0.0,0.0,62.22,NOT_ABLE_TO_VENTILATE
80.69,17.34,66.77,13.6,73.61,0.0,0.0,73.95,LOW_TEMP_ALERT
47.36,15.11,84.25,13.14,85.55,3999.0,0.7,49.23,LOW_TEMP_ALERT
62.09,38.72,26.12,37.31,32.08,0.0,0.0,63.18,NOT_ABLE_TO_VENTILATE
64.99,35.49,23.92,34.17,25.59,153502.64,5.42,40.79,EXCESS_WATER
26.75,40.93,74.77,38.93,82.59,157285.8,5.08,27.77,WATER
92.17,14.71,50.03,11.22,63.16,6240.48,0.32,74.61,EXCESS_WATER
4.24,18.57,41.63,14.62,61.79,0.0,0.0,56.89,NOT_ABLE_TO_WATER
48.8,32.49,30.68,33.28,30.29,58063.68,2.8,51.14,OK
27.92,44.22,30.46,42.95,29.79,157285.8,5.24,28.57,WATER
71.23,10.01,64.26,9.26,63.47,14531.32,0.39,88.63,NOT_ABLE_TO_WATER
78.65,37.53,60.89,36.79,60.68,157285.8,5.76,73.98,VENTILATE
68.93,5.84,58.48,4.23,67.63,30055.84,0.76,45.88,EXCESS_WATER
39.03,14.43,74.98,13.42,90.24,442.44,0.08,37.86,NOT_ABLE_TO_WATER
72.07,15.74,18.55,12.61,21.35,0.0,0.0,40.45,FUNGI_ALERT_EXCESS_WATER
1.07,43.79,45.74,42.89,47.96,157285.8,4.79,42.06,WATER
nan,30.07,20.31,28.53,23.96,0.0,0.0,82.85,INSUFFICIENT_DATA
50.7,6.57,51.99,8.66,60.1,157285.8,5.2,11.94,EXCESS_WATER
21.3,24.7,21.67,24.96,25.66,0.0,0.0,25.96,NOT_ABLE_TO_WATER
89.49,13.35,27.27,11.21,29.52,24046.09,0.62,84.88,LOW_TEMP_ALERT
24.57,16.61,45.89,16.47,60.37,157285.8,5.93,18.16,WATER
64.14,39.15,62.52,37.77,62.46,110045.08,0.03,42.16,EXCESS_WATER
26.91,14.17,25.82,11.41,19.64,0.0,0.0,58.84,NOT_ABLE_TO_WATER
84.72,30.02,55.09,27.06,52.9,0.0,0.0,88.12,OK
52.52,23.57,48.91,22.08,66.64,0.0,0.0,38.31,OK
22.89,12.21,48.56,14.18,77.32,99300.06,3.61,88.29,WATER
62.95,40.31,86.64,38.43,73.35,157285.8,6.05,25.25,FUNGI_ALERT_EXCESS_WATER
42.75,35.92,47.74,34.1,57.89,0.0,0.0,42.04,OK
46.25,nan,72.7,20.5,87.23,112461.27,4.41,50.0,INSUFFICIENT_DATA
67.03,15.1,94.67,14.83,94.05,65140.21,2.61,63.68,LOW_TEMP_ALERT
77.23,5.99,43.7,4.09,65.17,9309.6,0.55,29.35,EXCESS_WATER
4.54,8.27,51.27,6.24,62.08,0.0,0.0,74.59,NOT_ABLE_TO_WATER
1.79,35.38,16.69,30.4,18.13,0.0,0.0,94.88,NOT_ABLE_TO_WATER
99.0,21.01,15.35,nan,14.31,96985.53,2.91,68.57,INSUFFICIENT_DATA
47.98,43.94,77.35,42.53,78.57,0.0,nan,51.68,INSUFFICIENT_DATA
29.07,16.49,73.26,16.07,66.37,154190.35,4.87,26.21,WATER
19.11,20.03,80.78,22.26,100.0,18747.77,1.51,45.3,NOT_ABLE_TO_WATER
85.73,39.58,58.9,36.66,42.98,140922.24,4.2,86.8,VENTILATE
24.59,11.42,89.34,14.74,100.0,157285.8,5.0,24.03,WATER
75.59,13.42,56.66,15.18,60.79,0.0,0.0,80.0,OK
25.11,20.09,23.24,17.82,28.44,0.0,nan,32.79,INSUFFICIENT_DATA
80.83,21.46,60.87,17.19,89.47,9633.3,0.23,92.31,LOW_LIGHT
58.13,24.77,42.3,24.45,50.14,27388.58,1.04,31.38,EXCESS_WATER
21.73,38.35,62.41,39.92,58.95,59268.86,2.18,20.98,WATER
89.64,26.93,23.85,28.92,37.48,157285.8,5.44,84.79,OK
21.48,43.83,25.63,42.68,32.88,121641.6,4.87,90.22,WATER
21.37,7.11,80.8,7.73,83.32,0.0,0.0,80.28,NOT_ABLE_TO_WATER
42.57,27.38,18.96,26.08,32.71,0.0,0.0,46.05,OK
89.45,41.72,48.09,42.35,51.99,117603.78,3.03,87.35,VENTILATE
36.64,33.54,67.96,29.27,74.92,0.0,0.0,28.95,NOT_ABLE_TO_WATER
43.37,8.26,63.24,6.64,55.81,157285.8,5.42,50.51,LOW_TEMP_ALERT
20.66,nan,19.77,40.81,15.73,14626.27,1.13,17.74,INSUFFICIENT_DATA
59.42,15.2,24.06,14.19,32.49,23011.42,1.06,80.31,NOT_ABLE_TO_WATER
68.2,15.01,36.8,16.82,52.98,2510.58,0.06,71.82,LOW_LIGHT
52.2,12.03,33.03,9.05,28.02,128293.84,4.65,54.12,LOW_TEMP_ALERT
15.39,8.97,16.29,12.25,21.33,20567.79,0.9,13.72,NOT_ABLE_TO_WATER
21.22,17.0,86.98,11.92,nan,157285.8,5.85,52.98,INSUFFICIENT_DATA
24.9,21.21,35.39,17.67,37.29,157285.8,4.81,35.29,WATER
38.38,12.09,55.03,11.47,53.49,0.0,0.0,35.42,NOT_ABLE_TO_WATER
57.56,12.1,33.09,8.88,45.97,6280.45,0.06,48.54,LOW_TEMP_ALERT
15.44,9.4,45.59,5.44,58.65,0.0,0.0,23.0,NOT_ABLE_TO_WATER
76.28,41.81,39.09,39.45,42.53,157285.8,4.55,62.24,VENTILATE
41.65,27.85,83.13,28.3,84.4,157285.8,4.86,40.01,OK
61.25,38.57,51.93,34.97,50.06,157285.8,4.88,67.19,OK
82.65,7.24,23.86,5.66,17.55,157285.8,5.05,94.64,LOW_TEMP_ALERT
65.31,14.05,59.6,14.18,56.42,157285.8,5.99,66.52,LOW_TEMP_ALERT
74.75,23.75,92.36,19.79,100.0,4586.74,0.39,79.93,LOW_LIGHT
60.23,15.41,59.05,15.83,57.93,157285.8,5.92,28.22,EXCESS_WATER
40.0,42.05,87.42,42.12,84.05,0.0,0.0,32.65,NOT_ABLE_TO_VENTILATE
59.41,14.19,53.54,13.1,59.22,133902.92,4.27,21.11,EXCESS_WATER
48.03,36.24,37.8,29.62,31.43,157285.8,5.35,58.26,OK
58.7,34.65,70.5,34.7,72.6,2608.73,0.0,57.74,LOW_LIGHT
3.52,15.22,61.14,14.77,83.94,157285.8,5.35,53.37,WATER
56.61,23.67,51.99,19.17,70.02,157285.8,4.94,53.62,OK
38.9,14.56,18.67,11.99,27.77,23887.99,0.75,24.54,NOT_ABLE_TO_WATER
49.04,36.54,63.51,38.75,72.78,5429.19,0.0,52.74,NOT_ABLE_TO_VENTILATE
41.91,36.68,46.13,31.88,61.0,68077.3,2.73,40.74,OK
61.71,33.41,28.81,31.42,23.53,157285.8,6.15,59.47,OK
66.35,25.94,56.55,23.62,69.27,33045.64,0.54,40.8,EXCESS_WATER
61.92,42.97,77.71,43.04,81.4,157285.8,4.73,59.45,VENTILATE
15.93,26.65,59.06,25.6,64.54,5451.42,0.77,20.01,NOT_ABLE_TO_WATER
97.9,20.57,16.39,18.19,4.06,157285.8,5.54,94.2,OK
50.03,5.65,60.78,4.99,72.67,80436.39,2.82,50.8,LOW_TEMP_ALERT
14.56,24.13,28.84,20.85,40.95,0.0,0.0,14.54,NOT_ABLE_TO_WATER
37.06,8.18,21.68,7.71,38.58,92541.68,2.92,32.05,WATER
78.75,26.7,94.79,25.96,100.0,0.0,0.0,77.55,OK
77.3,6.52,38.55,6.17,56.28,157285.8,4.73,77.94,LOW_TEMP_ALERT
96.81,9.26,40.99,9.35,36.77,157285.8,5.7,24.74,EXCESS_WATER
51.07,38.91,50.13,37.35,70.29,11075.91,0.74,85.31,NOT_ABLE_TO_WATER
30.83,23.31,50.62,20.41,60.72,0.0,0.0,62.32,NOT_ABLE_TO_WATER
52.25,35.73,29.51,34.39,39.33,137532.72,4.41,90.75,WATER
19.66,36.47,92.9,32.6,100.0,0.0,0.0,14.71,NOT_ABLE_TO_WATER
38.72,8.9,90.45,4.72,93.71,656.89,0.0,55.37,NOT_ABLE_TO_WATER
36.3,28.39,32.06,24.53,37.54,5165.56,0.09,37.02,NOT_ABLE_TO_WATER
13.27,41.86,43.75,40.33,54.05,4166.1,0.0,15.17,NOT_ABLE_TO_WATER
4.86,18.27,56.66,15.05,76.29,157285.8,6.48,17.11,WATER
96.84,20.94,25.21,22.01,21.44,58989.83,1.82,86.56,OK
98.38,23.45,88.51,25.01,87.65,157285.8,5.33,90.51,OK
50.73,9.82,93.48,10.71,91.5,0.0,0.0,83.85,NOT_ABLE_TO_WATER
19.49,28.06,25.45,27.01,24.68,0.0,0.0,18.52,NOT_ABLE_TO_WATER
73.2,36.78,75.39,32.96,88.07,38308.06,1.76,36.52,FUNGI_ALERT_EXCESS_WATER
87.01,15.48,23.12,12.28,16.76,0.0,0.0,33.37,FUNGI_ALERT_EXCESS_WATER
84.93,32.22,75.62,30.81,91.25,157285.8,6.03,87.86,OK
81.03,24.14,35.96,22.79,48.17,157285.8,4.91,71.38,OK
51.86,32.03,19.01,26.33,15.5,2523.41,0.0,50.97,LOW_LIGHT
8.44,25.47,91.02,23.29,92.63,45987.03,1.35,12.91,NOT_ABLE_TO_WATER
27.99,31.83,24.47,34.72,25.64,1037.97,0.0,32.52,NOT_ABLE_TO_WATER
6.55,11.59,33.44,12.24,35.43,0.0,0.0,45.1,NOT_ABLE_TO_WATER
70.64,11.13,63.76,13.05,89.23,0.0,0.0,68.51,LOW_TEMP_ALERT
nan,41.05,23.85,40.63,24.11,0.0,0.0,45.59,INSUFFICIENT_DATA
96.66,36.03,40.07,34.63,52.37,0.0,0.0,92.65,OK
20.55,32.22,24.4,30.06,28.88,6151.76,0.46,21.64,NOT_ABLE_TO_WATER
70.48,6.63,65.81,4.21,69.87,0.0,0.0,73.12,LOW_TEMP_ALERT
79.58,7.8,53.72,7.43,70.87,120862.98,4.08,87.51,LOW_TEMP_ALERT
98.69,36.36,65.05,34.11,70.02,0.0,0.0,64.68,FUNGI_ALERT_EXCESS_WATER
59.12,40.95,87.83,43.85,95.69,0.0,0.0,50.53,NOT_ABLE_TO_VENTILATE
55.35,32.4,41.31,30.36,54.72,157285.8,4.78,13.83,EXCESS_WATER
23.62,12.5,91.6,10.52,100.0,157285.8,4.93,21.06,WATER
86.63,16.28,37.85,15.39,35.75,0.0,0.0,86.61,OK
35.62,29.1,44.64,29.61,59.02,1095.14,0.55,11.94,NOT_ABLE_TO_WATER
12.7,29.99,92.73,29.36,88.34,156117.94,5.41,12.61,WATER
27.24,25.12,81.64,25.62,96.98,0.0,0.0,78.25,NOT_ABLE_TO_WATER
8.65,27.76,80.89,25.28,84.48,157285.8,5.3,12.79,WATER
15.92,34.18,68.92,32.54,82.07,479.08,0.0,27.85,NOT_ABLE_TO_WATER
28.75,7.24,66.04,11.04,80.15,120027.21,4.05,25.04,WATER
53.82,33.87,91.06,34.67,95.08,60639.08,1.84,49.94,OK
16.37,11.64,64.23,10.68,71.27,61637.83,2.1,47.06,WATER
85.54,42.17,35.73,41.13,41.61,157285.8,4.37,82.53,VENTILATE
58.53,20.06,56.74,21.96,59.77,23657.37,0.6,65.56,OK
82.02,10.22,70.23,10.36,90.6,157285.8,6.22,83.3,LOW_TEMP_ALERT
52.86,39.68,18.67,38.1,21.62,0.0,0.0,19.92,FUNGI_ALERT_EXCESS_WATER
12.8,21.31,25.13,17.16,40.39,22961.52,0.12,61.73,NOT_ABLE_TO_WATER
48.44,5.26,62.36,0.0,72.88,0.0,0.0,49.87,LOW_TEMP_ALERT
44.93,17.09,83.5,18.21,80.93,0.0,0.0,44.63,OK
53.61,21.25,73.49,21.49,68.93,157285.8,5.7,49.11,OK
78.69,38.18,84.6,36.56,89.11,125523.5,3.78,83.52,VENTILATE
83.2,6.03,38.6,4.55,35.46,11969.26,0.72,60.71,EXCESS_WATER
13.09,10.25,55.33,8.46,65.43,30721.63,1.02,18.91,NOT_ABLE_TO_WATER
25.52,13.31,73.92,15.56,70.63,157285.8,5.78,23.86,WATER
86.21,10.21,53.32,7.4,54.2,0.0,0.0,81.2,LOW_TEMP_ALERT
27.29,12.96,84.11,11.38,98.6,157285.8,5.17,28.98,WATER
19.56,24.54,41.18,24.67,54.82,157285.8,5.35,39.15,WATER
12.2,15.54,20.54,20.08,32.83,0.0,0.0,26.81,NOT_ABLE_TO_WATER
35.97,11.1,72.07,10.09,66.6,4425.24,0.0,37.01,NOT_ABLE_TO_WATER
24.61,26.79,17.54,29.64,13.56,157285.8,5.31,78.47,WATER
19.81,35.9,70.62,37.75,82.74,0.0,0.0,16.58,NOT_ABLE_TO_WATER
79.07,18.27,61.37,18.0,59.16,157285.8,4.13,78.79,OK
46.49,26.02,77.92,24.03,82.83,157285.8,4.62,52.79,OK
42.17,24.7,26.25,22.93,31.23,157285.8,5.0,35.85,OK
13.95,32.13,51.23,29.01,46.47,50282.64,2.09,14.95,WATER
86.26,41.55,58.38,41.59,61.79,157285.8,5.48,79.6,VENTILATE
53.53,15.46,47.97,14.96,51.73,0.0,0.0,51.3,LOW_TEMP_ALERT
84.72,16.32,91.52,16.95,97.47,152024.99,5.2,87.83,OK
30.09,24.82,28.31,21.12,39.7,14236.85,0.21,35.91,NOT_ABLE_TO_WATER
78.71,30.92,63.76,29.19,62.83,56560.1,2.21,26.42,EXCESS_WATER
89.04,23.28,21.06,24.31,38.55,0.0,0.0,46.58,FUNGI_ALERT_EXCESS_WATER
53.44,41.51,79.95,40.32,89.08,0.0,0.0,47.98,NOT_ABLE_TO_VENTILATE
37.31,10.07,91.35,8.67,80.82,0.0,0.0,39.77,NOT_ABLE_TO_WATER
34.71,33.93,25.74,29.26,48.74,8779.46,0.29,34.6,NOT_ABLE_TO_WATER
32.83,19.55,70.71,16.83,79.61,157285.8,4.7,21.63,WATER
87.48,44.97,53.83,42.73,65.51,0.0,0.0,86.31,NOT_ABLE_TO_VENTILATE
58.17,12.24,15.7,8.31,27.85,0.0,0.0,67.2,LOW_TEMP_ALERT
91.25,38.87,49.93,39.74,50.38,157285.8,6.04,86.81,VENTILATE
9.47,14.52,42.25,10.26,39.65,0.0,0.0,67.29,NOT_ABLE_TO_WATER
16.97,33.88,63.97,32.43,71.22,0.0,0.0,48.99,NOT_ABLE_TO_WATER
52.14,8.26,93.03,6.09,100.0,0.0,0.0,47.78,LOW_TEMP_ALERT
8.77,21.0,20.84,23.24,42.85,0.0,0.0,18.01,NOT_ABLE_TO_WATER
57.53,19.08,52.43,18.96,48.65,0.0,0.0,72.16,OK
18.74,40.45,15.95,38.27,10.01,157285.8,4.93,42.21,WATER
44.75,7.6,17.07,6.89,30.99,0.0,0.0,82.43,NOT_ABLE_TO_WATER
21.97,30.63,88.72,27.52,98.29,157285.8,5.37,22.2,WATER
16.62,38.82,44.45,35.66,50.04,9842.87,0.0,19.54,NOT_ABLE_TO_WATER
37.73,31.44,42.47,28.21,53.02,0.0,0.0,33.19,NOT_ABLE_TO_WATER
nan,15.17,91.2,14.24,100.0,0.0,0.0,75.23,INSUFFICIENT_DATA
40.85,21.12,61.62,21.74,77.22,157285.8,5.23,42.99,OK
68.72,23.54,93.1,21.92,99.79,0.0,0.0,73.13,OK
76.34,41.62,21.85,40.09,24.16,12823.86,0.0,79.28,HYDRIC_STRESS_ALERT
14.24,16.66,45.23,16.86,53.54,0.0,0.0,19.77,NOT_ABLE_TO_WATER
nan,40.09,20.66,36.54,25.11,14023.09,0.27,86.17,INSUFFICIENT_DATA
26.39,43.54,77.68,44.72,79.97,157285.8,5.45,30.37,WATER
35.22,26.59,80.97,26.32,88.22,109001.34,3.84,52.98,WATER
36.57,43.43,69.04,39.28,80.15,0.0,0.0,34.24,NOT_ABLE_TO_WATER
32.04,27.26,46.47,23.1,50.27,0.0,0.0,51.69,NOT_ABLE_TO_WATER
93.16,21.32,49.38,16.95,49.11,0.0,0.0,30.83,FUNGI_ALERT_EXCESS_WATER
48.09,25.73,83.88,24.49,83.96,0.0,0.0,39.3,OK
11.43,40.99,27.45,41.15,37.18,48847.88,1.6,14.47,NOT_ABLE_TO_WATER
65.12,14.78,88.19,12.47,91.18,157285.8,4.89,66.96,LOW_TEMP_ALERT
25.57,13.75,59.82,9.75,64.79,0.0,0.0,22.57,NOT_ABLE_TO_WATER
22.93,5.95,21.19,5.36,21.52,49733.37,2.42,23.99,WATER
89.84,38.93,93.0,36.94,100.0,143169.49,4.85,25.43,FUNGI_ALERT_EXCESS_WATER
93.66,26.23,21.2,23.97,26.9,3498.97,0.11,44.22,EXCESS_WATER
79.85,13.02,55.0,8.75,61.38,4800.01,0.1,83.28,LOW_TEMP_ALERT
41.56,29.85,83.84,26.92,90.33,157285.8,6.51,35.66,OK
69.02,9.04,54.26,8.35,63.33,7475.92,0.03,66.86,LOW_TEMP_ALERT
40.01,33.32,32.9,31.41,41.67,157285.8,5.73,39.88,OK
45.14,11.02,82.28,7.37,85.3,157285.8,5.66,45.19,LOW_TEMP_ALERT
45.26,24.0,84.67,23.03,98.72,40264.41,1.18,67.09,NOT_ABLE_TO_WATER
2.26,17.3,41.47,16.77,47.37,0.0,0.0,25.13,NOT_ABLE_TO_WATER
53.54,37.58,40.54,34.62,39.16,44279.85,0.03,53.27,OK
17.16,44.57,56.16,42.29,58.91,nan,0.0,19.55,INSUFFICIENT_DATA
85.38,11.67,21.71,10.97,26.49,0.0,0.0,85.83,LOW_TEMP_ALERT
14.63,44.96,20.15,42.27,18.95,4276.3,0.0,55.97,NOT_ABLE_TO_WATER
40.14,25.45,62.68,22.73,76.88,157285.8,0.03,43.38,OK
19.3,37.87,87.01,36.21,91.66,157285.8,4.53,47.31,WATER
28.88,37.82,65.11,39.06,77.41,157285.8,5.15,31.39,WATER
63.54,18.57,40.52,16.82,39.16,80878.12,2.53,64.01,OK
22.82,23.62,92.17,19.31,100.0,24351.57,0.67,22.72,NOT_ABLE_TO_WATER
95.17,10.86,48.64,8.82,53.41,0.0,0.0,57.38,FUNGI_ALERT_EXCESS_WATER
99.18,11.54,56.46,12.02,58.61,6842.99,0.11,48.1,EXCESS_WATER
47.73,11.26,24.08,8.19,24.21,157285.8,5.16,80.27,WATER
17.82,32.8,28.43,30.04,45.36,157285.8,4.57,16.67,WATER
33.84,8.48,20.13,8.39,34.58,7198.11,0.16,34.72,NOT_ABLE_TO_WATER
53.64,21.79,34.57,21.77,39.43,113643.26,3.24,84.13,WATER
42.32,35.58,28.17,35.6,39.48,153253.71,4.08,32.54,OK
17.54,38.1,80.66,37.09,84.17,157285.8,4.25,12.98,WATER
79.52,28.4,nan,27.78,8.4,50941.48,1.4,25.78,INSUFFICIENT_DATA
49.59,25.14,79.97,21.0,96.08,0.0,0.0,52.45,OK
35.62,19.18,72.91,20.42,79.35,84364.38,2.62,75.36,WATER
10.97,43.12,66.97,39.87,69.86,157285.8,5.71,19.97,WATER
25.73,25.42,77.02,25.85,92.44,138779.98,3.84,25.1,WATER
16.99,nan,39.19,35.94,49.06,0.0,0.0,14.51,INSUFFICIENT_DATA
7.98,5.02,53.15,2.36,48.67,157285.8,5.72,13.1,WATER
95.2,29.57,53.06,26.66,44.09,17463.42,0.56,92.35,OK
30.98,44.65,61.37,41.91,80.55,0.0,0.0,37.73,NOT_ABLE_TO_WATER
28.35,41.31,88.25,38.96,93.87,32070.05,0.96,94.05,NOT_ABLE_TO_WATER
31.82,33.45,77.34,32.76,80.13,99003.95,3.89,62.49,WATER
56.2,8.66,52.59,4.4,56.02,9787.13,0.0,52.35,LOW_TEMP_ALERT
77.0,17.24,83.97,16.04,85.19,0.0,0.0,76.78,OK
95.81,11.35,41.79,11.4,45.41,157285.8,5.13,80.29,EXCESS_WATER
97.92,17.67,76.39,19.45,97.02,59271.49,1.63,90.93,OK
66.45,38.45,16.99,37.74,17.13,23078.88,0.44,75.21,NOT_ABLE_TO_VENTILATE
58.09,32.37,41.56,29.86,39.39,0.0,0.0,60.03,OK
33.27,27.88,59.06,26.04,65.65,0.0,0.0,25.46,NOT_ABLE_TO_WATER
37.24,6.08,68.07,4.61,59.57,117611.49,4.48,37.74,WATER
78.42,13.52,23.65,13.6,42.93,60006.53,1.91,85.6,LOW_TEMP_ALERT
73.4,21.24,81.8,18.92,97.36,157285.8,4.84,78.06,OK
21.65,30.79,27.22,29.99,34.65,157285.8,5.95,21.73,WATER
17.16,6.22,42.69,4.62,51.58,157285.8,4.61,17.42,WATER
27.47,30.4,81.36,30.53,90.54,112632.99,4.16,27.42,WATER
60.9,18.46,42.88,19.37,62.25,157285.8,4.8,60.44,OK
19.75,35.42,91.82,34.53,94.82,3452.22,0.45,83.67,NOT_ABLE_TO_WATER
68.83,5.54,41.6,7.67,57.28,1733.34,0.41,41.86,EXCESS_WATER
15.59,27.28,88.83,23.13,94.27,0.0,0.0,73.35,NOT_ABLE_TO_WATER
45.06,44.61,16.11,41.8,23.49,0.0,0.0,29.07,FUNGI_ALERT_EXCESS_WATER
46.45,39.8,81.0,38.41,70.45,0.0,0.0,53.14,NOT_ABLE_TO_VENTILATE
84.7,13.75,89.4,13.6,97.19,157285.8,5.12,91.53,LOW_TEMP_ALERT
35.68,15.67,92.24,14.8,100.0,2035.11,0.0,40.42,NOT_ABLE_TO_WATER
39.92,44.9,29.42,45.14,43.41,0.0,0.0,39.04,NOT_ABLE_TO_WATER
89.5,8.74,69.75,6.7,68.8,2694.82,0.0,21.38,EXCESS_WATER
72.76,15.62,22.71,15.84,32.9,157285.8,5.66,85.72,OK
49.98,12.1,31.13,12.84,49.16,136159.98,4.54,53.58,LOW_TEMP_ALERT
50.13,8.67,66.71,9.33,83.01,2607.66,0.28,45.14,LOW_TEMP_ALERT
30.58,9.49,91.79,10.57,85.45,7483.16,0.0,28.85,NOT_ABLE_TO_WATER
25.28,14.19,91.04,11.3,93.17,0.0,0.0,22.81,NOT_ABLE_TO_WATER
20.32,33.19,75.72,29.87,97.11,157285.8,4.55,26.61,WATER
23.82,19.57,49.28,16.81,45.5,0.0,0.0,25.37,NOT_ABLE_TO_WATER
51.14,30.49,53.24,29.05,67.23,0.0,0.0,41.96,OK
42.74,39.2,84.01,38.88,92.28,0.0,0.0,45.41,NOT_ABLE_TO_VENTILATE
75.62,40.09,39.26,39.2,48.13,0.0,0.0,75.72,NOT_ABLE_TO_VENTILATE
53.92,14.2,64.58,10.48,56.9,157285.8,5.34,14.22,EXCESS_WATER
82.5,43.72,70.28,38.47,64.37,0.0,0.0,79.21,NOT_ABLE_TO_VENTILATE
93.64,9.84,25.62,6.73,22.85,0.0,0.0,87.04,LOW_TEMP_ALERT
49.22,25.7,49.15,25.44,55.13,0.0,0.0,70.41,NOT_ABLE_TO_WATER
73.98,8.06,37.23,4.18,34.7,40852.96,2.23,81.73,LOW_TEMP_ALERT
80.96,34.74,16.0,33.65,17.59,157285.8,6.22,80.41,OK
88.31,21.65,38.59,21.48,47.18,28296.52,1.36,92.57,OK
30.25,40.62,65.71,40.64,58.57,142341.0,5.04,36.19,WATER
41.42,43.18,22.44,38.87,35.6,0.0,0.0,38.79,HYDRIC_STRESS_ALERT
16.54,20.47,63.32,20.29,64.39,0.0,0.0,18.61,NOT_ABLE_TO_WATER
28.77,30.31,28.43,30.92,27.45,18618.52,1.09,23.25,NOT_ABLE_TO_WATER
83.58,10.73,32.02,10.52,38.29,0.0,0.0,81.0,LOW_TEMP_ALERT
67.82,20.89,19.57,21.01,24.78,2305.06,0.0,81.62,LOW_LIGHT
44.97,26.71,77.12,24.94,82.28,157285.8,4.9,54.1,OK
91.8,20.55,85.68,19.55,98.41,8498.14,0.0,84.27,LOW_LIGHT
71.35,43.64,21.67,43.3,24.87,0.0,0.0,26.13,FUNGI_ALERT_EXCESS_WATER
9.27,34.83,52.79,33.33,62.08,0.0,0.0,62.19,NOT_ABLE_TO_WATER
52.02,29.45,55.66,29.48,64.39,0.0,0.0,52.89,OK
43.62,28.18,35.81,26.4,36.97,0.0,0.0,20.32,FUNGI_ALERT_EXCESS_WATER
33.96,27.17,35.71,26.15,35.71,90659.36,3.23,65.04,WATER
32.58,11.23,76.77,11.54,83.42,680.01,0.0,81.15,NOT_ABLE_TO_WATER
81.49,24.56,58.63,24.12,65.53,0.0,0.0,75.34,OK
34.2,43.41,29.95,39.18,37.5,244.35,0.0,61.0,NOT_ABLE_TO_WATER
78.33,38.7,34.39,37.22,24.45,41253.29,0.74,74.55,NOT_ABLE_TO_VENTILATE
77.53,16.67,43.02,13.54,43.31,104926.83,4.01,46.93,EXCESS_WATER
14.58,16.74,17.52,13.9,36.68,6422.21,0.03,16.72,NOT_ABLE_TO_WATER
53.48,20.11,79.38,21.91,76.1,0.0,0.0,25.08,FUNGI_ALERT_EXCESS_WATER
42.32,15.71,92.08,16.16,98.5,0.0,0.0,52.18,OK
31.44,24.73,57.84,22.31,70.61,5389.95,0.34,77.38,NOT_ABLE_TO_WATER
46.08,27.11,36.35,25.46,46.43,153778.89,5.5,75.91,WATER
76.32,13.59,58.47,10.94,63.78,5188.53,0.32,15.5,EXCESS_WATER
6.04,37.22,62.38,37.08,74.81,0.0,0.0,74.26,NOT_ABLE_TO_WATER
63.57,10.78,54.1,8.11,64.63,0.0,0.0,50.4,LOW_TEMP_ALERT
90.74,29.9,90.9,24.31,100.0,157285.8,5.65,94.35,OK
68.11,18.31,25.02,18.85,37.37,157285.8,4.42,12.78,EXCESS_WATER
56.65,6.83,77.25,7.37,76.62,157285.8,5.67,49.27,LOW_TEMP_ALERT
44.93,43.5,75.91,43.77,92.58,157285.8,4.72,53.28,VENTILATE
87.36,13.5,35.29,12.71,35.46,157285.8,5.54,49.55,EXCESS_WATER
65.8,10.13,93.52,11.95,88.45,2741.77,0.27,58.35,LOW_TEMP_ALERT
23.74,20.63,87.99,16.98,96.31,157285.8,5.88,32.43,WATER
43.39,43.72,28.51,43.08,27.19,88341.65,2.87,46.9,HYDRIC_STRESS_ALERT
46.21,42.16,93.14,38.37,100.0,0.0,0.0,38.97,NOT_ABLE_TO_VENTILATE
34.99,35.55,85.38,34.97,91.9,157285.8,5.91,54.42,WATER
44.84,41.85,45.59,39.1,35.85,12597.39,0.67,41.42,NOT_ABLE_TO_VENTILATE
54.82,24.88,78.71,22.95,87.99,0.0,0.0,49.18,OK
76.38,20.0,60.04,17.05,61.31,59794.89,1.24,92.4,NOT_ABLE_TO_WATER
10.63,39.09,18.44,39.14,19.77,157285.8,5.76,42.81,WATER
71.36,38.71,15.46,39.88,10.31,1043.17,0.0,76.5,NOT_ABLE_TO_VENTILATE
40.49,16.86,57.43,15.36,59.63,0.0,0.0,48.06,OK
41.49,22.94,62.4,22.09,66.57,0.0,0.0,65.89,NOT_ABLE_TO_WATER
66.3,29.49,28.71,28.87,52.55,17154.19,0.05,46.31,EXCESS_WATER
72.0,41.77,41.31,44.3,39.72,157285.8,5.38,69.99,VENTILATE
95.83,39.63,16.65,39.68,26.74,217.44,0.0,67.58,EXCESS_WATER
92.51,24.31,19.26,22.73,16.99,37315.36,0.67,89.96,OK
22.01,15.05,35.24,15.17,45.44,0.0,0.0,18.84,NOT_ABLE_TO_WATER
51.67,16.52,22.37,16.22,28.17,157285.8,5.06,50.62,OK
38.56,41.94,19.34,39.16,25.22,16158.66,0.0,32.72,NOT_ABLE_TO_WATER
91.82,41.1,93.17,39.04,100.0,157285.8,4.39,90.84,VENTILATE
63.47,14.06,64.09,11.3,69.13,48101.82,1.26,72.13,LOW_TEMP_ALERT
38.66,33.33,81.15,34.05,90.83,148701.57,5.03,81.55,WATER
16.25,36.02,66.91,32.24,76.06,77923.43,1.83,21.52,NOT_ABLE_TO_WATER
87.06,19.97,72.36,16.32,81.69,41855.76,1.12,90.42,OK
33.83,27.91,72.51,30.53,78.67,0.0,0.0,33.0,NOT_ABLE_TO_WATER
80.27,37.6,36.15,38.76,50.81,157285.8,4.58,79.51,VENTILATE
42.22,22.51,86.02,20.15,92.92,157285.8,4.86,41.76,OK
72.82,22.47,65.11,19.87,67.74,0.0,0.0,69.26,OK
21.77,16.52,92.22,16.85,100.0,157285.8,3.93,13.35,WATER
46.37,17.94,46.11,14.62,47.85,152499.72,4.72,45.18,LOW_TEMP_ALERT
89.93,16.41,94.17,17.05,99.8,0.0,0.0,90.42,OK
35.85,12.66,40.28,9.97,44.6,42029.64,1.58,43.02,NOT_ABLE_TO_WATER
92.04,8.9,66.04,9.03,68.94,122904.66,4.16,86.75,LOW_TEMP_ALERT
46.63,35.69,27.54,33.55,32.64,0.0,0.0,59.74,OK
91.08,41.11,88.18,41.6,100.0,122078.8,4.02,93.81,VENTILATE
87.69,29.67,84.64,25.92,94.21,6120.03,0.63,81.68,LOW_LIGHT
51.12,38.96,71.62,36.19,76.25,157285.8,5.35,53.11,VENTILATE
56.28,22.16,18.09,19.31,20.93,157285.8,5.07,51.37,OK
40.08,8.53,40.48,10.68,44.32,0.0,0.0,37.93,LOW_TEMP_ALERT
33.21,30.2,79.03,25.79,93.79,0.0,0.0,37.85,NOT_ABLE_TO_WATER
38.14,9.1,78.69,6.72,77.42,2084.3,0.02,10.79,NOT_ABLE_TO_WATER
16.78,20.9,71.52,17.51,73.23,7467.97,0.0,18.53,NOT_ABLE_TO_WATER
54.98,10.63,75.99,8.63,86.96,0.0,0.0,59.6,LOW_TEMP_ALERT
87.75,33.82,53.18,35.52,69.0,114751.2,4.59,85.39,OK
67.04,32.08,42.15,33.08,38.8,0.0,0.0,23.84,FUNGI_ALERT_EXCESS_WATER
88.41,17.5,76.75,18.1,69.65,79742.34,2.51,89.38,OK
33.18,21.33,82.07,17.85,98.09,157285.8,5.6,50.84,WATER
76.39,14.76,76.36,14.53,82.78,0.0,0.0,78.85,LOW_TEMP_ALERT
78.93,36.37,37.74,36.77,45.09,157285.8,6.29,59.88,EXCESS_WATER
98.19,40.25,70.55,37.98,79.0,9227.43,0.0,56.77,FUNGI_ALERT_EXCESS_WATER
21.85,7.87,64.75,5.46,76.24,0.0,0.0,19.66,NOT_ABLE_TO_WATER
50.84,37.27,26.28,36.87,24.5,3621.28,0.1,51.07,NOT_ABLE_TO_VENTILATE
35.02,39.13,92.42,37.66,96.56,157285.8,5.07,35.82,WATER
10.77,33.98,24.52,32.14,35.46,15991.47,1.17,19.77,NOT_ABLE_TO_WATER
8.3,8.02,47.14,6.48,53.52,16589.1,0.0,29.05,NOT_ABLE_TO_WATER
39.82,21.37,68.12,18.13,70.0,55524.32,1.81,47.75,NOT_ABLE_TO_WATER
37.49,35.96,79.5,34.91,93.56,157285.8,4.65,27.79,WATER
20.01,13.47,58.55,15.29,57.99,157285.8,4.65,19.41,WATER
54.01,21.37,49.6,18.46,60.26,5801.22,0.32,67.65,LOW_LIGHT
94.89,27.42,50.92,22.4,63.65,8189.21,0.0,85.55,LOW_LIGHT
79.66,32.67,58.65,27.64,75.58,157285.8,5.13,81.49,OK
74.92,31.96,78.98,34.59,89.14,0.0,0.0,80.69,OK
54.76,44.55,66.98,46.6,88.21,48806.96,1.71,60.58,NOT_ABLE_TO_VENTILATE
11.38,40.74,70.5,41.23,82.7,0.0,0.0,81.45,NOT_ABLE_TO_WATER
53.48,25.87,37.86,26.17,28.98,74403.81,2.2,59.31,OK
40.26,17.39,66.97,16.25,68.69,12353.11,0.08,43.21,OK
31.32,13.91,65.78,12.16,61.75,11938.89,0.06,30.55,NOT_ABLE_TO_WATER
19.46,24.74,21.51,22.88,40.02,3465.44,0.0,21.91,NOT_ABLE_TO_WATER
80.28,22.12,84.66,18.49,90.85,0.0,0.0,14.63,FUNGI_ALERT_EXCESS_WATER
52.26,36.2,36.3,33.41,40.05,5919.48,0.61,48.88,LOW_LIGHT
91.23,18.93,53.58,15.09,52.04,157285.8,5.32,93.41,OK
44.1,40.8,82.58,39.72,81.88,0.0,0.0,70.07,NOT_ABLE_TO_WATER
45.49,34.4,34.28,32.35,20.89,0.0,0.0,46.33,OK
12.1,36.18,24.35,35.02,26.39,0.0,0.0,16.35,NOT_ABLE_TO_WATER
89.86,16.34,81.54,10.84,96.59,7408.91,0.0,92.29,LOW_TEMP_ALERT
6.71,5.76,23.5,5.75,41.43,38024.86,1.59,15.11,NOT_ABLE_TO_WATER
6.27,44.81,94.17,44.77,92.54,157285.8,5.36,46.43,WATER
84.17,23.99,93.47,24.45,100.0,6183.42,0.0,88.52,LOW_LIGHT
16.91,36.02,28.65,35.31,51.52,0.0,0.0,20.82,NOT_ABLE_TO_WATER
28.06,10.92,85.9,9.62,100.0,157285.8,5.39,26.32,WATER
7.09,35.84,55.41,37.62,59.7,0.0,0.0,46.91,NOT_ABLE_TO_WATER
63.69,11.02,69.42,10.94,84.38,0.0,0.0,65.07,LOW_TEMP_ALERT
86.68,25.07,57.7,21.56,56.78,0.0,0.0,60.62,FUNGI_ALERT_EXCESS_WATER
7.34,34.56,84.75,33.67,98.45,50536.12,1.82,75.52,NOT_ABLE_TO_WATER
54.56,28.45,85.77,26.57,90.93,157285.8,5.98,47.82,OK
63.71,13.36,52.87,15.14,46.34,157285.8,5.21,62.44,OK
67.59,23.66,19.33,23.21,36.64,157285.8,4.61,66.04,OK
67.71,32.86,23.81,30.28,25.53,157285.8,5.08,68.83,OK
72.04,19.98,26.93,19.44,28.85,0.0,0.0,74.11,OK
44.17,14.42,26.0,12.13,33.29,0.0,0.0,51.57,LOW_TEMP_ALERT
60.22,20.9,92.18,23.27,99.43,157285.8,4.38,68.0,OK
19.19,14.85,41.28,9.47,56.88,157285.8,4.81,37.03,WATER
22.18,14.31,74.62,10.51,82.11,116629.0,3.82,24.18,WATER
29.85,18.35,31.49,18.54,25.39,157285.8,5.47,30.47,WATER
26.42,34.42,16.37,32.69,30.09,0.0,0.0,15.08,NOT_ABLE_TO_WATER
66.85,43.93,23.05,42.26,40.02,nan,0.1,47.34,INSUFFICIENT_DATA
27.51,10.63,20.94,8.07,41.58,17537.94,1.07,42.26,NOT_ABLE_TO_WATER
75.35,31.67,63.87,27.77,69.68,157285.8,4.52,16.12,EXCESS_WATER
14.82,13.55,22.38,11.44,36.62,41437.31,1.31,78.53,NOT_ABLE_TO_WATER
15.44,10.91,32.42,9.46,26.13,0.0,0.0,70.43,NOT_ABLE_TO_WATER
66.79,39.48,33.79,38.2,50.67,8457.12,0.14,64.81,NOT_ABLE_TO_VENTILATE
21.89,16.28,15.54,17.16,25.1,27987.82,0.53,33.27,NOT_ABLE_TO_WATER
28.74,33.15,48.85,31.52,52.08,157285.8,4.64,20.5,WATER
65.87,11.12,41.85,10.02,53.76,3735.96,0.09,59.68,LOW_TEMP_ALERT
51.01,40.36,81.38,38.94,88.85,0.0,0.0,54.24,NOT_ABLE_TO_VENTILATE
41.85,40.23,88.76,40.73,91.4,134535.85,2.99,38.45,VENTILATE
66.32,7.34,92.19,6.34,100.0,42775.97,2.2,51.09,FUNGI_ALERT_EXCESS_WATER
26.19,37.18,24.42,31.93,21.07,0.0,0.0,22.34,NOT_ABLE_TO_WATER
24.54,18.24,81.09,18.23,97.45,0.0,0.0,57.72,NOT_ABLE_TO_WATER
97.61,8.51,74.28,6.74,77.11,93071.6,2.57,93.97,LOW_TEMP_ALERT
39.21,33.04,57.22,31.51,59.47,0.0,0.0,40.17,NOT_ABLE_TO_WATER
29.92,26.87,37.58,22.8,59.08,5260.11,0.21,63.01,NOT_ABLE_TO_WATER
42.12,21.1,90.48,21.81,91.92,0.0,0.0,43.23,OK
6.4,8.84,72.37,6.19,73.13,0.0,0.0,14.49,NOT_ABLE_TO_WATER
75.62,10.53,81.09,5.1,91.34,88151.95,2.78,73.76,LOW_TEMP_ALERT
27.77,26.47,50.92,23.21,39.32,157285.8,4.75,32.83,WATER
96.49,18.15,88.49,19.71,96.32,157285.8,5.97,89.57,OK
35.43,13.02,65.87,9.93,62.65,113036.94,3.81,43.47,WATER
92.08,22.1,66.59,26.51,64.53,0.0,0.0,13.23,FUNGI_ALERT_EXCESS_WATER
43.07,21.99,85.01,20.11,89.33,0.0,0.0,44.53,OK
61.45,44.2,83.44,43.28,99.46,20112.71,0.28,74.96,NOT_ABLE_TO_VENTILATE
15.54,30.42,76.89,29.47,89.6,157285.8,6.75,48.19,WATER
94.79,24.1,76.0,18.84,67.02,17423.48,1.01,43.54,FUNGI_ALERT_EXCESS_WATER
47.24,18.53,55.77,19.58,56.0,0.0,0.0,36.87,OK
66.23,33.88,31.62,34.78,36.47,157285.8,4.83,63.78,OK
93.81,42.51,39.41,43.78,39.38,41061.02,1.16,93.09,NOT_ABLE_TO_VENTILATE
39.21,33.31,39.31,31.21,41.79,15531.38,0.42,24.04,NOT_ABLE_TO_WATER
78.91,28.78,51.15,23.01,56.35,0.0,0.0,82.22,OK
69.91,27.47,30.17,28.04,29.67,97935.04,3.23,65.07,OK
19.59,36.33,87.16,35.09,99.06,0.0,0.0,21.2,NOT_ABLE_TO_WATER
55.28,38.91,79.43,36.64,80.23,0.0,0.0,51.45,NOT_ABLE_TO_VENTILATE
35.38,5.71,59.84,2.16,67.63,157285.8,5.99,75.22,WATER
70.1,19.01,67.51,18.72,78.86,28464.44,0.72,69.27,OK
7.01,19.3,33.21,19.88,29.09,0.0,0.0,10.28,NOT_ABLE_TO_WATER
87.49,12.4,78.6,13.25,86.91,0.0,0.0,93.4,LOW_TEMP_ALERT
43.22,19.91,82.38,18.44,88.15,46686.29,1.79,41.53,OK
4.75,42.95,73.3,40.8,73.72,2997.45,0.1,54.39,NOT_ABLE_TO_WATER
40.16,6.62,85.5,1.95,100.0,157285.8,5.24,42.62,LOW_TEMP_ALERT
58.58,29.72,84.78,26.68,87.55,0.0,0.0,56.39,OK
59.26,11.94,69.9,7.75,80.58,45653.85,1.86,64.97,LOW_TEMP_ALERT
20.17,39.22,37.23,37.72,41.51,0.0,0.0,9.8,NOT_ABLE_TO_WATER
44.31,31.82,54.37,30.09,49.38,23599.65,1.22,45.7,OK
69.59,43.78,21.2,41.58,26.74,157285.8,5.31,49.63,EXCESS_WATER
71.43,11.83,88.3,9.53,87.24,7801.05,0.09,74.61,LOW_TEMP_ALERT
95.57,10.01,63.34,8.59,70.5,157285.8,4.99,91.0,LOW_TEMP_ALERT
97.39,27.16,68.42,26.16,83.17,0.0,0.0,92.35,OK
69.85,41.35,89.19,38.15,89.83,157285.8,4.97,23.66,FUNGI_ALERT_EXCESS_WATER
35.57,39.67,79.36,37.11,72.68,157285.8,5.34,30.83,WATER
11.19,24.66,58.05,20.41,63.59,157285.8,5.58,47.09,WATER
21.92,23.6,38.69,25.04,35.59,685.65,0.67,26.37,NOT_ABLE_TO_WATER
18.91,13.02,61.44,7.33,65.81,157285.8,6.63,21.92,WATER
61.24,12.52,40.8,12.1,61.99,46590.85,1.47,55.78,LOW_TEMP_ALERT
43.33,34.71,18.55,36.02,12.57,0.0,0.0,45.74,NOT_ABLE_TO_VENTILATE
68.21,24.33,66.73,26.89,68.12,5750.87,0.0,58.33,LOW_LIGHT
49.38,26.72,53.01,24.9,63.4,39992.9,1.71,22.42,EXCESS_WATER
80.79,10.68,30.4,9.17,41.81,0.0,0.0,18.19,FUNGI_ALERT_EXCESS_WATER
50.77,11.37,16.31,10.7,33.5,157285.8,4.79,50.13,LOW_TEMP_ALERT
91.25,25.33,75.98,22.77,74.87,157285.8,4.84,87.37,OK
24.13,31.85,28.6,29.26,41.4,75085.36,2.13,28.43,WATER
17.58,26.06,77.18,20.13,83.93,2903.82,0.0,22.23,NOT_ABLE_TO_WATER
25.0,16.51,53.49,15.86,53.67,0.0,0.0,22.87,NOT_ABLE_TO_WATER
67.23,34.99,21.82,30.81,20.9,0.0,0.0,43.44,FUNGI_ALERT_EXCESS_WATER
100.0,6.01,45.64,4.1,45.58,157285.8,5.73,90.56,LOW_TEMP_ALERT
43.45,12.78,59.6,8.38,65.54,0.0,0.0,51.24,LOW_TEMP_ALERT
2.24,31.58,41.71,32.0,55.21,4844.41,0.0,11.7,NOT_ABLE_TO_WATER
59.32,17.16,21.61,14.22,13.23,0.0,0.0,19.0,FUNGI_ALERT_EXCESS_WATER
47.43,24.45,80.95,23.53,76.26,157285.8,5.6,54.88,OK
27.8,34.92,69.84,33.38,72.17,0.0,0.0,10.61,NOT_ABLE_TO_WATER
36.98,13.26,29.87,14.21,36.16,0.0,0.0,40.5,NOT_ABLE_TO_WATER
86.85,40.34,91.15,41.56,100.0,15741.23,0.67,80.79,NOT_ABLE_TO_VENTILATE
62.3,6.83,27.94,2.62,21.64,157285.8,5.74,56.54,LOW_TEMP_ALERT
2.37,25.64,80.69,24.1,81.99,157285.8,5.81,16.39,WATER
38.26,6.84,17.75,5.36,28.95,50939.43,1.54,63.29,NOT_ABLE_TO_WATER
87.73,9.82,40.21,7.59,41.09,21292.2,1.1,35.13,EXCESS_WATER
86.33,30.68,52.37,26.07,59.17,157285.8,5.52,40.83,EXCESS_WATER
44.42,26.19,29.04,22.82,38.83,2297.55,0.35,47.74,LOW_LIGHT
0.81,5.97,71.94,2.39,80.16,273.57,0.0,83.78,NOT_ABLE_TO_WATER
50.57,29.28,20.82,25.85,46.85,0.0,0.0,76.36,NOT_ABLE_TO_WATER
46.13,44.9,45.47,39.02,36.6,0.0,0.0,47.41,NOT_ABLE_TO_VENTILATE
82.92,30.56,76.08,28.68,88.36,5960.13,0.28,61.82,FUNGI_ALERT_EXCESS_WATER
96.57,20.66,70.43,20.08,72.67,1213.49,0.12,83.87,LOW_LIGHT
27.58,14.44,87.02,14.23,90.32,22320.18,1.26,70.18,NOT_ABLE_TO_WATER
40.62,38.86,64.69,33.68,57.11,0.0,0.0,18.1,FUNGI_ALERT_EXCESS_WATER
54.75,16.73,86.08,15.67,93.3,0.0,0.0,51.38,OK
83.05,31.65,67.65,31.4,68.81,157285.8,5.39,79.84,OK
62.52,36.37,44.92,26.08,42.94,0.0,0.0,66.6,OK
54.5,13.69,69.83,12.02,59.5,0.0,0.0,53.38,LOW_TEMP_ALERT
29.48,32.83,26.47,29.36,40.35,4952.5,0.33,22.33,NOT_ABLE_TO_WATER
68.56,28.23,91.24,25.73,100.0,0.0,0.0,62.03,OK
56.79,20.82,44.19,22.63,60.63,157285.8,5.87,59.28,OK
83.99,18.82,64.64,15.65,71.1,0.0,0.0,85.23,OK
50.51,13.7,34.79,14.4,42.65,157285.8,3.8,61.11,LOW_TEMP_ALERT
76.97,23.37,77.29,20.28,98.85,0.0,0.0,77.41,OK
15.09,38.65,78.34,36.17,80.24,157285.8,5.35,13.57,WATER
26.04,23.25,74.79,20.77,77.11,47430.41,1.77,13.68,NOT_ABLE_TO_WATER
65.67,17.96,79.14,16.68,94.14,78157.49,1.92,67.98,OK
47.94,10.84,30.13,9.18,42.34,31610.85,0.83,51.06,LOW_TEMP_ALERT
68.16,43.6,35.32,42.73,42.16,157285.8,5.48,69.52,VENTILATE
56.36,17.33,20.67,14.62,17.79,0.0,0.0,56.54,LOW_TEMP_ALERT
5.33,5.91,92.24,4.98,98.15,0.0,0.0,26.33,NOT_ABLE_TO_WATER
44.81,13.6,67.53,10.61,85.5,157285.8,5.43,51.73,LOW_TEMP_ALERT
23.92,25.22,80.9,23.51,90.87,139450.52,6.12,23.37,WATER
74.57,38.95,36.94,nan,36.76,157285.8,4.87,73.5,INSUFFICIENT_DATA
69.44,34.65,21.48,32.01,33.04,35516.63,1.23,62.13,OK
95.52,26.82,83.14,26.11,88.0,157285.8,0.13,11.33,FUNGI_ALERT_EXCESS_WATER
77.48,27.81,24.0,26.08,43.37,0.0,0.0,85.28,OK
65.32,9.4,87.1,5.66,100.0,2814.34,0.5,62.11,LOW_TEMP_ALERT
28.06,27.47,77.05,27.97,83.76,112185.7,5.13,29.41,WATER
99.4,23.18,68.97,22.34,63.6,0.0,0.0,49.19,FUNGI_ALERT_EXCESS_WATER
18.49,30.81,17.48,32.25,23.16,0.0,0.0,23.24,NOT_ABLE_TO_WATER
68.73,25.82,59.06,24.7,57.63,0.0,0.0,73.33,OK
56.74,29.55,41.74,29.38,50.65,157285.8,4.86,58.35,OK
63.9,24.56,nan,23.64,69.35,0.0,0.0,69.04,INSUFFICIENT_DATA
78.05,27.36,56.2,24.94,67.85,101499.86,3.81,74.57,OK
42.38,10.26,60.82,6.53,88.85,103781.5,2.79,43.68,LOW_TEMP_ALERT
40.84,37.51,22.32,34.59,10.1,38558.1,0.82,32.32,OK
60.08,13.92,84.66,11.8,93.42,0.0,0.0,12.97,FUNGI_ALERT_EXCESS_WATER
18.35,17.67,67.35,14.07,80.25,157285.8,6.53,11.34,WATER
71.27,28.46,39.08,25.17,45.8,157285.8,5.51,70.53,OK
38.94,37.59,18.53,37.61,25.32,147431.68,5.02,32.68,WATER
85.65,33.89,78.81,31.23,81.45,101554.32,3.36,87.4,OK
21.64,21.69,69.19,19.51,90.4,157285.8,4.89,31.79,WATER
52.77,33.02,70.48,30.08,64.81,157285.8,5.84,21.53,FUNGI_ALERT_EXCESS_WATER
75.33,8.35,85.07,9.53,87.19,56147.51,1.95,11.31,FUNGI_ALERT_EXCESS_WATER
83.53,14.46,63.27,14.32,66.86,648.32,0.69,79.59,LOW_TEMP_ALERT
42.41,10.06,87.79,6.92,83.54,157285.8,3.76,32.15,LOW_TEMP_ALERT
90.88,38.67,35.81,38.55,40.4,0.0,0.0,91.87,NOT_ABLE_TO_VENTILATE
60.34,10.53,62.79,7.29,57.08,157285.8,6.51,59.99,LOW_TEMP_ALERT
39.65,27.9,73.3,26.2,77.39,56296.75,2.1,22.15,WATER
60.33,33.32,61.93,30.46,67.45,0.0,0.0,60.26,OK
43.78,41.69,84.56,41.63,89.32,0.0,0.0,47.19,NOT_ABLE_TO_VENTILATE
79.26,29.8,42.74,32.56,55.48,0.0,0.0,86.85,OK
24.38,23.34,24.41,21.13,30.59,6690.63,0.31,28.01,NOT_ABLE_TO_WATER
75.28,13.83,22.33,10.0,17.84,0.0,0.0,74.02,LOW_TEMP_ALERT
2.07,12.61,16.22,11.07,13.48,157285.8,5.65,34.82,WATER
72.11,35.68,93.73,37.77,100.0,157285.8,3.66,11.19,FUNGI_ALERT_EXCESS_WATER
78.82,37.79,47.48,34.88,41.89,0.0,0.0,83.7,OK
80.63,29.8,37.31,25.36,39.58,3045.86,0.5,80.49,LOW_LIGHT
32.01,27.64,35.78,25.1,44.59,0.0,0.0,20.82,NOT_ABLE_TO_WATER
95.74,21.56,62.26,20.58,76.62,157285.8,7.2,87.32,OK
74.35,11.66,35.65,11.04,38.63,157285.8,5.43,68.6,LOW_TEMP_ALERT
100.0,11.59,77.83,11.49,94.18,0.0,0.0,94.49,LOW_TEMP_ALERT
2.52,32.53,78.47,32.56,74.01,0.0,0.0,28.01,NOT_ABLE_TO_WATER
58.87,10.11,77.29,8.75,80.86,7842.27,0.29,67.1,LOW_TEMP_ALERT
63.14,24.36,80.65,16.3,91.46,157285.8,4.63,67.15,OK
11.22,10.71,23.73,8.93,24.36,157285.8,4.35,16.1,WATER
72.7,7.73,86.43,7.0,81.27,157285.8,6.27,78.42,LOW_TEMP_ALERT
6.67,27.23,67.15,26.29,77.06,39204.85,1.78,12.98,NOT_ABLE_TO_WATER
47.2,5.33,30.76,2.09,32.26,0.0,0.0,44.63,LOW_TEMP_ALERT
9.55,33.41,72.64,33.25,83.67,6417.56,0.09,16.86,NOT_ABLE_TO_WATER
91.85,27.81,84.58,27.7,95.61,157285.8,4.51,34.37,FUNGI_ALERT_EXCESS_WATER
90.35,31.84,47.27,32.54,60.71,0.0,0.0,90.88,OK
86.43,22.51,88.53,25.53,80.98,157285.8,4.81,85.82,OK
29.92,25.45,63.23,25.2,61.4,0.0,0.0,44.11,NOT_ABLE_TO_WATER
38.92,33.39,86.75,32.81,80.56,522.56,0.6,39.36,NOT_ABLE_TO_WATER
86.7,42.72,76.66,39.78,85.67,109802.34,3.51,83.46,VENTILATE
34.94,30.51,74.12,32.49,87.41,8294.8,0.88,39.34,NOT_ABLE_TO_WATER
3.33,30.5,34.51,30.5,36.41,0.0,0.0,35.41,NOT_ABLE_TO_WATER
67.5,21.43,35.58,17.88,46.52,5915.4,0.06,68.18,LOW_LIGHT
27.25,21.13,54.6,20.42,64.0,47019.59,1.54,28.55,NOT_ABLE_TO_WATER
55.35,37.17,71.51,nan,89.57,7400.82,0.47,48.82,INSUFFICIENT_DATA
71.74,7.85,49.95,5.49,61.66,0.0,0.0,79.45,LOW_TEMP_ALERT
34.28,14.99,43.84,12.03,45.14,0.0,0.0,32.49,NOT_ABLE_TO_WATER
20.75,21.56,52.33,17.96,66.95,157285.8,5.47,21.67,WATER
15.6,19.36,93.39,17.55,100.0,0.0,0.0,21.44,NOT_ABLE_TO_WATER
15.58,16.92,61.03,16.36,61.3,0.0,0.0,13.54,NOT_ABLE_TO_WATER
74.87,18.7,90.23,18.46,85.89,157285.8,5.29,70.28,OK
19.8,33.22,25.42,29.81,39.25,157285.8,nan,20.67,INSUFFICIENT_DATA
39.37,7.9,79.92,6.05,89.53,157285.8,4.88,76.32,WATER
50.2,10.86,39.05,7.38,53.51,157285.8,7.18,47.74,LOW_TEMP_ALERT
86.23,24.45,55.16,25.66,47.64,0.0,0.0,93.23,OK
92.15,10.24,46.04,7.39,49.32,42546.92,1.4,91.09,LOW_TEMP_ALERT
64.12,41.06,91.54,43.7,85.76,0.0,0.0,61.7,NOT_ABLE_TO_VENTILATE
43.88,29.91,49.53,29.03,43.29,157285.8,5.01,82.44,WATER
40.26,25.61,72.6,23.87,72.8,0.0,0.0,43.28,OK
27.22,40.87,68.56,39.75,61.56,130748.09,4.13,25.88,WATER
34.75,20.96,46.64,21.71,58.23,75850.18,2.01,33.6,WATER
66.14,36.1,86.06,37.26,76.02,0.0,0.0,58.68,NOT_ABLE_TO_VENTILATE
37.27,14.84,90.4,9.83,96.76,22323.34,1.24,38.38,NOT_ABLE_TO_WATER
76.64,25.99,34.08,24.82,41.37,0.0,0.0,76.59,OK
22.38,17.98,68.04,17.05,65.65,299.83,0.13,25.73,NOT_ABLE_TO_WATER
46.89,17.52,24.12,15.71,28.81,157285.8,4.34,26.22,EXCESS_WATER
2.2,19.74,94.91,18.53,99.1,119866.09,4.36,86.09,WATER
23.16,37.03,81.17,36.12,88.25,23448.55,0.83,81.04,NOT_ABLE_TO_WATER
58.1,34.01,43.28,33.11,54.24,8763.77,0.47,60.48,LOW_LIGHT
95.08,12.68,49.85,12.57,63.83,51209.44,1.99,91.7,LOW_TEMP_ALERT
89.49,8.35,23.42,8.64,20.68,34416.96,0.13,12.29,EXCESS_WATER
48.55,10.06,57.43,7.1,63.91,0.0,0.0,39.32,LOW_TEMP_ALERT
37.78,10.18,16.29,9.57,24.38,0.0,0.0,37.48,NOT_ABLE_TO_WATER
94.24,35.23,90.46,32.06,89.9,0.0,0.0,91.56,OK
11.31,37.49,67.8,31.53,74.27,157285.8,4.74,16.17,WATER
94.57,40.48,59.22,41.6,68.81,0.0,0.0,92.56,NOT_ABLE_TO_VENTILATE
89.69,26.42,21.25,24.69,22.29,0.0,0.0,83.77,OK
70.92,9.4,40.24,9.74,41.59,149278.22,5.26,77.68,LOW_TEMP_ALERT
55.11,37.47,89.44,34.4,90.78,157285.8,4.64,57.92,OK
71.31,11.12,74.07,7.49,73.1,0.0,0.0,72.9,LOW_TEMP_ALERT
29.26,8.06,64.82,3.99,75.25,0.0,0.0,27.7,NOT_ABLE_TO_WATER
18.37,35.15,27.01,33.55,25.42,157285.8,4.24,21.86,WATER
65.91,26.49,46.03,26.99,53.5,147272.46,4.94,77.7,OK
78.75,8.51,63.05,11.65,66.84,157285.8,5.73,77.12,LOW_TEMP_ALERT
22.83,34.07,45.04,31.82,53.61,120958.42,4.33,19.21,WATER
42.9,11.94,61.41,11.11,71.36,0.0,0.0,18.39,FUNGI_ALERT_EXCESS_WATER
43.01,42.51,65.26,42.99,67.02,0.0,0.0,42.95,NOT_ABLE_TO_VENTILATE
73.95,5.63,32.6,4.48,42.61,0.0,0.0,69.23,LOW_TEMP_ALERT
7.29,19.54,86.76,18.74,79.76,64896.45,2.06,17.05,WATER
34.35,42.57,45.16,38.64,48.72,157285.8,5.92,10.78,WATER
54.74,16.76,24.02,15.95,30.28,14340.26,0.74,48.19,OK
42.12,38.62,37.04,37.7,35.01,8798.79,0.88,26.64,EXCESS_WATER
86.82,43.04,24.26,41.24,44.62,129.5,0.36,90.06,HYDRIC_STRESS_ALERT
23.24,35.89,53.13,35.56,65.33,157285.8,5.86,12.7,WATER
68.37,19.17,46.29,17.4,58.67,157285.8,5.6,60.66,OK
50.5,38.33,90.87,39.07,100.0,157285.8,4.59,71.64,WATER
87.49,43.16,81.81,37.89,82.37,157285.8,6.02,42.99,FUNGI_ALERT_EXCESS_WATER
8.56,19.78,53.52,14.28,47.62,0.0,0.0,15.35,NOT_ABLE_TO_WATER
80.95,20.89,55.33,20.86,49.86,0.0,0.0,90.79,OK
39.9,36.68,87.09,35.35,96.54,157285.8,4.33,93.51,WATER
92.45,10.99,92.46,10.34,97.78,22371.68,1.27,93.0,LOW_TEMP_ALERT
18.27,23.61,68.23,24.51,82.59,0.0,0.0,16.42,NOT_ABLE_TO_WATER
72.52,43.0,84.8,40.5,90.75,2424.0,0.43,76.23,NOT_ABLE_TO_VENTILATE
11.11,25.33,53.19,28.75,50.44,33510.36,1.5,20.01,NOT_ABLE_TO_WATER
45.45,5.32,33.5,4.92,46.9,124422.7,3.45,36.46,LOW_TEMP_ALERT
33.79,26.0,48.06,27.33,60.29,0.0,0.0,30.89,NOT_ABLE_TO_WATER
37.67,6.53,62.95,6.91,67.54,157285.8,0.14,73.11,NOT_ABLE_TO_WATER
21.61,41.81,nan,38.47,42.49,24753.49,1.33,24.53,INSUFFICIENT_DATA
62.26,26.5,15.75,24.16,28.22,0.0,0.0,64.3,OK
9.93,43.95,72.87,44.6,81.07,0.0,0.0,63.31,NOT_ABLE_TO_WATER
65.71,16.94,63.27,16.59,79.52,76521.14,3.03,57.32,OK
36.94,31.39,94.11,27.5,100.0,0.0,0.0,33.24,NOT_ABLE_TO_WATER
23.72,7.43,90.74,5.74,91.78,157285.8,5.75,25.83,WATER
27.77,39.54,64.25,36.66,72.35,138001.16,4.44,33.04,WATER
84.84,25.97,94.55,24.36,100.0,6862.73,0.0,28.51,FUNGI_ALERT_EXCESS_WATER
74.68,18.66,69.15,19.5,73.58,157285.8,4.95,68.31,OK
17.47,8.86,70.25,10.78,75.2,0.0,0.0,16.09,NOT_ABLE_TO_WATER
26.21,23.28,23.07,19.31,27.4,2307.89,0.0,33.72,NOT_ABLE_TO_WATER
64.68,7.17,53.39,4.89,57.7,0.0,0.0,62.99,LOW_TEMP_ALERT
53.07,44.37,21.47,42.83,26.42,0.0,0.0,55.47,HYDRIC_STRESS_ALERT
47.12,8.7,57.29,11.4,64.68,4033.63,0.0,25.12,EXCESS_WATER
77.92,28.6,48.09,27.99,47.2,157285.8,5.11,73.43,OK
9.39,30.32,35.17,29.2,13.42,114977.54,2.98,54.99,WATER
12.35,30.58,76.33,28.55,78.78,0.0,0.0,86.91,NOT_ABLE_TO_WATER
87.34,7.0,38.66,3.26,45.73,0.0,0.0,84.66,LOW_TEMP_ALERT
68.97,9.03,nan,7.79,37.82,0.0,0.0,61.57,INSUFFICIENT_DATA
37.3,43.57,47.59,40.15,53.86,143102.9,4.44,40.42,WATER
42.18,33.38,27.43,33.5,25.73,157285.8,4.78,50.37,OK
19.27,15.52,54.09,16.33,56.83,0.0,0.0,13.44,NOT_ABLE_TO_WATER
90.65,24.67,43.91,21.01,38.08,0.0,0.0,84.32,OK
20.46,36.43,94.02,31.14,97.05,0.0,0.0,70.3,NOT_ABLE_TO_WATER
20.6,26.68,62.18,23.97,58.96,31625.77,0.66,21.92,NOT_ABLE_TO_WATER
64.67,6.17,82.75,7.1,89.11,157285.8,4.36,59.93,LOW_TEMP_ALERT
69.31,30.41,72.55,31.36,77.76,157285.8,5.34,79.98,OK
51.54,14.97,53.42,13.85,47.95,2077.86,0.07,54.17,LOW_TEMP_ALERT
26.65,26.14,82.22,25.82,70.29,116677.35,4.84,24.78,WATER
31.83,26.94,94.04,25.76,99.98,157285.8,6.07,32.06,WATER
77.05,13.42,74.42,16.15,79.94,157285.8,5.11,77.05,OK
nan,19.93,51.22,17.66,50.52,157285.8,4.82,61.88,INSUFFICIENT_DATA
27.91,9.49,48.88,8.39,52.46,157285.8,4.38,23.6,WATER
26.25,24.89,60.62,23.22,54.63,0.0,0.0,20.0,NOT_ABLE_TO_WATER
67.41,24.62,83.59,21.92,93.57,13814.88,0.12,68.48,OK
25.35,31.59,86.02,31.49,96.21,157285.8,4.56,70.37,WATER
10.37,9.83,74.92,11.12,84.16,0.0,0.0,11.73,NOT_ABLE_TO_WATER
65.1,25.59,94.55,23.46,84.82,157285.8,5.53,63.52,OK
85.83,37.7,20.99,34.72,34.51,157285.8,0.07,28.76,EXCESS_WATER
87.4,24.7,41.24,24.7,37.76,0.0,0.0,85.36,OK
93.4,18.43,72.61,18.15,73.84,111729.54,3.46,84.27,OK
41.61,18.85,93.54,18.69,88.81,0.0,0.0,41.18,OK
92.76,21.7,47.98,20.41,44.5,157285.8,4.42,91.17,OK
80.02,37.69,62.88,37.99,79.31,157285.8,5.71,70.65,VENTILATE
66.35,12.04,37.75,15.74,40.65,0.0,0.0,11.01,FUNGI_ALERT_EXCESS_WATER
5.93,22.27,84.97,23.76,98.14,96524.36,4.28,69.2,WATER
98.72,16.56,16.68,16.55,24.04,57689.66,1.31,83.33,EXCESS_WATER
75.35,12.18,79.48,14.75,88.51,27791.52,1.39,81.32,LOW_TEMP_ALERT
71.26,9.12,32.36,9.1,39.51,157285.8,5.89,74.57,LOW_TEMP_ALERT
45.2,40.81,37.44,41.15,53.4,0.0,0.0,42.91,NOT_ABLE_TO_VENTILATE
14.86,26.36,77.12,23.0,92.17,1930.45,0.0,90.61,NOT_ABLE_TO_WATER
26.08,40.82,60.02,40.2,66.71,0.0,0.0,29.45,NOT_ABLE_TO_WATER
6.6,24.63,36.01,19.72,37.2,113255.94,4.07,81.63,WATER
51.45,38.46,84.7,34.32,77.05,903.57,0.31,61.74,LOW_LIGHT
77.58,43.41,79.29,39.95,93.6,97053.75,3.17,77.97,VENTILATE
36.35,40.28,41.88,40.51,56.98,4717.79,0.0,37.36,NOT_ABLE_TO_WATER
31.81,21.39,60.99,18.2,72.76,1609.73,0.0,53.82,NOT_ABLE_TO_WATER
81.88,16.07,31.1,16.52,29.24,137503.02,5.69,78.87,OK
34.6,16.91,91.3,15.81,95.17,0.0,0.0,35.11,NOT_ABLE_TO_WATER
11.88,5.65,19.66,2.53,17.57,157285.8,3.99,14.82,WATER
47.79,22.73,33.23,19.13,38.65,0.0,0.0,54.1,OK
61.5,31.52,69.5,nan,73.86,47069.21,2.46,65.59,INSUFFICIENT_DATA
29.59,26.41,49.96,25.52,55.99,37617.78,1.08,27.55,NOT_ABLE_TO_WATER
50.7,7.46,93.85,7.43,87.81,78129.51,3.0,44.52,LOW_TEMP_ALERT
7.08,17.85,68.44,16.09,67.28,34886.96,1.85,58.25,NOT_ABLE_TO_WATER
80.96,26.1,39.57,24.97,39.91,0.0,0.0,80.87,OK
85.84,21.97,58.19,23.14,55.23,0.0,0.0,81.88,OK
15.53,19.46,40.14,19.22,35.45,124430.75,3.72,72.05,WATER
59.27,16.64,93.21,17.01,92.07,157285.8,4.51,39.32,FUNGI_ALERT_EXCESS_WATER
77.13,30.02,23.85,32.33,30.93,157285.8,4.94,80.26,OK
38.47,38.37,92.39,34.67,100.0,0.0,0.0,35.19,NOT_ABLE_TO_WATER
21.29,23.34,90.1,22.53,89.0,157285.8,0.04,13.87,NOT_ABLE_TO_WATER
91.16,25.65,67.24,21.06,65.91,157285.8,0.14,90.33,OK
76.02,28.83,19.48,29.36,20.71,0.0,0.0,36.54,FUNGI_ALERT_EXCESS_WATER
50.98,34.96,42.14,32.96,55.13,0.0,0.0,51.93,OK
75.46,5.83,66.54,4.91,83.9,6639.22,0.24,88.09,LOW_TEMP_ALERT
47.77,6.88,51.95,6.44,59.53,0.0,0.0,55.09,LOW_TEMP_ALERT
98.86,23.25,86.87,21.01,89.73,0.0,0.0,95.2,OK
75.6,43.72,24.05,39.72,26.0,157285.8,4.95,42.21,EXCESS_WATER
91.42,13.77,65.3,9.48,83.41,0.0,0.0,50.11,FUNGI_ALERT_EXCESS_WATER
92.55,27.54,72.87,28.29,82.06,136771.87,3.56,93.92,OK
85.56,37.05,41.73,35.01,35.02,0.0,0.0,84.23,OK
80.32,18.39,36.92,15.86,44.02,157285.8,5.6,38.94,EXCESS_WATER
52.82,20.03,50.5,19.11,51.99,0.0,0.0,56.66,OK
53.31,28.8,32.07,28.06,51.19,0.0,0.0,49.67,OK
49.98,8.08,68.57,7.44,75.08,157285.8,5.35,55.93,LOW_TEMP_ALERT
90.56,32.24,58.32,30.6,56.55,2358.58,0.0,94.26,LOW_LIGHT
16.56,14.6,88.3,11.2,100.0,34739.41,1.62,30.45,NOT_ABLE_TO_WATER
87.96,32.38,37.31,30.26,38.67,0.0,0.0,87.76,OK
76.47,33.06,24.68,28.92,36.02,157285.8,5.84,76.11,OK
30.36,23.21,80.91,21.82,92.88,48966.35,1.58,29.26,NOT_ABLE_TO_WATER
20.99,36.27,35.49,30.8,41.1,157285.8,6.15,23.43,WATER
72.38,18.08,24.89,17.11,nan,0.0,0.0,55.92,INSUFFICIENT_DATA
40.9,17.62,32.73,17.36,33.06,0.0,0.0,39.76,OK
50.29,41.71,70.17,40.27,79.42,0.0,0.0,50.86,NOT_ABLE_TO_VENTILATE
64.52,15.76,56.39,13.49,70.12,0.0,0.0,15.3,FUNGI_ALERT_EXCESS_WATER
22.69,20.51,83.41,18.21,97.21,157285.8,5.23,86.5,WATER
30.21,40.73,81.31,41.08,80.69,0.0,0.0,35.82,NOT_ABLE_TO_WATER
94.16,28.39,49.18,26.7,59.93,0.0,0.0,34.34,FUNGI_ALERT_EXCESS_WATER
87.0,33.4,62.6,32.9,87.18,157285.8,5.31,84.81,OK
85.81,44.73,74.74,44.2,77.64,157285.8,6.25,87.48,VENTILATE
80.25,35.2,88.13,35.6,88.75,0.0,0.0,50.06,FUNGI_ALERT_EXCESS_WATER
98.81,37.99,93.69,36.31,96.68,0.0,0.0,89.63,NOT_ABLE_TO_VENTILATE
67.41,7.78,46.66,3.35,44.63,0.0,0.0,69.97,LOW_TEMP_ALERT
15.51,18.22,42.94,16.45,36.45,0.0,0.0,66.75,NOT_ABLE_TO_WATER
24.98,9.1,20.65,6.96,28.46,9535.78,0.17,21.09,NOT_ABLE_TO_WATER
43.34,9.68,83.52,8.14,94.18,127236.93,3.21,38.64,LOW_TEMP_ALERT
45.07,12.11,91.29,14.08,nan,0.0,0.0,47.03,INSUFFICIENT_DATA
48.26,41.67,94.33,41.43,100.0,157285.8,5.65,54.93,VENTILATE
13.86,32.93,39.65,33.92,34.24,94190.79,3.58,66.38,WATER
60.47,14.13,72.18,10.57,93.53,0.0,0.0,54.45,LOW_TEMP_ALERT
73.28,18.71,23.28,nan,32.27,120807.47,4.24,75.28,INSUFFICIENT_DATA
53.76,27.73,16.16,26.93,19.83,0.0,0.0,49.73,OK
37.6,5.2,37.83,4.75,47.08,157285.8,5.02,34.79,WATER
15.88,39.23,46.24,37.82,54.73,157285.8,5.49,12.36,WATER
99.43,8.3,80.9,11.16,84.28,88166.07,2.19,83.02,FUNGI_ALERT_EXCESS_WATER
100.0,37.47,66.9,37.9,59.22,157285.8,4.72,92.7,VENTILATE
84.22,28.0,28.99,25.8,27.67,0.0,0.0,84.75,OK
10.34,32.93,74.39,34.41,75.9,0.0,0.0,15.97,NOT_ABLE_TO_WATER
57.17,24.54,61.08,21.66,nan,156184.77,5.15,14.03,INSUFFICIENT_DATA
16.09,12.37,58.04,7.87,64.19,7962.57,0.1,16.44,NOT_ABLE_TO_WATER
2.76,7.55,39.53,5.89,44.13,115377.84,3.19,67.69,WATER
64.91,15.33,56.13,12.17,61.49,37081.32,0.94,29.8,EXCESS_WATER
61.9,17.26,54.84,15.93,55.04,7857.77,0.32,23.27,EXCESS_WATER
98.12,40.42,75.89,40.18,82.51,0.0,0.0,25.68,FUNGI_ALERT_EXCESS_WATER
45.43,36.82,71.22,36.92,75.52,157285.8,0.12,44.85,NOT_ABLE_TO_VENTILATE
66.88,8.17,39.91,6.49,60.37,0.0,0.0,72.19,LOW_TEMP_ALERT
87.99,41.11,39.94,41.56,40.43,0.0,0.0,83.61,NOT_ABLE_TO_VENTILATE
38.14,11.89,28.11,16.15,38.3,157285.8,4.78,37.63,WATER
82.27,27.76,90.39,27.99,86.95,0.0,0.0,69.8,OK
87.26,26.98,82.67,24.33,77.76,112578.88,3.94,89.71,OK
88.04,34.49,84.79,34.45,89.48,0.0,0.0,91.57,OK
10.07,36.96,53.97,34.69,62.78,0.0,0.0,83.69,NOT_ABLE_TO_WATER
19.29,43.68,21.39,44.65,15.45,8325.81,0.47,19.89,NOT_ABLE_TO_WATER
93.82,23.73,87.97,23.01,95.66,123371.52,3.57,32.63,FUNGI_ALERT_EXCESS_WATER
26.71,12.09,78.54,8.9,85.46,89778.96,3.68,77.12,WATER
15.66,19.17,82.45,17.58,89.57,0.0,0.0,22.95,NOT_ABLE_TO_WATER
33.14,9.56,87.6,7.75,86.38,0.0,0.0,30.9,NOT_ABLE_TO_WATER
64.68,11.3,24.69,8.18,33.65,3780.04,0.37,65.64,LOW_TEMP_ALERT
65.16,5.04,48.3,8.63,53.55,0.0,0.0,77.68,LOW_TEMP_ALERT
13.8,10.55,37.54,7.12,47.18,18911.39,1.17,48.27,NOT_ABLE_TO_WATER
64.73,8.81,20.78,8.15,17.67,0.0,0.0,12.67,FUNGI_ALERT_EXCESS_WATER
8.47,38.39,48.09,38.79,40.5,152456.7,4.88,14.8,WATER
23.08,21.53,63.75,17.29,74.51,157285.8,5.57,20.91,WATER
80.69,37.22,81.18,36.01,81.98,0.0,0.0,90.29,NOT_ABLE_TO_VENTILATE
32.17,15.84,51.57,12.28,47.33,157285.8,5.33,18.63,WATER
50.73,31.62,71.27,27.5,86.84,55375.59,1.9,55.51,OK
29.14,21.94,48.78,21.68,73.35,157285.8,4.63,21.15,WATER
6.49,19.17,31.7,18.94,34.78,9870.8,0.36,41.98,NOT_ABLE_TO_WATER
82.89,29.42,28.92,26.16,27.49,157285.8,4.57,79.61,OK
93.66,20.52,57.14,21.05,70.45,46970.58,1.75,58.01,EXCESS_WATER
53.38,27.1,79.19,24.53,89.22,24170.65,1.07,64.58,OK
91.9,34.46,60.46,34.17,67.73,302.54,0.0,25.16,EXCESS_WATER
77.59,16.41,23.39,13.36,28.84,7280.44,0.73,11.79,EXCESS_WATER
50.48,42.54,93.36,39.17,100.0,157285.8,5.09,47.13,VENTILATE
45.72,22.76,80.48,21.39,76.7,157285.8,5.89,61.13,WATER
61.85,40.29,70.06,37.69,74.71,7226.24,0.0,85.32,NOT_ABLE_TO_WATER
43.89,24.45,50.5,22.87,58.85,157285.8,3.37,44.07,OK
18.92,25.66,52.32,24.35,60.72,0.0,0.0,20.89,NOT_ABLE_TO_WATER
10.03,20.18,41.1,13.81,48.85,40375.66,1.29,15.08,NOT_ABLE_TO_WATER
69.2,12.69,62.37,10.11,57.74,0.0,0.0,44.88,FUNGI_ALERT_EXCESS_WATER
94.25,26.57,59.26,28.06,56.36,154219.51,3.86,89.41,OK
49.9,7.18,54.37,5.1,44.02,157285.8,5.07,46.99,LOW_TEMP_ALERT
25.97,38.35,80.98,32.67,82.35,96092.22,3.21,23.13,WATER
38.36,25.19,17.28,29.9,20.3,11585.75,0.0,64.58,NOT_ABLE_TO_WATER
56.65,22.62,51.09,21.13,68.42,0.0,0.0,58.06,OK
41.89,19.26,76.24,18.21,70.35,0.0,0.0,38.06,OK
44.89,17.9,29.5,14.88,37.05,157285.8,5.79,46.45,LOW_TEMP_ALERT
30.26,27.13,90.64,26.58,97.09,0.0,0.0,22.88,NOT_ABLE_TO_WATER
71.32,18.46,50.35,17.36,38.53,157285.8,4.83,82.98,OK
70.13,43.09,72.94,41.76,81.42,0.0,0.0,61.77,NOT_ABLE_TO_VENTILATE
94.02,23.81,72.78,22.47,75.84,25329.93,0.05,91.93,OK
62.38,15.71,49.24,12.6,53.89,85462.52,3.09,90.53,WATER
74.23,23.1,69.73,21.8,76.16,39163.89,1.35,85.16,OK
47.59,14.79,87.07,16.01,89.98,157285.8,5.23,46.72,OK
98.02,8.16,88.69,6.92,84.01,48479.49,1.99,86.62,LOW_TEMP_ALERT
55.24,34.34,23.1,29.62,17.23,8860.59,0.6,12.16,EXCESS_WATER
83.82,9.69,79.71,8.73,91.55,157285.8,4.91,88.56,LOW_TEMP_ALERT
63.49,6.31,37.56,3.02,38.15,157285.8,0.01,59.34,LOW_TEMP_ALERT
18.68,35.96,26.54,35.64,31.65,0.0,0.0,57.37,NOT_ABLE_TO_WATER
57.5,15.88,32.14,13.74,42.91,0.0,0.0,10.55,FUNGI_ALERT_EXCESS_WATER
91.78,17.77,89.94,14.71,98.45,81615.82,2.6,93.45,LOW_TEMP_ALERT
37.38,40.07,26.13,38.93,25.64,64657.52,1.17,25.06,NOT_ABLE_TO_WATER
93.69,6.53,62.29,4.94,65.68,7335.51,0.14,78.78,LOW_TEMP_ALERT
53.92,12.36,18.84,9.34,15.96,157285.8,6.49,46.78,LOW_TEMP_ALERT
55.96,19.49,34.01,17.19,54.64,7772.25,0.23,58.46,LOW_LIGHT
45.13,35.37,78.17,35.63,95.68,16124.35,0.07,45.46,OK
65.31,8.22,68.7,7.43,60.63,157285.8,5.4,78.11,LOW_TEMP_ALERT
25.71,19.71,66.0,17.29,64.51,17034.52,0.27,32.91,NOT_ABLE_TO_WATER
48.45,34.61,35.79,33.8,33.48,157285.8,4.56,21.64,EXCESS_WATER
43.91,37.53,70.75,38.81,65.91,0.0,0.0,68.5,NOT_ABLE_TO_WATER
62.7,42.29,67.37,39.35,75.05,157285.8,5.46,88.97,WATER
64.92,43.99,61.23,43.57,65.13,28279.91,0.8,62.07,NOT_ABLE_TO_VENTILATE
16.01,39.26,84.93,36.37,97.96,7049.5,0.06,23.76,NOT_ABLE_TO_WATER
19.07,38.35,91.75,39.12,85.06,76147.63,2.86,18.67,WATER
73.03,35.67,89.09,37.83,73.45,0.0,0.0,79.19,NOT_ABLE_TO_VENTILATE
75.67,6.43,91.08,8.82,82.11,8980.01,0.63,81.97,LOW_TEMP_ALERT
59.44,31.43,57.78,29.67,71.49,37965.68,1.78,69.64,OK
54.08,18.08,70.94,18.82,65.75,0.0,0.0,47.38,OK
98.55,29.67,88.11,28.3,92.91,157285.8,5.16,27.74,FUNGI_ALERT_EXCESS_WATER
26.84,42.02,73.94,41.08,78.2,22415.75,0.84,32.61,NOT_ABLE_TO_WATER
9.82,17.56,77.14,15.67,76.24,157285.8,5.76,70.7,WATER
52.56,26.67,35.22,21.75,43.02,157285.8,4.77,54.67,OK
87.63,19.99,27.75,22.09,33.89,6319.97,0.3,21.45,EXCESS_WATER
81.89,38.94,59.5,35.6,75.51,6261.55,0.41,81.42,LOW_LIGHT
70.3,24.24,19.76,24.46,22.11,0.0,0.0,32.78,FUNGI_ALERT_EXCESS_WATER
76.81,34.4,27.73,31.04,38.24,1677.01,0.0,81.46,LOW_LIGHT
94.55,44.9,49.42,42.12,59.16,103836.35,2.58,72.96,EXCESS_WATER
82.24,13.85,82.27,13.48,95.52,0.0,0.0,89.89,LOW_TEMP_ALERT
62.95,30.78,27.24,28.43,42.49,622.97,0.0,55.51,LOW_LIGHT
15.72,13.55,72.63,6.77,74.39,4027.92,0.11,15.85,NOT_ABLE_TO_WATER
70.85,32.46,78.16,31.96,80.6,157285.8,4.39,72.64,OK
49.17,25.51,26.86,24.89,35.08,0.0,0.0,49.12,OK
23.02,40.77,80.87,40.21,69.86,157285.8,5.94,24.99,WATER
96.04,43.79,72.36,42.05,85.69,74622.38,2.83,28.53,FUNGI_ALERT_EXCESS_WATER
41.75,40.3,60.26,39.84,69.32,2257.95,0.0,37.37,NOT_ABLE_TO_VENTILATE
92.69,24.62,17.49,23.89,29.57,108070.94,3.98,61.83,EXCESS_WATER
54.23,40.44,33.98,37.99,26.55,30920.24,0.73,22.49,EXCESS_WATER
44.21,5.57,54.92,5.48,44.44,0.0,0.0,40.79,LOW_TEMP_ALERT
70.34,25.53,15.65,21.14,12.09,9931.4,0.93,72.05,LOW_LIGHT
61.98,10.07,92.94,6.61,87.23,18817.77,0.0,68.44,LOW_TEMP_ALERT
11.75,21.72,47.48,19.66,54.3,157285.8,6.25,11.78,WATER
21.91,12.03,39.15,15.55,38.27,157285.8,5.47,26.46,WATER
80.45,41.43,37.77,40.47,46.81,0.0,0.0,81.8,NOT_ABLE_TO_VENTILATE
58.7,38.47,47.14,33.51,32.75,0.0,0.0,93.73,NOT_ABLE_TO_WATER
95.82,26.72,17.98,27.44,21.67,157285.8,5.51,80.21,EXCESS_WATER
60.36,23.82,52.24,18.49,68.45,0.0,0.0,58.02,OK
26.83,42.49,90.51,40.59,87.29,48823.11,1.86,26.07,NOT_ABLE_TO_WATER
43.92,14.37,64.67,9.18,55.52,0.0,0.0,88.64,NOT_ABLE_TO_WATER
55.89,33.91,29.43,31.29,33.86,157285.8,4.99,55.91,OK
42.83,13.66,58.81,10.69,53.33,157285.8,5.66,39.51,LOW_TEMP_ALERT
62.7,40.74,66.96,37.76,61.98,157285.8,6.3,55.62,VENTILATE
30.12,23.99,59.31,22.93,55.9,157285.8,5.41,20.17,WATER
51.67,23.63,38.71,22.49,39.05,157285.8,5.56,50.59,OK
26.97,22.55,24.57,20.7,30.22,157285.8,5.34,71.97,WATER
28.64,19.03,78.49,18.26,87.86,157285.8,5.29,30.58,WATER
46.06,17.99,93.13,20.26,92.49,0.0,0.0,40.45,OK
77.78,38.97,66.85,36.75,68.74,71390.67,2.82,87.2,VENTILATE
33.89,44.91,54.95,46.33,64.73,0.0,0.0,32.07,NOT_ABLE_TO_WATER
81.8,40.12,93.27,39.54,97.59,0.0,0.0,84.15,NOT_ABLE_TO_VENTILATE
61.31,18.46,42.17,16.93,32.45,0.0,0.0,55.9,OK
68.78,36.12,76.76,32.3,81.64,96246.86,3.39,35.02,FUNGI_ALERT_EXCESS_WATER
88.59,42.9,68.34,41.45,79.12,157285.8,6.31,89.63,VENTILATE
60.62,29.37,19.91,27.62,11.25,102421.22,0.02,57.12,OK
41.48,34.36,47.16,32.65,61.18,0.0,0.0,39.26,OK
39.88,26.27,52.81,26.08,68.57,22083.64,0.77,38.97,NOT_ABLE_TO_WATER
4.67,32.03,66.78,29.94,66.13,146664.53,5.14,16.43,WATER
67.52,28.05,61.71,26.52,62.89,6882.91,0.33,78.28,LOW_LIGHT
13.03,17.23,86.38,18.18,91.61,0.0,0.0,21.21,NOT_ABLE_TO_WATER
71.95,19.57,42.38,16.84,60.07,157285.8,5.49,70.16,OK
1.1,28.11,78.76,25.22,70.66,157285.8,5.32,73.17,WATER
75.58,25.84,61.43,24.46,73.96,0.0,0.0,78.99,OK
88.85,12.91,85.28,10.29,87.24,157285.8,5.7,81.24,LOW_TEMP_ALERT
15.52,20.22,90.74,13.91,86.94,20956.69,1.03,54.6,NOT_ABLE_TO_WATER
25.06,28.57,31.27,27.1,37.65,0.0,0.0,26.75,NOT_ABLE_TO_WATER
34.93,9.71,26.08,5.38,42.91,157285.8,4.86,30.65,WATER
11.19,18.24,33.22,19.3,43.62,0.0,0.0,71.51,NOT_ABLE_TO_WATER
75.27,25.11,37.7,22.87,30.03,0.0,0.0,95.36,NOT_ABLE_TO_WATER
72.25,8.74,46.98,7.85,65.47,0.0,0.0,71.33,LOW_TEMP_ALERT
36.44,28.85,86.74,25.98,87.62,0.0,0.0,31.7,NOT_ABLE_TO_WATER
47.62,42.99,51.5,46.48,53.21,132122.74,4.61,47.9,VENTILATE
94.97,12.64,88.15,8.47,100.0,74557.0,2.6,18.4,FUNGI_ALERT_EXCESS_WATER
55.0,27.95,47.21,26.3,35.85,2816.18,0.18,33.76,EXCESS_WATER
68.24,31.65,74.46,30.84,83.68,4315.24,0.0,67.67,LOW_LIGHT
74.79,32.12,25.33,30.36,37.04,0.0,0.0,69.6,OK
91.08,37.04,33.72,37.49,41.16,157285.8,4.62,91.18,VENTILATE
74.29,36.53,74.68,38.51,91.19,157285.8,4.66,77.82,VENTILATE
64.66,21.14,26.27,19.81,28.21,0.0,0.0,61.73,OK
74.64,32.46,91.33,33.67,100.0,157285.8,5.13,79.01,OK
51.94,29.8,80.13,27.97,100.0,157285.8,5.79,48.33,OK
41.96,40.19,61.42,37.97,75.42,146082.6,6.14,43.45,VENTILATE
30.06,14.02,44.14,11.79,33.32,0.0,0.0,28.7,NOT_ABLE_TO_WATER
31.87,42.51,60.17,40.76,56.6,157285.8,5.54,29.47,WATER
28.69,39.47,47.34,41.71,51.58,45594.57,0.09,24.22,NOT_ABLE_TO_WATER
81.86,42.52,90.22,42.09,91.53,0.0,0.0,88.05,NOT_ABLE_TO_VENTILATE
73.84,9.8,20.38,7.92,19.37,157285.8,5.13,79.05,LOW_TEMP_ALERT
45.84,10.47,56.12,8.65,78.19,0.0,0.0,76.09,NOT_ABLE_TO_WATER
42.87,15.8,69.01,13.02,82.42,0.0,0.0,37.49,LOW_TEMP_ALERT
80.52,9.22,73.18,6.57,84.47,104515.59,3.7,62.05,FUNGI_ALERT_EXCESS_WATER
70.98,26.31,58.84,26.52,69.5,157285.8,6.11,69.29,OK
12.85,39.77,28.91,40.14,42.43,157285.8,5.35,82.05,WATER
64.16,26.15,27.5,25.94,35.93,157285.8,5.53,47.55,EXCESS_WATER
42.23,12.74,85.15,13.32,100.0,0.0,0.0,48.1,LOW_TEMP_ALERT
21.83,40.36,86.79,34.91,86.74,157285.8,5.28,88.65,WATER
74.27,28.82,76.59,25.76,74.89,61927.23,1.58,80.31,OK
71.03,27.81,77.72,27.72,83.44,2926.02,0.0,80.56,LOW_LIGHT
57.02,30.47,39.64,23.86,45.72,157285.8,nan,25.96,INSUFFICIENT_DATA
44.76,11.39,81.95,8.15,82.63,35831.56,1.73,39.33,LOW_TEMP_ALERT
87.4,14.13,91.56,15.54,88.15,0.0,0.0,91.82,OK
25.72,27.14,54.05,26.37,64.68,46351.38,0.11,36.59,NOT_ABLE_TO_WATER
50.61,41.72,89.15,42.17,100.0,23603.04,1.13,44.33,NOT_ABLE_TO_VENTILATE
75.73,30.57,69.62,29.48,77.29,0.0,0.0,70.66,OK
70.76,9.53,73.53,5.13,74.44,3744.83,0.32,66.49,LOW_TEMP_ALERT
44.72,7.98,63.17,10.73,72.88,6322.28,0.03,47.2,LOW_TEMP_ALERT
95.21,31.87,27.02,27.41,29.61,0.0,0.0,69.55,FUNGI_ALERT_EXCESS_WATER
84.65,31.44,38.43,27.02,37.83,157285.8,4.57,48.06,EXCESS_WATER
60.49,10.1,27.82,9.51,25.25,0.0,0.0,60.18,LOW_TEMP_ALERT
81.48,22.5,47.22,18.63,62.48,0.0,0.0,81.57,OK
40.84,25.99,43.42,24.03,53.79,nan,0.22,41.98,INSUFFICIENT_DATA
50.55,13.79,80.95,12.85,82.07,129810.25,5.09,51.04,LOW_TEMP_ALERT
21.95,20.53,18.16,20.58,25.15,0.0,0.0,28.56,NOT_ABLE_TO_WATER
15.62,39.36,71.69,35.88,65.78,57420.88,2.01,12.24,WATER
28.8,26.27,28.93,23.18,37.89,157285.8,5.22,33.6,WATER
83.98,31.96,79.47,31.58,83.14,0.0,0.0,11.94,FUNGI_ALERT_EXCESS_WATER
86.57,22.97,53.4,24.06,65.24,31257.46,1.52,86.76,OK
77.88,22.84,68.1,24.73,68.64,157285.8,4.77,84.85,OK
53.04,39.58,17.25,38.32,34.48,0.0,0.0,49.38,NOT_ABLE_TO_VENTILATE
17.96,41.65,28.33,41.05,28.15,0.0,0.0,17.88,NOT_ABLE_TO_WATER
87.01,26.83,58.84,24.47,60.97,157285.8,5.29,44.78,EXCESS_WATER
19.06,6.74,80.87,6.0,86.81,8228.7,0.23,27.78,NOT_ABLE_TO_WATER
39.59,nan,63.51,43.6,73.49,0.0,0.0,35.41,INSUFFICIENT_DATA
82.73,43.17,15.47,43.58,16.36,0.0,0.0,14.94,FUNGI_ALERT_EXCESS_WATER
52.82,8.2,35.34,6.17,41.23,11038.46,0.1,54.99,LOW_TEMP_ALERT
83.48,35.64,55.28,34.42,68.65,25627.11,0.74,84.44,OK
80.92,32.69,40.44,34.02,45.98,0.0,0.0,85.6,OK
60.75,40.71,35.21,38.5,32.95,157285.8,5.01,61.62,VENTILATE
61.1,25.57,71.82,24.47,69.41,4101.09,0.0,62.69,LOW_LIGHT
74.43,7.93,72.48,8.13,71.29,0.0,0.0,63.29,LOW_TEMP_ALERT
68.58,44.74,27.61,41.86,23.2,8137.25,0.4,63.98,HYDRIC_STRESS_ALERT
95.46,31.42,80.4,30.14,82.93,47276.09,0.14,84.98,OK
25.77,25.14,85.32,24.49,89.61,157285.8,5.07,67.26,WATER
12.15,14.65,45.12,12.97,49.79,0.0,0.0,17.46,NOT_ABLE_TO_WATER
24.96,12.73,93.59,10.82,94.11,28462.85,1.43,92.06,NOT_ABLE_TO_WATER
20.13,20.92,78.43,21.33,86.26,0.0,0.0,43.77,NOT_ABLE_TO_WATER
91.59,21.37,84.55,18.18,95.9,0.0,0.0,69.13,FUNGI_ALERT_EXCESS_WATER
86.81,20.77,89.15,16.23,100.0,157285.8,3.84,88.14,OK
nan,22.94,48.07,23.34,46.27,8446.05,0.82,64.71,INSUFFICIENT_DATA
80.79,35.97,19.21,34.47,28.19,0.0,0.0,81.21,OK
22.83,23.33,69.52,25.62,57.24,157285.8,6.27,66.04,WATER
72.12,21.9,27.13,22.52,38.99,0.0,0.0,12.74,FUNGI_ALERT_EXCESS_WATER
48.95,20.82,85.85,16.63,87.15,104047.44,3.71,35.83,OK
92.58,44.52,29.66,40.3,33.45,5687.51,0.08,79.64,HYDRIC_STRESS_ALERT
43.18,16.41,70.99,14.36,69.87,0.0,0.0,31.74,LOW_TEMP_ALERT
47.21,6.43,35.22,3.56,39.44,0.0,0.0,51.2,LOW_TEMP_ALERT
6.95,15.45,84.54,14.23,100.0,95166.76,2.78,11.62,WATER
82.62,43.64,50.41,42.69,62.26,0.0,0.0,88.87,NOT_ABLE_TO_VENTILATE
23.61,5.23,59.54,2.65,67.32,0.0,0.0,53.31,NOT_ABLE_TO_WATER
89.27,28.92,51.18,27.72,50.78,0.0,0.0,93.43,OK
30.22,16.08,46.58,16.55,44.42,3697.77,0.04,18.18,NOT_ABLE_TO_WATER
12.38,40.45,27.59,36.3,24.77,91802.67,3.32,18.47,WATER
65.3,33.71,15.4,30.25,22.07,435.62,0.0,70.96,LOW_LIGHT
12.85,29.36,78.71,32.01,81.72,41045.33,1.32,17.2,NOT_ABLE_TO_WATER
46.95,21.7,58.19,16.65,70.0,157285.8,4.25,42.22,OK
18.35,36.78,37.84,34.28,38.29,0.0,0.0,13.31,NOT_ABLE_TO_WATER
28.66,20.35,38.68,23.29,40.69,157285.8,5.33,28.03,WATER
76.88,33.85,27.2,31.48,30.08,0.0,0.0,77.96,OK
79.14,21.07,58.0,22.18,55.17,5034.6,0.27,58.75,EXCESS_WATER
22.02,10.82,75.23,12.73,82.55,10005.0,0.9,25.76,NOT_ABLE_TO_WATER
78.52,7.73,16.32,7.4,19.07,0.0,0.0,80.6,LOW_TEMP_ALERT
80.44,37.29,29.0,33.79,33.65,0.0,0.0,81.62,OK
34.0,33.31,30.45,26.93,36.51,1651.54,0.01,31.88,NOT_ABLE_TO_WATER
52.18,35.18,74.52,32.66,84.12,154053.01,4.55,61.21,OK
83.21,26.09,58.27,24.96,71.01,0.0,0.0,42.45,FUNGI_ALERT_EXCESS_WATER
15.36,33.22,79.77,29.89,92.3,0.0,0.0,37.98,NOT_ABLE_TO_WATER
89.07,28.48,35.38,28.33,46.97,157285.8,4.86,92.17,OK
9.36,22.74,53.83,23.52,66.73,8888.09,0.0,76.17,NOT_ABLE_TO_WATER
95.98,37.3,71.1,35.16,80.31,7971.18,1.25,86.73,LOW_LIGHT
31.69,29.01,30.35,26.81,34.79,0.0,0.0,31.49,NOT_ABLE_TO_WATER
28.91,25.96,57.81,21.34,59.99,55597.92,1.46,33.5,NOT_ABLE_TO_WATER
62.4,39.03,29.81,41.17,29.09,0.0,0.0,59.05,NOT_ABLE_TO_VENTILATE
75.64,9.43,22.75,7.65,11.7,6866.31,0.08,73.42,LOW_TEMP_ALERT
95.8,32.82,21.93,33.85,23.12,157285.8,6.84,59.32,EXCESS_WATER
35.36,5.08,72.17,0.0,73.96,48730.94,2.07,42.1,WATER
10.62,24.57,34.25,25.92,44.85,83706.18,3.44,22.5,WATER
80.22,33.58,53.03,37.25,50.95,157285.8,5.92,74.95,VENTILATE
98.35,11.48,68.89,11.71,64.23,2495.32,0.0,94.02,LOW_TEMP_ALERT
61.83,14.15,39.62,12.21,50.94,8001.02,0.06,56.73,LOW_TEMP_ALERT
83.84,16.45,63.07,12.64,67.64,0.0,0.0,85.21,LOW_TEMP_ALERT
94.76,29.83,65.75,28.46,64.07,95324.34,3.01,93.96,OK
35.37,22.29,68.22,28.64,74.13,861.9,0.0,36.24,NOT_ABLE_TO_WATER
83.91,37.71,32.1,35.55,52.07,12332.88,0.71,79.95,OK
79.04,25.6,58.65,24.33,65.75,157285.8,5.85,80.31,OK
19.27,13.93,52.41,13.18,54.13,0.0,0.0,15.83,NOT_ABLE_TO_WATER
26.54,44.59,59.52,44.48,59.56,0.0,0.0,21.67,NOT_ABLE_TO_WATER
80.79,6.83,64.53,9.04,71.76,157285.8,4.64,82.23,LOW_TEMP_ALERT
35.94,30.26,15.54,28.35,31.08,24384.22,2.02,17.53,WATER
43.6,36.27,21.32,35.43,24.1,87881.44,0.01,18.14,EXCESS_WATER
39.62,22.97,92.5,22.35,99.72,0.0,0.0,48.13,NOT_ABLE_TO_WATER
89.26,26.12,62.95,20.98,69.5,157285.8,4.82,88.96,OK
12.35,30.29,37.75,27.6,44.59,0.0,0.0,12.32,NOT_ABLE_TO_WATER
29.8,36.04,87.16,34.06,95.85,0.0,0.0,38.26,NOT_ABLE_TO_WATER
37.38,39.7,49.86,39.55,58.05,3975.4,0.0,41.97,NOT_ABLE_TO_WATER
45.87,27.66,66.01,27.25,62.53,118609.24,3.33,28.37,EXCESS_WATER
33.2,35.34,27.38,33.14,41.39,110249.14,4.17,25.47,WATER
34.68,12.88,27.92,13.06,30.01,157285.8,5.13,27.46,WATER
63.18,8.12,47.43,6.24,41.63,157285.8,5.46,62.79,LOW_TEMP_ALERT
17.29,36.95,82.91,31.25,91.09,0.0,0.0,16.88,NOT_ABLE_TO_WATER
15.1,34.78,74.03,32.55,65.79,9758.53,0.92,12.81,NOT_ABLE_TO_WATER
26.74,29.12,34.71,28.4,60.19,0.0,0.0,46.37,NOT_ABLE_TO_WATER
13.55,8.95,88.1,5.63,100.0,157285.8,5.59,91.82,WATER
94.88,13.13,83.83,10.33,95.27,15916.79,0.37,43.73,FUNGI_ALERT_EXCESS_WATER
3.37,36.04,78.53,35.33,74.9,0.0,0.0,16.62,NOT_ABLE_TO_WATER
69.69,23.81,74.7,26.57,94.16,157285.8,4.59,68.93,OK
92.6,8.55,43.19,10.62,51.35,157285.8,5.01,90.5,LOW_TEMP_ALERT
6.32,11.36,24.96,9.16,29.82,127255.33,4.52,77.2,WATER
88.78,11.11,49.99,7.4,46.02,0.0,0.0,93.18,LOW_TEMP_ALERT
63.39,8.86,68.28,7.86,85.34,0.0,0.0,55.2,LOW_TEMP_ALERT
59.14,35.85,67.75,32.38,67.37,0.0,0.0,90.29,NOT_ABLE_TO_WATER
49.32,30.65,62.69,29.07,69.82,0.0,0.0,47.51,OK
0.72,36.92,67.4,32.92,55.23,40722.1,1.38,20.18,NOT_ABLE_TO_WATER
32.19,35.22,69.86,36.96,81.8,45725.45,0.15,91.3,NOT_ABLE_TO_WATER
40.24,7.04,74.5,7.09,77.35,0.0,0.0,59.24,NOT_ABLE_TO_WATER
22.02,19.46,44.84,19.91,45.31,34762.97,1.37,17.62,NOT_ABLE_TO_WATER
40.6,27.77,77.65,29.77,78.28,157285.8,5.69,34.73,OK
18.08,43.62,84.35,41.49,79.3,157285.8,4.84,81.49,WATER
14.78,28.75,59.92,27.02,66.88,150271.54,4.07,15.64,WATER
96.91,21.42,30.41,21.85,41.51,0.0,0.0,88.31,OK
83.2,23.05,70.78,22.05,82.44,157285.8,3.78,22.65,FUNGI_ALERT_EXCESS_WATER
20.9,6.7,21.88,8.74,33.27,157285.8,4.82,20.35,WATER
77.58,17.44,92.41,14.17,93.33,145363.79,5.01,10.57,FUNGI_ALERT_EXCESS_WATER
11.77,41.09,29.74,38.42,27.84,5639.88,0.0,13.23,NOT_ABLE_TO_WATER
91.91,17.13,81.06,16.65,91.39,157285.8,4.78,88.33,OK
98.25,32.96,54.63,33.34,80.72,0.0,0.0,92.62,OK
31.79,19.08,91.55,16.82,100.0,0.0,0.0,16.48,NOT_ABLE_TO_WATER
53.87,41.52,29.86,37.76,30.29,0.0,0.0,21.24,FUNGI_ALERT_EXCESS_WATER
34.21,5.71,64.98,3.93,66.65,0.0,0.0,32.76,NOT_ABLE_TO_WATER
35.04,23.65,75.78,23.55,73.92,0.0,0.0,53.06,NOT_ABLE_TO_WATER
29.11,11.04,36.36,9.78,40.87,0.0,0.0,32.42,NOT_ABLE_TO_WATER
22.96,37.81,62.28,35.14,61.91,10430.75,0.57,25.52,NOT_ABLE_TO_WATER
14.49,40.46,43.18,39.85,28.65,157285.8,5.58,22.74,WATER
75.48,41.88,30.42,38.49,31.36,0.0,0.0,11.61,FUNGI_ALERT_EXCESS_WATER
60.4,19.02,20.5,15.54,19.09,157285.8,5.55,82.93,WATER
42.55,38.13,23.93,34.32,36.88,86494.92,3.38,39.08,OK
46.96,31.11,50.57,27.5,48.16,157285.8,5.12,94.57,WATER
20.2,30.79,90.28,29.9,97.56,0.0,0.0,45.6,NOT_ABLE_TO_WATER
85.81,28.49,35.43,28.1,41.42,0.0,0.0,84.42,OK
48.32,9.04,69.91,8.66,72.59,76497.29,2.82,45.66,LOW_TEMP_ALERT
67.46,16.93,84.72,14.34,100.0,23954.6,0.57,61.26,LOW_TEMP_ALERT
29.83,41.99,41.08,40.58,53.8,0.0,0.0,40.33,NOT_ABLE_TO_WATER
53.72,23.8,49.25,21.97,57.01,157285.8,0.04,42.99,OK
40.2,44.13,68.43,42.22,70.98,157285.8,4.85,34.95,VENTILATE
74.85,15.06,31.23,14.01,29.96,0.0,0.0,35.35,FUNGI_ALERT_EXCESS_WATER
79.76,40.56,48.77,38.29,44.08,0.0,0.0,77.89,NOT_ABLE_TO_VENTILATE
81.34,34.71,70.52,33.62,71.86,157285.8,5.42,66.59,OK
73.69,29.47,22.01,29.39,19.06,33776.43,1.46,75.06,OK
87.01,38.11,24.77,35.53,34.98,0.0,0.0,85.98,OK
34.65,11.06,75.01,10.75,75.85,157285.8,5.36,57.99,WATER
69.03,14.41,88.96,nan,91.35,44202.72,1.25,75.75,INSUFFICIENT_DATA
18.53,31.16,46.1,32.58,58.3,20090.64,0.96,21.41,NOT_ABLE_TO_WATER
45.03,12.1,83.63,14.21,94.76,157285.8,6.01,50.55,LOW_TEMP_ALERT
85.1,10.8,55.44,7.03,55.41,48708.88,1.48,56.89,EXCESS_WATER
25.25,18.66,16.25,17.31,12.61,109726.69,2.97,67.69,WATER
28.74,8.5,54.06,9.03,75.03,36243.88,1.33,33.68,NOT_ABLE_TO_WATER
3.55,11.89,51.08,12.02,68.67,4575.67,0.51,14.29,NOT_ABLE_TO_WATER
49.46,34.85,31.37,37.09,33.52,0.0,0.0,10.57,FUNGI_ALERT_EXCESS_WATER
77.74,6.77,16.91,7.01,6.51,7054.82,0.25,75.33,LOW_TEMP_ALERT
94.71,16.4,21.78,11.99,24.56,33675.65,1.95,93.78,LOW_TEMP_ALERT
nan,23.09,25.36,26.07,25.07,0.0,0.0,34.48,INSUFFICIENT_DATA
82.04,19.57,20.39,18.1,10.48,0.0,0.0,83.72,OK
24.93,10.19,76.34,10.42,74.49,42377.89,1.43,25.92,NOT_ABLE_TO_WATER
76.66,29.77,73.43,30.45,85.3,0.0,0.0,19.34,FUNGI_ALERT_EXCESS_WATER
30.97,25.16,76.04,21.62,90.9,0.0,0.0,36.11,NOT_ABLE_TO_WATER
6.47,9.31,75.58,8.99,99.6,9244.74,0.23,10.12,NOT_ABLE_TO_WATER
18.05,14.2,17.62,11.81,30.45,157285.8,5.36,12.57,WATER
90.83,39.06,52.01,35.74,51.29,157285.8,6.11,84.95,OK
11.01,38.39,58.11,36.95,54.31,6735.81,0.95,48.69,NOT_ABLE_TO_WATER
23.59,30.5,66.3,29.59,64.59,0.0,0.0,11.41,NOT_ABLE_TO_WATER
20.01,22.9,61.37,18.12,59.0,0.0,0.0,21.29,NOT_ABLE_TO_WATER
29.27,17.89,56.61,16.38,66.27,157285.8,6.5,28.3,WATER
9.66,12.59,23.65,15.0,25.23,23429.79,1.35,91.94,NOT_ABLE_TO_WATER
70.53,23.42,20.13,20.5,16.5,9720.82,0.32,20.9,EXCESS_WATER
43.63,31.4,30.84,33.18,46.43,0.0,0.0,42.85,OK
94.96,29.08,89.2,30.1,100.0,157285.8,5.59,90.01,OK
19.74,40.92,22.61,38.75,31.37,157285.8,4.46,19.76,WATER
17.1,5.27,25.6,3.04,25.98,0.0,0.0,13.15,NOT_ABLE_TO_WATER
23.89,34.11,25.99,32.84,18.36,157285.8,6.08,32.14,WATER
99.26,28.21,39.2,25.06,60.98,9716.89,0.0,20.13,EXCESS_WATER
87.49,26.21,60.41,24.13,69.3,4153.86,0.2,80.82,LOW_LIGHT
37.76,8.69,66.23,6.94,72.01,157285.8,5.33,62.64,WATER
44.96,18.27,40.94,16.32,41.48,157285.8,5.28,73.27,WATER
79.83,14.0,51.85,11.82,60.8,94496.71,3.55,61.26,EXCESS_WATER
17.2,12.77,79.99,12.34,76.96,32595.37,1.26,22.2,NOT_ABLE_TO_WATER
13.3,34.7,60.6,29.65,71.4,126715.13,5.23,16.72,WATER
21.01,17.14,86.39,12.63,90.56,157285.8,5.36,86.75,WATER
63.54,35.63,31.93,35.18,49.65,28420.3,1.59,58.41,OK
8.05,19.06,64.51,17.91,74.39,0.0,0.0,73.2,NOT_ABLE_TO_WATER
34.18,17.45,35.59,15.64,28.13,8652.12,1.11,20.38,NOT_ABLE_TO_WATER
54.51,33.9,81.32,27.09,82.09,8383.62,0.36,47.14,LOW_LIGHT
94.56,12.48,55.04,11.54,53.06,33865.71,0.83,92.15,LOW_TEMP_ALERT
26.72,29.7,35.45,29.65,44.75,86918.76,2.38,27.5,WATER
72.25,20.63,26.6,18.17,21.96,157285.8,5.46,71.84,OK
33.46,33.88,70.55,33.0,88.06,0.0,0.0,43.42,NOT_ABLE_TO_WATER
77.13,41.38,73.8,40.23,87.84,0.0,0.0,18.1,FUNGI_ALERT_EXCESS_WATER
19.54,6.25,71.1,4.57,66.04,14975.73,0.52,13.49,NOT_ABLE_TO_WATER
23.58,15.84,71.83,13.59,91.2,114608.27,4.37,77.71,WATER
13.44,18.93,88.94,19.76,100.0,157285.8,5.19,77.25,WATER
24.16,17.15,82.21,15.43,88.32,121823.53,4.43,32.48,WATER
13.1,30.68,82.44,29.09,91.09,157285.8,5.59,11.78,WATER
13.33,22.77,64.88,19.01,71.38,2442.26,0.92,20.19,NOT_ABLE_TO_WATER
65.73,42.61,53.55,38.83,64.29,10626.78,0.12,86.3,NOT_ABLE_TO_WATER
86.06,19.83,35.73,20.07,51.75,1900.09,0.43,25.36,EXCESS_WATER
53.6,31.26,60.57,29.41,65.05,126939.15,4.75,47.97,OK
80.94,30.51,20.21,25.36,16.74,0.0,0.0,69.73,OK
94.74,5.96,nan,5.17,26.28,9934.96,0.62,93.9,INSUFFICIENT_DATA
89.39,13.58,68.2,11.67,79.6,74388.48,2.31,94.7,LOW_TEMP_ALERT
52.43,26.67,37.21,24.4,34.25,157285.8,5.79,58.32,OK
94.58,11.17,85.61,11.33,92.14,46378.69,1.9,91.9,LOW_TEMP_ALERT
74.55,28.0,24.62,25.46,31.89,26072.58,0.94,42.09,EXCESS_WATER
89.26,44.97,65.97,44.46,80.22,157285.8,4.77,85.44,VENTILATE
77.72,13.63,30.57,15.23,37.75,157285.8,5.26,69.84,OK
37.13,44.82,64.01,42.87,67.31,0.0,0.0,50.93,NOT_ABLE_TO_WATER
72.47,8.96,85.44,4.25,86.8,157285.8,4.82,60.05,LOW_TEMP_ALERT
14.0,29.27,88.8,29.28,100.0,32997.51,1.26,13.91,NOT_ABLE_TO_WATER
53.19,37.24,47.7,35.78,58.28,0.0,0.0,47.69,OK
38.8,43.54,64.59,38.26,69.77,157285.8,5.61,39.29,WATER
10.87,23.1,52.07,24.1,57.59,87808.92,2.58,11.09,WATER
54.12,32.46,72.36,32.27,67.2,0.0,0.0,51.19,OK
36.38,41.64,69.72,44.25,77.13,4766.82,0.13,35.97,NOT_ABLE_TO_WATER
30.92,41.96,77.17,40.62,93.47,157285.8,5.08,22.72,WATER
8.15,34.54,61.4,34.93,77.83,1672.12,0.16,52.82,NOT_ABLE_TO_WATER
69.37,32.12,61.64,32.28,60.04,0.0,0.0,70.5,OK
95.24,14.06,48.12,15.02,60.03,0.0,nan,87.69,INSUFFICIENT_DATA
40.93,31.05,64.71,29.04,79.18,157285.8,4.71,61.25,WATER
65.37,40.19,88.12,38.05,97.54,0.0,0.0,57.53,NOT_ABLE_TO_VENTILATE
55.23,41.58,43.77,40.84,58.86,157285.8,4.81,22.81,EXCESS_WATER
59.21,23.85,35.74,21.28,33.61,0.0,0.0,56.49,OK
22.26,32.1,33.53,31.5,43.24,0.0,0.0,28.77,NOT_ABLE_TO_WATER
84.03,10.51,19.31,9.46,22.31,0.0,0.0,86.7,LOW_TEMP_ALERT
36.26,22.8,57.84,21.62,70.4,28884.53,1.32,38.34,NOT_ABLE_TO_WATER
9.56,37.73,91.12,35.22,100.0,0.0,0.0,11.31,NOT_ABLE_TO_WATER
87.0,31.25,36.36,32.27,37.53,102406.96,3.72,60.96,EXCESS_WATER
98.37,42.7,69.68,39.05,71.58,0.0,0.0,67.16,FUNGI_ALERT_EXCESS_WATER
78.27,12.63,23.97,10.32,38.58,157285.8,6.23,33.0,EXCESS_WATER
58.87,40.57,17.98,37.35,12.45,1968.15,0.09,15.6,EXCESS_WATER
26.09,7.33,89.62,7.41,100.0,0.0,0.0,16.55,NOT_ABLE_TO_WATER
28.07,6.06,61.07,6.7,75.83,113040.38,4.16,26.36,WATER
25.75,31.34,50.48,33.3,59.69,0.0,0.0,32.17,NOT_ABLE_TO_WATER
59.77,26.26,91.94,26.13,100.0,0.0,0.0,19.68,FUNGI_ALERT_EXCESS_WATER
86.25,42.34,79.98,36.61,96.55,13930.49,0.73,83.63,NOT_ABLE_TO_VENTILATE
21.98,39.75,40.07,36.16,49.84,0.0,0.0,22.28,NOT_ABLE_TO_WATER
15.62,20.14,78.41,17.08,83.17,0.0,0.0,22.61,NOT_ABLE_TO_WATER
0.07,6.46,30.2,nan,40.4,72352.53,1.61,88.98,INSUFFICIENT_DATA
86.99,26.07,16.04,22.71,27.21,157285.8,5.98,88.1,OK
86.15,11.89,82.58,6.0,95.61,157285.8,5.69,91.8,LOW_TEMP_ALERT
89.71,39.14,53.9,37.73,68.89,nan,0.0,93.53,INSUFFICIENT_DATA
53.84,20.0,34.24,17.27,35.51,88617.73,3.28,79.52,WATER
24.06,43.47,21.56,38.49,22.44,64210.52,1.88,66.83,NOT_ABLE_TO_WATER
64.47,8.77,93.0,6.7,100.0,0.0,0.0,88.84,NOT_ABLE_TO_WATER
19.92,22.88,51.32,21.37,79.6,100015.38,3.09,20.59,WATER
84.66,24.34,58.89,25.39,50.1,50767.44,2.05,84.24,OK
69.65,33.21,18.0,32.13,27.69,157285.8,4.94,61.12,OK
59.35,32.06,23.73,32.09,24.8,157285.8,5.51,61.26,OK
22.13,12.15,81.21,9.14,97.7,3507.24,0.0,39.11,NOT_ABLE_TO_WATER
48.74,32.95,17.41,32.84,22.63,29780.92,1.55,51.48,OK
85.12,31.58,74.94,33.57,78.77,0.0,0.0,90.04,OK
42.5,31.33,90.95,32.42,92.07,157285.8,4.88,51.61,OK
26.86,20.19,87.81,18.53,97.39,84995.78,2.91,43.73,WATER
17.8,10.66,51.71,8.94,45.75,157285.8,4.77,52.31,WATER
0.16,32.77,49.42,30.07,55.27,157285.8,5.71,94.78,WATER
41.81,36.47,75.61,36.75,87.34,149943.82,4.62,38.89,VENTILATE
63.72,17.33,29.32,12.65,25.98,0.0,0.0,54.24,LOW_TEMP_ALERT
21.02,39.92,53.82,36.32,57.8,36375.85,0.4,28.16,NOT_ABLE_TO_WATER
81.21,39.26,80.99,38.76,68.32,157285.8,5.73,84.2,VENTILATE
13.85,6.49,62.03,2.05,66.65,0.0,0.0,12.42,NOT_ABLE_TO_WATER
90.1,9.68,76.06,7.65,73.24,157285.8,6.01,81.28,LOW_TEMP_ALERT
28.25,41.58,57.79,41.72,61.52,157285.8,4.97,76.2,WATER
56.21,18.57,26.07,18.19,35.4,0.0,0.0,63.9,OK
92.66,39.9,39.81,39.92,31.69,0.0,0.0,73.96,FUNGI_ALERT_EXCESS_WATER
26.83,23.77,69.21,22.65,68.87,0.0,0.0,91.7,NOT_ABLE_TO_WATER
79.54,19.85,71.58,19.38,75.02,157285.8,4.1,62.73,FUNGI_ALERT_EXCESS_WATER
95.29,37.96,28.03,33.08,42.91,157285.8,5.41,90.66,OK
69.39,6.59,63.61,7.41,75.18,0.0,0.0,73.54,LOW_TEMP_ALERT
76.87,33.23,56.72,34.44,54.12,157285.8,5.29,69.68,OK
76.6,41.61,27.56,42.6,43.63,157285.8,5.58,42.34,EXCESS_WATER
72.41,10.62,74.05,9.82,86.47,3380.49,0.17,19.31,FUNGI_ALERT_EXCESS_WATER
15.29,8.67,52.34,8.14,60.29,157285.8,5.25,93.1,WATER
43.17,31.72,69.38,29.67,79.33,3896.09,0.4,53.3,LOW_LIGHT
70.14,8.82,79.81,7.3,91.75,157285.8,4.6,80.11,LOW_TEMP_ALERT
72.51,27.18,84.1,27.12,85.8,2552.05,0.0,63.85,LOW_LIGHT
10.72,15.38,86.13,12.6,87.7,157285.8,4.95,48.6,WATER
100.0,39.24,32.12,37.88,43.58,0.0,0.0,92.87,NOT_ABLE_TO_VENTILATE
66.06,9.41,93.81,6.92,94.37,0.0,0.0,62.89,LOW_TEMP_ALERT
41.35,29.9,75.82,26.26,79.49,150141.62,4.39,36.86,OK
9.57,34.58,36.19,34.84,43.2,45939.33,1.35,63.82,NOT_ABLE_TO_WATER
37.08,33.0,37.9,32.3,51.16,0.0,0.0,59.75,NOT_ABLE_TO_WATER
33.5,9.42,87.89,7.46,91.69,132398.61,3.71,35.93,WATER
21.4,35.75,40.72,38.32,50.14,0.0,0.0,19.62,NOT_ABLE_TO_WATER
40.63,31.45,66.44,32.68,77.92,101599.02,4.02,34.93,OK
64.0,32.32,29.73,32.72,39.44,0.0,0.0,59.78,OK
43.58,20.03,17.25,18.87,12.16,0.0,0.0,43.26,OK
70.85,32.87,61.03,28.24,66.93,157285.8,5.16,69.78,OK
88.61,5.75,77.06,9.23,84.57,42810.75,2.37,40.96,FUNGI_ALERT_EXCESS_WATER
65.09,18.39,77.06,14.83,94.96,0.0,0.0,62.05,LOW_TEMP_ALERT
55.69,29.2,67.21,28.35,72.44,73862.23,2.68,52.91,OK
70.49,13.62,26.15,12.38,31.53,157285.8,5.84,64.93,LOW_TEMP_ALERT
7.57,8.01,94.75,8.29,85.94,138798.15,5.2,10.09,WATER
31.2,21.48,68.36,19.38,81.4,157285.8,4.82,34.37,WATER
66.9,20.31,38.65,23.9,51.7,157285.8,5.64,68.15,OK
48.46,19.63,31.0,15.57,48.58,0.0,0.0,50.41,OK
62.24,25.17,58.72,19.57,56.79,0.0,0.0,61.19,OK
81.12,21.26,26.0,21.26,48.03,0.0,0.0,50.36,FUNGI_ALERT_EXCESS_WATER
58.12,44.21,54.68,40.98,59.74,63245.33,2.1,52.73,NOT_ABLE_TO_VENTILATE
75.5,18.92,47.39,19.1,45.6,0.0,0.0,12.63,FUNGI_ALERT_EXCESS_WATER
52.02,31.49,55.05,31.76,60.0,38294.13,1.32,38.17,OK
55.82,17.83,18.46,17.4,22.38,157285.8,5.48,57.03,OK
93.19,8.19,59.23,5.3,62.37,1347.02,0.28,83.52,LOW_TEMP_ALERT
19.36,37.41,20.56,33.4,25.85,157285.8,4.8,66.93,WATER
78.09,26.25,75.81,27.51,95.85,0.0,0.0,73.31,OK
17.24,10.64,28.2,8.76,33.41,157285.8,5.0,11.51,WATER
73.07,31.13,64.36,33.75,55.89,157285.8,6.44,73.2,OK
32.38,26.45,44.94,24.63,57.36,79514.21,2.67,35.47,WATER
83.3,40.46,52.41,36.59,54.19,33713.93,0.37,84.19,NOT_ABLE_TO_VENTILATE
89.99,25.92,54.3,20.49,63.13,157285.8,5.93,83.93,OK
59.8,30.14,54.27,27.67,nan,127642.1,3.41,86.79,INSUFFICIENT_DATA
30.57,37.59,60.38,36.47,60.68,0.0,0.0,34.72,NOT_ABLE_TO_WATER
46.13,26.2,50.2,26.12,64.2,38829.98,0.82,60.06,OK
42.57,34.3,34.71,30.44,42.17,0.0,0.0,47.03,OK
84.37,22.57,81.82,24.05,83.57,0.0,0.0,81.98,OK
63.75,36.02,18.47,34.64,31.35,0.0,0.0,70.71,OK
57.29,21.74,84.06,22.71,99.33,0.0,0.0,67.77,OK
94.73,28.0,46.3,26.97,44.78,157285.8,5.67,83.49,OK
32.07,16.54,54.63,17.93,69.96,157285.8,5.51,26.97,WATER
17.94,21.13,89.76,20.47,90.86,4542.67,0.45,18.64,NOT_ABLE_TO_WATER
3.92,26.3,84.58,27.49,84.55,8206.76,0.14,12.21,NOT_ABLE_TO_WATER
47.08,20.64,66.77,18.62,79.23,157285.8,4.42,86.58,WATER
10.12,24.3,20.94,22.44,25.54,0.0,0.0,84.75,NOT_ABLE_TO_WATER
33.47,21.94,52.12,20.53,60.87,157285.8,5.47,35.9,WATER
64.49,32.78,81.16,33.78,83.86,157285.8,5.45,36.23,FUNGI_ALERT_EXCESS_WATER
33.82,35.47,53.5,33.77,54.5,88176.24,3.05,39.61,WATER
32.34,36.3,25.51,37.66,29.88,113125.38,4.54,32.14,WATER
10.38,22.78,85.81,20.87,95.96,85455.96,3.41,89.09,WATER
77.87,24.44,35.4,23.74,37.64,5210.4,0.08,78.13,LOW_LIGHT
2.2,21.29,92.78,20.92,100.0,0.0,0.0,53.93,NOT_ABLE_TO_WATER
100.0,15.13,74.1,17.45,82.58,152748.12,5.25,91.39,OK
80.88,6.08,26.58,3.05,35.01,157285.8,4.96,77.83,LOW_TEMP_ALERT
29.66,19.0,79.5,22.17,85.37,0.0,0.0,31.55,NOT_ABLE_TO_WATER
1.44,41.15,34.38,42.67,33.81,47242.71,1.99,44.11,NOT_ABLE_TO_WATER
67.9,30.59,32.22,29.66,28.92,157285.8,5.54,57.24,OK
27.31,34.83,89.97,31.7,100.0,157285.8,5.47,60.51,WATER
24.74,21.18,82.42,19.72,85.63,26245.6,0.81,34.15,NOT_ABLE_TO_WATER
17.9,27.34,86.91,26.66,100.0,157285.8,4.81,12.81,WATER
21.21,14.58,41.88,13.61,54.29,0.0,0.0,23.42,NOT_ABLE_TO_WATER
56.68,25.43,89.81,27.21,92.5,0.0,0.0,57.45,OK
64.04,19.65,77.0,18.1,74.21,0.0,0.0,10.65,FUNGI_ALERT_EXCESS_WATER
64.92,39.63,50.49,41.37,64.51,36795.69,1.28,30.66,EXCESS_WATER
22.15,32.27,77.19,33.04,71.62,0.0,0.0,36.13,NOT_ABLE_TO_WATER
23.82,32.21,64.78,29.89,75.2,43961.14,1.36,15.37,NOT_ABLE_TO_WATER
86.4,43.74,75.17,40.77,82.18,0.0,0.0,28.83,FUNGI_ALERT_EXCESS_WATER
46.04,33.59,94.65,31.73,100.0,0.0,0.0,57.53,OK
74.87,32.08,30.95,28.01,46.43,157285.8,5.83,76.0,OK
60.39,31.06,43.84,28.89,51.59,157285.8,4.26,69.62,OK
51.05,37.87,88.53,37.18,98.71,157285.8,5.69,16.07,FUNGI_ALERT_EXCESS_WATER
99.26,28.97,36.09,28.25,29.94,0.0,0.0,21.54,FUNGI_ALERT_EXCESS_WATER
26.54,35.14,54.98,30.98,66.22,157285.8,6.45,93.51,WATER
95.09,42.0,72.62,36.96,95.73,157285.8,6.54,55.91,FUNGI_ALERT_EXCESS_WATER
20.11,28.62,41.07,23.87,29.66,157285.8,5.25,72.94,WATER
90.91,11.44,82.05,8.37,93.36,0.0,0.0,91.45,LOW_TEMP_ALERT
56.07,12.58,85.7,13.31,95.83,2530.0,0.04,56.69,LOW_TEMP_ALERT
40.33,33.64,31.09,33.62,18.87,9135.88,0.1,35.94,LOW_LIGHT
73.94,26.68,41.81,27.26,38.64,157285.8,5.52,84.33,OK
96.73,32.89,93.82,32.67,100.0,157285.8,5.15,90.75,OK
30.0,9.07,76.1,5.29,71.34,157285.8,0.12,13.38,NOT_ABLE_TO_WATER
54.01,21.49,54.8,25.27,67.12,157285.8,6.36,25.98,EXCESS_WATER
66.47,38.1,31.87,36.99,54.4,0.0,0.0,63.76,NOT_ABLE_TO_VENTILATE
99.49,26.83,84.35,27.2,87.1,157285.8,4.25,28.31,FUNGI_ALERT_EXCESS_WATER
72.02,27.09,15.02,30.24,14.36,0.0,0.0,74.65,OK
71.4,26.41,21.27,25.78,26.64,157285.8,4.84,16.05,EXCESS_WATER
89.84,11.92,87.17,7.9,100.0,0.0,0.0,89.16,LOW_TEMP_ALERT
56.74,20.06,33.96,19.68,23.86,0.0,0.0,12.57,FUNGI_ALERT_EXCESS_WATER
6.02,38.09,44.67,38.13,58.62,6778.14,0.18,41.23,NOT_ABLE_TO_WATER
nan,43.68,74.53,41.97,75.93,157285.8,4.28,33.38,INSUFFICIENT_DATA
20.83,31.62,41.0,31.21,40.22,157285.8,4.91,20.13,WATER
97.85,21.23,47.57,21.15,38.4,0.0,0.0,41.49,FUNGI_ALERT_EXCESS_WATER
99.23,26.24,68.56,22.45,73.76,0.0,0.0,49.37,FUNGI_ALERT_EXCESS_WATER
76.22,38.23,22.54,35.42,28.44,0.0,0.0,65.57,OK
87.6,34.07,80.81,31.17,72.0,157285.8,5.71,91.75,OK
5.36,29.81,67.89,27.12,83.6,0.0,0.0,66.55,NOT_ABLE_TO_WATER
61.06,37.75,67.05,33.77,75.82,157285.8,4.16,86.7,WATER
96.73,36.91,59.67,31.14,46.56,0.0,0.0,91.17,OK
82.66,43.75,28.56,44.14,28.79,0.0,0.0,12.11,FUNGI_ALERT_EXCESS_WATER
29.87,43.43,32.91,43.18,53.69,84452.1,2.94,77.17,WATER
17.43,18.49,71.42,18.03,73.9,44307.27,1.84,19.36,NOT_ABLE_TO_WATER
86.86,5.25,18.89,4.29,27.6,157285.8,5.9,15.8,EXCESS_WATER
40.48,26.89,47.7,26.06,53.87,157285.8,5.7,31.78,OK
60.09,20.02,36.05,20.86,47.38,0.0,0.0,55.28,OK
12.77,30.85,59.17,33.09,72.26,0.0,0.0,39.29,NOT_ABLE_TO_WATER
15.45,20.11,90.09,16.02,100.0,19231.5,0.7,15.67,NOT_ABLE_TO_WATER
29.34,14.89,34.45,14.01,54.64,157285.8,4.45,35.68,WATER
71.84,24.75,29.06,25.5,46.28,157285.8,5.86,72.38,OK
29.77,17.72,52.75,17.94,54.22,3110.97,0.41,35.16,NOT_ABLE_TO_WATER
50.62,24.63,20.29,18.6,23.65,34829.79,0.97,18.11,EXCESS_WATER
77.59,38.23,16.15,37.13,20.2,0.0,0.0,73.89,NOT_ABLE_TO_VENTILATE
70.51,36.79,80.24,31.76,71.18,0.0,0.0,85.73,NOT_ABLE_TO_WATER
63.18,7.39,67.52,5.71,82.37,157285.8,5.26,63.89,LOW_TEMP_ALERT
20.21,32.82,34.21,32.26,34.57,5615.47,0.56,13.02,NOT_ABLE_TO_WATER
88.0,32.36,50.72,31.23,41.49,157285.8,5.76,83.1,OK
32.23,16.11,27.88,13.59,31.3,12427.89,0.36,37.81,NOT_ABLE_TO_WATER
54.47,39.75,54.89,39.99,50.19,nan,0.48,49.83,INSUFFICIENT_DATA
55.98,20.61,44.2,19.62,32.96,157285.8,5.09,54.68,OK
11.68,7.5,64.79,5.58,65.81,0.0,0.0,17.71,NOT_ABLE_TO_WATER
91.21,14.6,78.43,13.27,83.37,0.0,0.0,94.41,LOW_TEMP_ALERT
70.58,19.18,31.89,22.16,17.15,0.0,0.0,64.63,OK
8.26,35.4,65.57,34.31,87.97,157285.8,6.35,10.17,WATER
100.0,28.38,44.08,27.9,44.96,88822.6,2.7,87.94,OK
75.21,23.9,84.24,19.91,94.87,0.0,0.0,20.18,FUNGI_ALERT_EXCESS_WATER
64.75,7.28,15.24,6.87,27.2,0.0,0.0,63.96,LOW_TEMP_ALERT
24.11,33.09,48.73,29.23,47.47,157285.8,6.35,32.24,WATER
10.53,20.84,65.21,17.67,66.47,24090.79,0.68,10.71,NOT_ABLE_TO_WATER
91.2,22.27,55.95,17.42,71.41,15541.66,0.61,11.75,EXCESS_WATER
46.12,10.52,21.22,10.99,24.61,157285.8,0.03,67.31,NOT_ABLE_TO_WATER
28.14,32.17,65.43,30.27,72.83,18590.9,0.51,89.63,NOT_ABLE_TO_WATER
70.49,31.16,31.42,31.73,37.46,157285.8,5.4,70.41,OK
76.56,15.03,19.84,14.17,20.22,0.0,0.0,78.59,LOW_TEMP_ALERT
81.76,40.41,83.0,38.17,82.0,0.0,0.0,90.61,NOT_ABLE_TO_VENTILATE
72.74,30.92,67.16,31.15,74.76,6964.61,0.0,71.48,LOW_LIGHT
18.31,22.88,46.97,21.49,57.08,31853.6,0.34,52.02,NOT_ABLE_TO_WATER
63.17,15.68,61.04,19.17,81.97,157285.8,5.5,56.93,OK
94.15,29.93,68.93,30.03,74.17,157285.8,5.49,54.6,EXCESS_WATER
95.42,30.51,42.18,26.56,38.46,0.0,0.0,90.99,OK
77.96,43.26,70.14,41.79,64.17,0.0,nan,40.66,INSUFFICIENT_DATA
92.88,22.48,62.58,19.43,67.52,6680.5,0.01,62.93,EXCESS_WATER
51.59,8.23,16.64,11.86,23.52,151650.65,5.49,56.6,LOW_TEMP_ALERT
95.41,34.5,33.63,32.47,35.66,0.0,0.0,90.46,OK
78.0,28.95,20.37,26.85,20.35,157285.8,5.73,85.85,OK
70.81,33.5,89.57,34.14,100.0,157285.8,0.13,71.07,OK
85.63,15.15,91.36,10.72,86.78,0.0,0.0,28.53,FUNGI_ALERT_EXCESS_WATER
15.73,8.07,62.3,5.9,66.64,0.0,0.0,12.92,NOT_ABLE_TO_WATER
82.11,10.67,75.02,9.67,71.73,0.0,0.0,88.81,LOW_TEMP_ALERT
96.43,22.39,27.48,17.56,22.75,108023.7,3.35,94.67,OK
57.7,36.76,67.19,40.41,81.9,157285.8,5.23,46.42,VENTILATE
58.28,9.12,49.21,6.36,51.26,0.0,0.0,85.57,NOT_ABLE_TO_WATER
49.14,34.19,81.84,31.12,70.02,157285.8,5.58,51.03,OK
98.17,43.34,86.27,39.59,99.77,36345.74,0.7,27.72,FUNGI_ALERT_EXCESS_WATER
46.29,25.04,42.79,24.53,52.65,7675.0,0.35,53.15,LOW_LIGHT
98.57,39.39,47.39,38.8,63.01,0.0,0.0,27.2,FUNGI_ALERT_EXCESS_WATER
85.4,31.56,18.62,28.98,25.95,157285.8,4.89,13.87,EXCESS_WATER
97.87,32.29,79.42,33.82,100.0,127896.36,4.76,23.87,FUNGI_ALERT_EXCESS_WATER
34.26,31.33,24.92,25.33,24.19,157285.8,5.41,31.57,WATER
41.89,10.39,70.79,9.05,78.1,157285.8,4.12,90.22,WATER
27.86,12.06,75.26,8.66,80.16,84300.86,2.79,25.79,WATER
71.82,44.72,93.72,43.15,97.72,157285.8,4.9,78.49,VENTILATE
24.92,17.08,63.95,16.56,74.14,6084.53,0.0,18.8,NOT_ABLE_TO_WATER
20.54,40.48,nan,36.29,55.63,0.0,0.0,42.21,INSUFFICIENT_DATA
76.45,39.2,52.25,34.79,60.95,0.0,0.0,50.26,FUNGI_ALERT_EXCESS_WATER
66.67,10.3,80.86,10.85,78.51,157285.8,5.04,61.16,LOW_TEMP_ALERT
83.79,43.44,51.11,42.1,51.96,157285.8,6.44,88.08,VENTILATE
29.8,17.97,93.05,15.69,99.64,157285.8,5.71,29.88,WATER
84.23,20.42,90.87,19.59,85.63,0.0,0.0,84.06,OK
24.85,20.34,43.96,19.4,53.88,0.0,0.0,91.9,NOT_ABLE_TO_WATER
29.9,35.54,75.83,34.68,nan,20258.6,1.2,28.59,INSUFFICIENT_DATA
80.07,19.68,44.86,18.51,54.0,6904.48,0.27,74.36,LOW_LIGHT
69.27,28.27,22.51,27.08,36.0,157285.8,0.08,62.62,OK
78.09,6.82,25.91,4.81,23.4,157285.8,5.49,50.97,EXCESS_WATER
89.82,27.84,83.79,30.75,75.65,0.0,0.0,25.15,FUNGI_ALERT_EXCESS_WATER
19.18,23.31,84.69,24.9,84.58,0.0,0.0,23.58,NOT_ABLE_TO_WATER
95.19,27.83,33.63,26.61,27.65,0.0,0.0,32.58,FUNGI_ALERT_EXCESS_WATER
63.92,22.74,48.23,25.47,45.39,0.0,nan,52.45,INSUFFICIENT_DATA
10.01,41.01,49.48,40.81,54.88,157285.8,4.84,40.09,WATER
78.6,23.5,23.37,25.15,29.08,125437.09,3.89,78.89,OK
44.35,34.96,58.06,30.84,65.35,30750.99,1.09,51.87,OK
18.73,33.96,20.04,29.73,21.37,107719.17,3.7,12.4,WATER
15.17,32.05,51.36,31.56,69.95,79662.87,2.16,19.14,WATER
93.89,32.34,81.55,29.13,73.65,0.0,0.0,89.92,OK
46.5,10.93,60.92,5.91,63.74,7595.58,0.05,65.49,NOT_ABLE_TO_WATER
87.79,20.98,34.37,20.63,43.12,0.0,0.0,92.3,OK
89.73,13.98,21.94,10.47,26.56,157285.8,5.12,93.61,LOW_TEMP_ALERT
87.16,37.11,60.73,39.94,64.08,16552.89,0.48,78.53,NOT_ABLE_TO_VENTILATE
64.4,18.62,71.89,14.57,62.24,113444.64,2.76,67.84,LOW_TEMP_ALERT
18.84,13.51,43.09,10.97,40.05,157285.8,5.3,13.21,WATER
61.78,42.39,63.62,39.27,65.49,20266.05,0.23,82.45,NOT_ABLE_TO_WATER
87.36,27.43,71.63,23.34,84.23,5835.94,0.24,41.24,FUNGI_ALERT_EXCESS_WATER
69.43,21.01,50.44,19.64,27.35,0.0,0.0,77.47,OK
0.89,8.54,64.2,6.46,61.92,5957.55,0.0,14.18,NOT_ABLE_TO_WATER
81.16,11.08,86.63,8.17,87.11,157285.8,5.36,85.91,LOW_TEMP_ALERT
57.19,28.55,53.34,27.01,63.88,3095.98,0.0,23.63,EXCESS_WATER
23.63,30.54,88.79,32.71,97.71,157285.8,5.54,89.4,WATER
36.3,7.9,86.41,5.8,100.0,157285.8,5.33,40.23,WATER
29.83,31.29,47.02,26.72,59.54,1419.48,0.9,32.79,NOT_ABLE_TO_WATER
52.35,17.73,91.25,17.78,100.0,8141.98,0.44,60.86,LOW_LIGHT
48.38,24.73,78.57,26.19,74.92,2438.69,0.29,37.85,LOW_LIGHT
51.58,28.0,44.72,24.41,63.87,0.0,0.0,70.4,NOT_ABLE_TO_WATER
22.23,24.46,34.73,25.12,31.56,0.0,0.0,43.65,NOT_ABLE_TO_WATER
15.73,40.44,88.21,38.23,84.68,82666.68,2.95,17.76,WATER
44.69,9.08,27.98,6.11,31.19,157285.8,5.6,45.31,LOW_TEMP_ALERT
30.23,44.28,38.63,44.44,42.48,157285.8,6.63,61.79,WATER
90.05,19.88,67.85,19.82,78.7,157285.8,4.88,34.66,EXCESS_WATER
9.08,35.37,23.95,32.25,30.76,8099.77,0.29,78.48,NOT_ABLE_TO_WATER
21.01,10.47,64.66,9.78,66.17,0.0,0.0,75.98,NOT_ABLE_TO_WATER
47.94,11.86,79.91,12.0,92.74,46019.83,1.28,49.82,LOW_TEMP_ALERT
85.78,43.72,45.84,36.05,51.73,72100.75,2.23,78.75,NOT_ABLE_TO_VENTILATE
20.21,44.7,41.0,39.87,45.97,81637.72,3.59,48.4,WATER
28.35,11.66,79.21,11.15,93.05,0.0,0.0,29.01,NOT_ABLE_TO_WATER
73.96,15.59,40.08,15.39,36.69,113629.51,4.08,91.87,WATER
19.44,11.33,66.08,8.36,70.94,480.09,0.0,19.59,NOT_ABLE_TO_WATER
71.84,32.68,73.05,35.54,78.35,0.0,0.0,46.37,FUNGI_ALERT_EXCESS_WATER
14.93,26.59,27.25,26.05,27.73,157285.8,5.84,17.72,WATER
43.02,33.09,71.15,34.7,76.06,157285.8,6.02,50.45,OK
91.62,24.23,87.1,25.19,89.41,8484.37,0.0,92.7,LOW_LIGHT
13.11,34.4,37.47,33.85,42.71,0.0,0.0,11.89,NOT_ABLE_TO_WATER
66.38,22.81,48.47,23.94,48.78,2179.94,0.23,61.95,LOW_LIGHT
23.27,17.63,84.55,16.82,94.98,157285.8,5.32,61.66,WATER
23.54,12.5,53.47,11.36,59.85,0.0,0.0,22.05,NOT_ABLE_TO_WATER
25.57,10.82,19.78,6.62,21.51,157285.8,5.43,22.17,WATER
11.92,34.41,67.04,30.26,77.45,157285.8,6.69,21.5,WATER
68.31,9.96,84.23,7.89,82.45,157285.8,5.8,84.91,WATER
16.83,37.9,23.11,33.08,27.85,0.0,0.0,10.57,NOT_ABLE_TO_WATER
39.37,36.59,94.33,32.02,99.14,0.0,0.0,33.85,NOT_ABLE_TO_WATER
2.42,15.63,40.44,12.56,39.85,157285.8,5.72,61.52,WATER
40.72,25.01,35.46,23.55,47.81,157285.8,5.09,47.18,OK
44.43,25.25,32.23,22.63,41.47,5102.93,0.0,51.55,LOW_LIGHT
48.41,7.42,22.99,6.02,36.54,0.0,0.0,44.98,LOW_TEMP_ALERT
19.77,37.0,62.05,37.22,63.33,0.0,0.0,15.66,NOT_ABLE_TO_WATER
15.04,41.74,36.61,40.57,24.7,5221.2,0.59,17.36,NOT_ABLE_TO_WATER
62.88,7.27,70.73,10.62,68.61,157285.8,6.3,68.07,LOW_TEMP_ALERT
46.91,11.33,41.58,11.35,42.92,0.0,0.0,48.74,LOW_TEMP_ALERT
56.2,14.8,32.72,15.08,38.17,157285.8,5.51,53.24,OK
16.28,24.35,44.22,22.63,57.67,138931.99,4.18,17.04,WATER
80.37,14.38,45.45,11.28,52.37,0.0,0.0,81.14,LOW_TEMP_ALERT
82.33,6.53,50.6,2.84,58.13,0.0,0.0,74.97,LOW_TEMP_ALERT
52.26,41.39,48.31,40.16,72.53,157285.8,4.48,57.55,VENTILATE
53.88,30.14,78.28,29.69,75.26,157285.8,5.75,50.38,OK
57.78,6.4,64.13,5.42,77.75,157285.8,5.21,89.68,WATER
31.14,18.78,52.89,15.55,73.58,0.0,0.0,35.97,NOT_ABLE_TO_WATER
41.06,32.81,63.6,32.5,62.22,157285.8,5.59,42.89,OK
17.7,21.15,68.48,21.25,82.83,9452.27,0.73,15.35,NOT_ABLE_TO_WATER
86.62,43.24,55.69,38.79,78.52,0.0,0.0,80.87,NOT_ABLE_TO_VENTILATE
55.74,31.96,63.34,31.79,65.14,157285.8,3.98,41.2,OK
81.98,27.79,75.72,27.79,70.58,0.0,0.0,17.78,FUNGI_ALERT_EXCESS_WATER
34.55,17.41,71.93,14.88,80.34,26697.14,0.39,34.98,NOT_ABLE_TO_WATER
42.35,39.46,43.9,37.92,47.33,157285.8,4.86,38.33,VENTILATE
14.24,11.42,16.53,12.89,27.85,157285.8,5.91,15.05,WATER
60.61,28.11,23.12,26.48,28.36,0.0,0.0,67.04,OK
45.02,17.56,18.44,19.22,29.36,6139.69,0.0,41.95,LOW_LIGHT
83.04,15.97,30.63,11.91,34.71,157285.8,0.11,79.37,LOW_TEMP_ALERT
67.57,34.54,17.17,35.06,8.69,0.0,0.0,69.88,OK
69.51,28.92,55.21,29.41,64.83,19765.97,0.55,71.58,OK
29.24,21.03,64.31,22.54,70.0,0.0,0.0,85.16,NOT_ABLE_TO_WATER
83.11,24.61,94.55,24.08,90.37,0.0,0.0,48.22,FUNGI_ALERT_EXCESS_WATER
54.49,16.81,89.94,14.09,94.76,0.0,0.0,71.31,NOT_ABLE_TO_WATER
23.17,33.58,70.32,33.18,80.19,157285.8,5.42,12.16,WATER
52.42,38.85,93.56,39.56,95.33,1186.95,0.46,47.39,NOT_ABLE_TO_VENTILATE
91.27,18.92,71.96,18.56,76.39,157285.8,6.57,86.4,OK
99.89,17.4,17.16,16.23,22.47,1413.84,0.0,14.72,EXCESS_WATER
64.32,30.73,72.87,29.59,84.27,0.0,0.0,55.56,OK
27.07,12.77,74.98,5.27,67.65,0.0,0.0,24.08,NOT_ABLE_TO_WATER
81.89,41.84,94.98,38.92,97.46,0.0,0.0,35.6,FUNGI_ALERT_EXCESS_WATER
80.17,22.37,53.66,20.75,74.56,138831.68,5.07,73.85,OK
67.36,35.6,80.55,32.52,85.06,144498.28,4.55,66.18,OK
42.32,27.33,49.61,25.02,54.86,24609.13,0.81,45.05,OK
36.11,35.62,59.61,30.98,67.57,157285.8,5.78,34.67,WATER
72.05,17.18,89.79,16.73,85.98,80609.16,3.24,38.1,FUNGI_ALERT_EXCESS_WATER
30.07,32.72,34.25,32.29,36.07,0.0,0.0,29.36,NOT_ABLE_TO_WATER
37.75,17.52,58.52,15.37,65.05,5906.9,0.2,24.66,NOT_ABLE_TO_WATER
91.68,11.97,37.26,11.03,40.55,3479.03,0.04,42.8,EXCESS_WATER
55.55,40.73,85.61,35.68,93.23,0.0,0.0,50.57,NOT_ABLE_TO_VENTILATE
12.98,44.1,33.05,42.4,41.53,7277.92,0.0,14.91,NOT_ABLE_TO_WATER
58.28,15.13,17.31,12.2,23.05,46845.43,1.43,59.36,LOW_TEMP_ALERT
66.75,31.46,23.46,29.28,18.78,157285.8,5.8,40.47,EXCESS_WATER
75.31,37.13,52.53,34.64,55.04,157285.8,5.41,14.02,EXCESS_WATER
42.88,38.47,91.92,32.56,100.0,0.0,0.0,27.53,FUNGI_ALERT_EXCESS_WATER
49.73,6.52,22.64,6.54,31.68,0.0,0.0,52.3,LOW_TEMP_ALERT
69.3,38.96,82.43,37.42,91.13,146779.0,0.02,68.5,NOT_ABLE_TO_VENTILATE
84.58,9.11,36.5,6.14,46.08,0.0,0.0,14.56,FUNGI_ALERT_EXCESS_WATER
67.44,38.03,39.57,36.13,43.8,0.0,0.0,53.2,NOT_ABLE_TO_VENTILATE
55.1,37.11,41.32,37.99,49.62,88553.65,3.2,52.79,VENTILATE
38.8,39.32,31.75,37.65,34.27,0.0,0.0,37.07,NOT_ABLE_TO_WATER
49.55,28.42,69.33,24.72,73.96,157285.8,4.43,47.79,OK
14.97,26.1,20.29,23.94,28.74,0.0,0.0,58.53,NOT_ABLE_TO_WATER
78.72,5.28,54.3,3.01,50.99,157285.8,5.3,81.86,LOW_TEMP_ALERT
20.85,8.97,93.76,7.42,100.0,157285.8,5.7,19.74,WATER
7.06,38.83,62.86,36.88,79.49,9062.48,0.82,66.43,NOT_ABLE_TO_WATER
17.73,27.99,73.41,27.54,74.39,1739.33,0.0,11.01,NOT_ABLE_TO_WATER
55.34,14.35,32.5,14.19,26.31,6623.47,0.47,69.92,LOW_TEMP_ALERT
45.64,28.44,91.53,27.78,99.8,48427.24,1.31,49.82,OK
98.98,16.53,43.06,15.06,36.78,0.0,0.0,90.53,OK
76.63,32.54,39.04,27.36,47.77,36129.46,0.89,41.81,EXCESS_WATER
2.21,35.74,21.16,33.86,18.5,118969.81,3.64,92.18,WATER
5.9,42.74,91.51,42.53,83.15,157285.8,4.87,54.71,WATER
29.7,33.57,34.67,34.88,39.57,0.0,0.0,32.36,NOT_ABLE_TO_WATER
76.86,30.84,48.82,27.6,53.92,7179.31,0.52,73.37,LOW_LIGHT
90.6,38.96,84.6,39.73,100.0,157285.8,4.5,94.01,VENTILATE
33.57,9.26,65.83,8.32,70.17,1003.01,0.81,36.91,NOT_ABLE_TO_WATER
21.03,18.56,36.63,17.03,53.0,8718.32,0.0,70.17,NOT_ABLE_TO_WATER
92.58,23.37,54.0,22.65,53.12,0.0,0.0,92.68,OK
69.18,9.65,39.15,7.36,nan,347.43,0.35,70.96,INSUFFICIENT_DATA
97.45,24.45,82.88,22.5,84.29,0.0,0.0,60.8,FUNGI_ALERT_EXCESS_WATER
62.33,22.43,77.1,18.71,78.05,117858.83,0.01,58.2,OK
95.1,31.8,48.39,27.77,55.32,12912.54,0.0,53.12,EXCESS_WATER
39.18,nan,89.92,31.94,90.38,0.0,0.0,79.85,INSUFFICIENT_DATA
56.21,16.05,74.92,13.47,77.81,0.0,0.0,56.81,LOW_TEMP_ALERT
63.52,19.87,40.1,17.86,56.18,17802.03,1.07,61.79,OK
93.99,44.29,43.92,43.91,41.6,157285.8,4.87,17.59,EXCESS_WATER
91.99,24.83,88.84,24.04,100.0,0.0,0.0,92.92,OK
85.86,20.85,92.02,18.07,99.43,157285.8,5.27,25.35,FUNGI_ALERT_EXCESS_WATER
8.1,22.1,85.27,23.16,93.83,157285.8,6.0,15.56,WATER
96.56,32.92,78.22,32.5,73.72,3378.24,nan,89.03,INSUFFICIENT_DATA
56.78,26.56,33.36,28.18,17.9,0.0,0.0,47.97,OK
85.78,20.25,59.15,19.47,69.77,81323.86,3.66,54.79,EXCESS_WATER
54.67,34.07,43.14,36.85,45.66,157285.8,6.49,35.66,EXCESS_WATER
32.99,29.37,18.89,28.9,26.64,157285.8,5.28,36.39,WATER
60.96,43.51,69.71,44.21,72.0,0.0,0.0,10.46,FUNGI_ALERT_EXCESS_WATER
77.61,5.57,42.88,0.79,38.05,0.0,0.0,24.27,FUNGI_ALERT_EXCESS_WATER
60.68,14.26,68.66,14.32,79.61,6496.53,0.05,52.75,LOW_TEMP_ALERT
24.94,8.7,50.03,11.47,62.29,8419.64,0.0,24.8,NOT_ABLE_TO_WATER
49.06,7.27,27.77,5.27,32.75,157285.8,4.94,15.9,EXCESS_WATER
48.89,42.31,43.07,41.14,60.41,0.0,0.0,44.35,NOT_ABLE_TO_VENTILATE
32.45,21.54,23.85,17.53,18.32,0.0,0.0,15.3,NOT_ABLE_TO_WATER
19.06,39.98,31.15,35.84,39.8,8239.28,0.6,47.76,NOT_ABLE_TO_WATER
42.27,43.89,78.44,41.51,81.05,157285.8,4.51,45.84,VENTILATE
87.11,14.48,74.96,12.93,59.47,0.0,0.0,41.69,FUNGI_ALERT_EXCESS_WATER
62.78,9.54,92.53,10.28,82.65,80476.48,3.14,66.18,LOW_TEMP_ALERT
44.92,22.7,54.37,20.72,60.59,157285.8,4.87,52.97,OK
51.95,31.09,45.64,26.27,41.99,0.0,0.0,48.92,OK
81.57,12.16,62.54,6.79,59.16,157285.8,5.23,72.61,LOW_TEMP_ALERT
90.2,13.8,43.13,13.3,33.19,0.0,0.0,90.53,LOW_TEMP_ALERT
9.7,43.22,37.31,44.92,35.34,37363.24,0.78,14.27,NOT_ABLE_TO_WATER
25.99,26.67,68.29,24.99,74.52,0.0,0.0,24.95,NOT_ABLE_TO_WATER
11.16,11.75,90.78,9.84,91.12,0.0,0.0,9.8,NOT_ABLE_TO_WATER
49.16,12.84,84.4,9.49,95.78,157285.8,4.66,49.99,LOW_TEMP_ALERT
88.47,24.97,79.53,23.35,87.95,0.0,0.0,29.99,FUNGI_ALERT_EXCESS_WATER
39.36,37.19,34.85,33.34,52.0,54954.22,1.55,41.96,NOT_ABLE_TO_WATER
80.6,8.2,75.81,9.51,73.57,32019.85,1.42,12.02,FUNGI_ALERT_EXCESS_WATER
57.71,33.28,37.4,34.07,40.51,0.0,0.0,56.63,OK
8.56,25.45,71.81,25.55,65.33,157285.8,4.74,12.27,WATER
61.63,40.02,23.17,38.88,41.19,157285.8,5.59,81.62,WATER
64.2,15.88,81.43,15.26,100.0,157285.8,4.67,68.82,OK
18.68,7.33,56.51,4.37,50.85,0.0,0.0,38.38,NOT_ABLE_TO_WATER
27.65,32.03,83.03,nan,80.58,157285.8,4.4,29.48,INSUFFICIENT_DATA
75.34,10.45,37.48,8.3,46.84,41956.22,1.35,72.56,LOW_TEMP_ALERT
46.57,23.84,65.42,21.04,67.95,8039.0,0.08,82.9,NOT_ABLE_TO_WATER
37.84,34.58,48.95,34.11,59.59,128070.54,4.41,44.58,WATER
12.19,24.43,87.26,24.86,82.47,157285.8,5.04,64.69,WATER
34.83,41.16,89.85,35.7,94.46,17299.88,0.79,34.49,NOT_ABLE_TO_WATER
81.9,43.32,62.42,42.21,68.84,0.0,0.0,84.69,NOT_ABLE_TO_VENTILATE
nan,33.84,25.24,31.68,19.49,0.0,0.0,42.0,INSUFFICIENT_DATA
87.57,18.97,64.08,15.42,68.67,99106.46,3.11,88.21,OK
75.16,31.35,21.89,29.13,26.08,157285.8,5.87,82.98,OK
83.45,20.53,92.65,22.43,92.08,110433.29,3.54,83.25,OK
91.6,42.43,24.1,42.54,20.44,157285.8,5.66,92.24,HYDRIC_STRESS_ALERT
71.09,10.95,23.41,8.96,29.44,157285.8,4.65,44.6,EXCESS_WATER
69.99,13.72,59.28,13.22,63.06,31918.34,0.98,72.93,LOW_TEMP_ALERT
nan,30.08,71.53,30.71,82.6,0.0,0.0,28.94,INSUFFICIENT_DATA
64.44,20.3,71.89,17.19,81.54,55448.61,1.81,64.62,OK
15.05,8.83,32.88,5.54,51.19,27111.7,1.54,73.37,NOT_ABLE_TO_WATER
8.31,33.47,80.55,33.09,81.93,157285.8,4.7,9.94,WATER
22.7,34.97,30.84,33.93,40.5,146647.77,4.27,85.99,WATER
35.92,34.07,83.18,28.4,84.81,0.0,0.0,39.41,NOT_ABLE_TO_WATER
43.17,16.42,15.69,15.5,41.01,0.0,0.0,49.27,OK
69.88,27.27,90.26,25.12,88.06,0.0,0.0,86.74,NOT_ABLE_TO_WATER
48.21,38.34,62.32,39.89,63.11,nan,0.0,59.68,INSUFFICIENT_DATA
67.32,29.13,24.88,28.56,44.91,157285.8,5.84,64.87,OK
28.86,15.9,79.58,12.61,87.92,157285.8,5.84,35.73,WATER
14.91,11.98,47.34,10.64,54.35,157285.8,5.36,25.13,WATER
72.67,35.86,23.17,35.25,21.07,157285.8,4.89,65.19,OK
65.71,27.11,34.2,22.79,34.18,157285.8,4.43,62.84,OK
28.01,38.59,48.52,34.5,50.78,157285.8,4.4,27.29,WATER
8.63,14.33,36.71,12.74,50.86,0.0,0.0,10.61,NOT_ABLE_TO_WATER
47.55,39.05,55.92,37.63,70.89,43720.91,1.47,59.73,NOT_ABLE_TO_VENTILATE
72.37,20.86,74.6,15.33,88.07,6650.92,0.48,74.43,LOW_LIGHT
23.16,13.44,57.99,11.75,73.63,8666.9,0.06,22.96,NOT_ABLE_TO_WATER
78.9,27.03,59.92,26.39,65.37,42623.4,1.17,72.35,OK
83.1,44.82,72.91,41.47,94.03,17065.63,1.05,90.42,NOT_ABLE_TO_VENTILATE
80.33,26.75,61.05,25.76,61.61,0.0,0.0,27.23,FUNGI_ALERT_EXCESS_WATER
5.02,44.66,86.86,40.87,92.27,7941.92,0.0,32.89,NOT_ABLE_TO_WATER
18.28,14.78,48.96,11.73,47.74,157285.8,5.2,16.06,WATER
50.09,10.55,57.09,7.91,61.64,0.0,0.0,47.57,LOW_TEMP_ALERT
79.54,8.62,83.9,3.09,97.82,40522.37,2.55,76.59,LOW_TEMP_ALERT
30.93,15.73,24.83,nan,31.08,0.0,0.0,27.08,INSUFFICIENT_DATA
60.04,10.23,44.89,3.07,46.87,48968.46,1.36,65.91,LOW_TEMP_ALERT
79.72,28.41,18.66,28.48,19.16,157285.8,0.14,80.29,OK
13.83,42.19,62.2,40.57,64.32,8625.83,0.0,87.28,NOT_ABLE_TO_WATER
49.93,44.46,29.69,44.89,23.98,0.0,0.0,57.87,HYDRIC_STRESS_ALERT
49.25,13.68,57.25,11.12,81.82,125111.28,4.17,58.62,LOW_TEMP_ALERT
60.0,5.41,38.89,4.63,46.59,7713.75,0.79,14.81,EXCESS_WATER
32.95,24.92,16.17,21.87,17.55,0.0,0.0,37.91,NOT_ABLE_TO_WATER
96.1,26.35,58.79,27.14,63.63,0.0,0.0,89.98,OK
86.16,16.01,52.95,16.28,60.71,12489.42,0.04,81.03,OK
92.61,22.75,55.29,nan,68.87,0.0,0.0,91.06,INSUFFICIENT_DATA
96.73,nan,38.5,11.27,48.87,8657.77,0.24,93.36,INSUFFICIENT_DATA
36.73,17.91,75.72,14.88,73.94,157285.8,5.84,25.11,WATER
63.59,43.74,78.78,41.21,83.34,365.86,0.33,58.14,NOT_ABLE_TO_VENTILATE
41.96,28.97,44.94,25.39,62.0,6732.63,0.67,34.59,LOW_LIGHT
87.53,32.69,33.69,27.9,32.96,0.0,0.0,88.96,OK
45.18,31.1,90.3,27.76,98.33,3723.97,0.0,44.22,LOW_LIGHT
63.77,17.66,74.76,15.59,70.82,142161.55,4.8,64.21,OK
55.88,31.91,69.41,30.9,76.92,157285.8,5.07,55.06,OK
78.6,39.85,40.81,36.41,35.82,59091.24,2.53,30.79,EXCESS_WATER
54.39,22.53,33.96,21.47,38.57,157285.8,5.19,52.96,OK
85.33,41.51,41.04,38.97,51.14,0.0,0.0,29.85,FUNGI_ALERT_EXCESS_WATER
36.64,32.27,27.3,30.99,16.16,3904.75,0.12,39.38,NOT_ABLE_TO_WATER
62.61,39.67,70.08,33.8,77.17,157285.8,0.09,57.31,OK
1.59,33.06,39.7,32.07,41.09,0.0,0.0,54.17,NOT_ABLE_TO_WATER
16.48,18.48,18.06,17.62,21.38,39436.54,1.22,18.49,NOT_ABLE_TO_WATER
59.73,30.96,48.24,26.23,53.15,48753.08,1.73,89.09,NOT_ABLE_TO_WATER
8.88,28.14,76.62,26.33,91.35,157285.8,5.78,17.21,WATER
69.54,38.03,89.76,37.64,88.27,113583.42,4.36,67.06,VENTILATE
27.72,41.41,49.29,41.67,59.54,157285.8,5.55,28.11,WATER
74.79,27.11,83.4,26.35,83.94,3635.79,0.82,43.73,FUNGI_ALERT_EXCESS_WATER
18.21,44.96,90.23,41.58,100.0,0.0,0.0,21.02,NOT_ABLE_TO_WATER
40.58,38.7,18.4,39.51,14.23,147012.77,6.16,48.8,VENTILATE
84.94,5.9,75.93,3.77,85.11,157285.8,5.19,17.64,FUNGI_ALERT_EXCESS_WATER
27.07,13.06,21.19,12.41,23.97,136667.34,4.05,34.65,WATER
23.33,8.87,56.0,8.51,69.05,0.0,0.0,65.65,NOT_ABLE_TO_WATER
81.15,44.62,28.65,39.84,39.18,157285.8,6.03,89.26,HYDRIC_STRESS_ALERT
43.31,9.61,87.36,10.45,91.05,48554.62,1.65,76.44,NOT_ABLE_TO_WATER
30.53,35.81,18.5,34.14,22.09,1801.88,0.0,34.97,NOT_ABLE_TO_WATER
73.98,26.29,48.05,28.98,45.65,0.0,0.0,70.98,OK
69.72,36.54,30.17,36.96,32.55,0.0,0.0,68.45,NOT_ABLE_TO_VENTILATE
26.13,38.97,52.5,38.05,50.83,157285.8,5.29,25.61,WATER
46.53,34.21,48.35,33.87,53.9,157285.8,6.24,38.08,OK
0.44,16.12,19.97,14.85,10.56,36447.03,0.86,83.5,NOT_ABLE_TO_WATER
27.71,26.22,89.64,24.85,98.84,157285.8,4.65,16.52,WATER
24.64,5.51,64.63,4.16,66.55,0.0,0.0,32.18,NOT_ABLE_TO_WATER
27.85,10.63,74.72,10.57,79.89,39553.09,2.41,63.56,WATER
38.21,16.88,27.09,19.04,39.28,74997.25,2.92,33.48,WATER
68.35,33.17,82.08,31.21,100.0,56806.11,0.14,36.02,FUNGI_ALERT_EXCESS_WATER
89.33,20.79,54.34,19.23,59.27,32045.38,0.98,83.48,OK
40.7,26.24,23.07,25.53,19.97,65170.6,2.02,37.74,OK
25.72,29.74,79.85,30.12,83.99,157285.8,4.63,27.49,WATER
80.59,6.76,23.51,6.37,23.49,0.0,0.0,85.23,LOW_TEMP_ALERT
57.45,18.82,31.96,16.84,48.07,3685.02,0.36,50.74,LOW_LIGHT
50.7,20.43,36.15,18.36,50.4,0.0,0.0,48.95,OK
70.81,6.5,69.22,8.82,61.76,157285.8,4.04,60.8,LOW_TEMP_ALERT
94.81,23.32,33.11,20.93,29.56,157285.8,4.25,59.42,EXCESS_WATER
42.97,23.54,78.58,25.67,93.55,154194.94,5.94,48.82,OK
49.31,16.18,80.96,10.93,66.43,53952.2,1.9,42.55,LOW_TEMP_ALERT
68.85,41.33,49.13,40.02,56.51,99404.02,4.23,12.43,EXCESS_WATER
44.3,26.29,67.91,23.33,69.79,1710.65,0.0,47.93,LOW_LIGHT
26.19,42.09,80.61,41.08,84.61,0.0,0.0,14.22,NOT_ABLE_TO_WATER
92.58,24.02,85.23,22.5,86.26,0.0,0.0,80.72,OK
69.91,19.55,45.54,14.68,42.5,157285.8,5.27,74.39,LOW_TEMP_ALERT
30.9,20.0,33.1,16.05,43.53,23341.11,0.37,25.29,NOT_ABLE_TO_WATER
66.44,42.04,39.73,38.01,58.83,3967.5,0.0,59.16,NOT_ABLE_TO_VENTILATE
62.04,33.85,85.64,30.23,95.4,0.0,0.0,65.97,OK
83.7,22.31,61.73,17.49,65.77,82178.1,2.91,86.64,OK
44.53,39.36,15.8,37.12,17.75,157285.8,5.38,79.87,WATER
63.7,29.75,60.38,31.13,54.45,157285.8,5.24,53.53,OK
42.16,35.44,70.84,35.2,82.41,0.0,0.0,47.89,OK
49.63,16.45,64.35,15.6,71.0,157285.8,4.83,40.07,OK
76.9,41.15,53.98,40.39,71.71,0.0,0.0,77.49,NOT_ABLE_TO_VENTILATE
40.96,35.34,65.31,33.5,67.32,48786.49,1.55,43.14,OK
89.41,14.05,70.31,12.26,76.65,157285.8,6.31,42.84,FUNGI_ALERT_EXCESS_WATER
16.05,38.31,15.6,36.32,9.8,0.0,0.0,14.8,NOT_ABLE_TO_WATER
96.13,7.73,19.2,10.27,35.44,0.0,0.0,92.83,LOW_TEMP_ALERT
8.6,8.57,33.99,7.1,33.15,1866.28,0.0,12.21,NOT_ABLE_TO_WATER
52.29,10.31,29.65,10.1,40.33,9132.83,0.32,45.22,LOW_TEMP_ALERT
31.82,29.63,28.91,28.49,53.81,0.0,0.0,66.93,NOT_ABLE_TO_WATER
3.7,32.38,54.65,32.11,67.28,66450.77,2.27,12.05,WATER
6.52,17.84,61.72,13.27,58.86,0.0,0.0,26.97,NOT_ABLE_TO_WATER
71.57,6.11,72.89,2.1,75.21,0.0,0.0,80.23,LOW_TEMP_ALERT
16.13,25.39,72.93,21.96,63.82,157285.8,5.38,25.88,WATER
21.78,41.23,27.0,37.48,34.32,44992.44,1.5,68.14,NOT_ABLE_TO_WATER
39.1,33.07,51.5,30.35,43.93,148941.28,0.13,40.01,NOT_ABLE_TO_WATER
26.24,40.49,30.91,38.83,31.45,157285.8,5.14,28.0,WATER
52.35,32.14,85.52,30.68,94.37,32103.36,1.56,52.11,OK
nan,36.22,75.2,37.07,89.81,52636.07,1.51,72.69,INSUFFICIENT_DATA
64.92,7.52,79.61,7.19,66.97,0.0,0.0,43.88,FUNGI_ALERT_EXCESS_WATER
52.07,14.46,80.47,10.63,73.61,157285.8,4.7,67.02,LOW_TEMP_ALERT
51.62,17.38,80.19,16.32,92.98,42512.69,2.04,52.43,OK
96.43,18.98,41.41,17.01,51.38,0.0,0.0,69.78,FUNGI_ALERT_EXCESS_WATER
41.11,14.02,54.57,13.35,58.4,157285.8,4.76,46.68,LOW_TEMP_ALERT
87.54,25.86,68.14,24.31,79.83,157285.8,5.19,91.61,OK
14.52,37.89,33.99,37.04,54.86,0.0,0.0,22.87,NOT_ABLE_TO_WATER
98.55,33.91,27.23,30.36,40.62,0.0,0.0,21.64,FUNGI_ALERT_EXCESS_WATER
64.7,23.1,65.1,20.04,83.83,157285.8,5.74,64.28,OK
4.51,20.15,51.06,18.15,63.67,157285.8,3.52,23.44,WATER
20.41,36.0,76.71,30.67,77.04,26928.13,0.93,25.8,NOT_ABLE_TO_WATER
34.98,23.48,33.12,23.12,47.03,1563.8,0.61,29.17,NOT_ABLE_TO_WATER
0.43,43.61,35.64,40.11,37.88,44099.09,1.03,94.36,NOT_ABLE_TO_WATER
24.92,21.78,16.04,18.61,34.74,157285.8,5.77,40.35,WATER
26.21,20.3,27.45,21.51,26.26,0.0,0.0,49.26,NOT_ABLE_TO_WATER
30.02,34.05,93.85,33.77,98.66,0.0,0.0,42.55,NOT_ABLE_TO_WATER
68.02,29.44,60.68,28.43,87.4,5844.19,0.57,76.86,LOW_LIGHT
40.0,44.41,45.28,41.24,58.43,0.0,0.0,28.85,NOT_ABLE_TO_VENTILATE
46.04,34.93,46.58,32.92,47.55,157285.8,5.52,80.88,WATER
89.93,22.75,74.29,21.41,72.55,157285.8,5.17,85.83,OK
73.97,28.9,31.72,26.21,43.6,157285.8,5.47,75.36,OK
53.5,34.58,40.0,33.74,58.79,0.0,0.0,34.68,FUNGI_ALERT_EXCESS_WATER
78.98,19.51,66.25,17.23,73.55,157285.8,5.24,32.92,EXCESS_WATER
77.22,12.74,73.18,8.74,82.71,132693.68,4.55,78.8,LOW_TEMP_ALERT
64.14,24.49,32.29,24.68,32.59,0.0,0.0,72.48,OK
29.87,20.03,94.82,17.64,100.0,1073.76,0.0,30.93,NOT_ABLE_TO_WATER
6.71,23.41,71.22,23.93,77.6,4596.72,0.52,12.96,NOT_ABLE_TO_WATER
34.31,30.48,43.67,31.18,45.38,26304.5,0.99,34.89,NOT_ABLE_TO_WATER
47.49,23.98,48.12,24.78,67.08,153287.02,4.95,49.44,OK
65.11,16.63,28.54,19.29,39.47,157285.8,5.19,12.01,EXCESS_WATER
73.48,6.24,23.6,2.71,24.54,0.0,0.0,55.69,FUNGI_ALERT_EXCESS_WATER
30.85,42.01,32.96,40.19,36.53,157285.8,3.91,93.27,WATER
1.3,12.83,17.81,9.03,20.97,157285.8,6.06,19.08,WATER
3.06,19.4,28.99,14.16,48.84,17444.7,0.36,31.81,NOT_ABLE_TO_WATER
36.13,27.67,61.63,22.88,75.41,0.0,0.0,36.94,NOT_ABLE_TO_WATER
73.56,14.03,82.76,11.54,100.0,0.0,0.0,57.38,FUNGI_ALERT_EXCESS_WATER
53.38,35.51,27.32,36.45,36.77,0.0,0.0,62.13,NOT_ABLE_TO_VENTILATE
84.02,11.54,20.42,7.51,14.69,157285.8,5.91,79.33,LOW_TEMP_ALERT
29.56,14.01,81.41,10.93,93.94,0.0,0.0,64.39,NOT_ABLE_TO_WATER
41.65,16.49,62.97,14.74,64.87,24680.74,0.45,41.31,LOW_TEMP_ALERT
44.4,30.37,62.48,28.92,71.21,89741.37,3.35,35.1,OK
1.5,6.39,82.81,5.03,73.78,0.0,0.0,74.04,NOT_ABLE_TO_WATER
14.51,28.06,29.24,29.57,32.5,0.0,0.0,92.23,NOT_ABLE_TO_WATER
29.69,8.53,49.13,7.49,41.6,157285.8,5.43,53.45,WATER
38.28,41.69,72.13,38.89,44.1,154851.51,0.13,37.5,NOT_ABLE_TO_WATER
32.84,34.97,27.67,32.87,34.44,7686.07,0.0,23.54,NOT_ABLE_TO_WATER
32.06,38.77,85.74,36.04,82.38,0.0,0.0,31.32,NOT_ABLE_TO_WATER
14.7,17.26,30.85,16.5,31.21,734.21,0.08,14.81,NOT_ABLE_TO_WATER
63.28,10.53,18.48,8.51,23.2,2603.92,0.0,67.73,LOW_TEMP_ALERT
45.04,44.81,45.21,42.71,47.3,157285.8,4.86,41.5,VENTILATE
82.27,9.44,62.71,10.31,58.17,49894.52,1.15,82.88,LOW_TEMP_ALERT
43.83,37.91,43.44,38.81,55.9,17248.52,0.56,10.9,EXCESS_WATER
44.03,43.09,38.72,43.74,41.22,157285.8,6.11,43.78,VENTILATE
35.86,37.5,42.36,36.76,53.83,6218.86,0.26,73.57,NOT_ABLE_TO_WATER
84.86,5.5,67.52,4.82,68.01,157285.8,0.0,87.83,LOW_TEMP_ALERT
60.52,23.78,17.71,22.72,29.55,0.0,0.0,59.81,OK
9.38,12.52,31.35,9.86,34.84,157285.8,4.46,26.95,WATER
32.45,27.33,72.52,24.21,89.89,157285.8,4.76,86.9,WATER
36.7,22.17,50.19,23.19,68.41,157285.8,0.12,13.65,NOT_ABLE_TO_WATER
56.89,23.24,41.47,20.27,43.98,9004.0,0.0,60.85,LOW_LIGHT
30.98,17.18,63.92,14.48,69.22,14012.92,0.43,39.35,NOT_ABLE_TO_WATER
22.58,37.37,16.69,34.62,20.08,0.0,0.0,24.62,NOT_ABLE_TO_WATER
96.64,22.97,66.64,18.76,68.09,157285.8,4.49,72.02,EXCESS_WATER
36.97,30.99,15.79,28.13,0.0,0.0,0.0,28.39,NOT_ABLE_TO_WATER
77.31,6.02,85.75,6.94,89.68,0.0,0.0,78.69,LOW_TEMP_ALERT
46.08,36.54,56.87,31.96,63.35,0.0,0.0,44.98,OK
28.22,19.66,46.88,21.01,39.4,0.0,0.0,90.58,NOT_ABLE_TO_WATER
28.3,27.62,22.44,29.13,35.35,0.0,0.0,28.59,NOT_ABLE_TO_WATER
73.96,39.51,15.49,37.43,20.1,157285.8,6.57,38.85,EXCESS_WATER
76.55,29.03,43.79,31.22,28.49,157285.8,4.45,80.12,OK
94.47,41.09,46.77,38.78,52.57,0.0,0.0,83.98,NOT_ABLE_TO_VENTILATE
77.05,31.82,91.35,30.87,92.93,0.0,0.0,70.8,OK
4.35,34.02,53.07,31.9,64.95,64333.46,2.42,21.62,WATER
83.43,29.26,52.37,26.39,61.5,31094.83,0.02,87.97,OK
26.55,29.46,30.42,29.9,36.45,0.0,0.0,62.36,NOT_ABLE_TO_WATER
94.86,31.05,38.75,31.7,42.82,0.0,0.0,93.58,OK
46.02,18.68,55.68,15.87,65.38,0.0,0.0,77.76,NOT_ABLE_TO_WATER
54.09,44.39,23.65,43.48,31.45,61880.82,2.58,70.95,WATER
60.73,27.33,71.57,23.75,81.38,0.0,0.0,63.59,OK
74.81,40.26,74.92,39.03,87.64,5341.71,0.0,85.66,NOT_ABLE_TO_VENTILATE
25.67,9.07,54.76,5.95,59.82,157285.8,5.51,79.9,WATER
38.29,28.18,40.44,33.04,51.6,54359.74,1.99,37.87,NOT_ABLE_TO_WATER
69.87,30.52,92.52,29.72,98.5,0.0,0.0,83.41,OK
3.12,31.98,25.73,32.52,33.71,13569.96,0.46,45.04,NOT_ABLE_TO_WATER
38.14,25.71,94.99,21.49,97.31,157285.8,5.98,29.61,WATER
6.86,36.65,80.9,34.55,89.8,114008.73,3.98,24.53,WATER
87.96,32.43,79.55,30.38,83.63,2575.14,0.02,46.12,FUNGI_ALERT_EXCESS_WATER
49.68,33.07,56.32,32.18,67.56,0.0,0.0,24.61,FUNGI_ALERT_EXCESS_WATER
29.36,37.98,90.87,39.85,99.03,0.0,0.0,26.06,NOT_ABLE_TO_WATER
80.72,10.17,28.29,7.85,30.59,5645.31,0.46,75.69,LOW_TEMP_ALERT
9.17,7.64,89.43,5.63,95.3,12974.18,0.68,16.8,NOT_ABLE_TO_WATER
21.72,30.55,21.13,29.51,23.45,157285.8,5.13,16.52,WATER
20.29,nan,42.6,17.0,43.34,44684.57,0.94,21.02,INSUFFICIENT_DATA
9.63,32.47,52.57,31.66,62.28,0.0,0.0,12.3,NOT_ABLE_TO_WATER
79.34,33.92,86.48,30.71,100.0,0.0,0.0,16.19,FUNGI_ALERT_EXCESS_WATER
59.65,31.96,73.6,31.89,63.32,0.0,0.0,54.4,OK
49.06,16.9,25.51,14.24,22.2,0.0,0.0,93.87,NOT_ABLE_TO_WATER
57.44,18.91,28.98,21.55,31.37,157285.8,5.55,55.36,OK
83.31,38.92,24.19,37.55,32.47,0.0,0.0,85.93,NOT_ABLE_TO_VENTILATE
31.13,34.72,55.81,31.91,69.49,0.0,0.0,36.3,NOT_ABLE_TO_WATER
16.41,15.23,72.3,16.23,71.84,157285.8,5.88,56.93,WATER
89.06,11.19,33.59,11.75,43.95,67306.45,2.38,86.2,LOW_TEMP_ALERT
97.85,18.73,61.87,16.42,65.83,0.0,0.0,15.17,FUNGI_ALERT_EXCESS_WATER
20.86,16.06,23.89,15.8,41.74,0.0,0.0,25.72,NOT_ABLE_TO_WATER
21.56,44.3,24.14,45.49,19.42,141074.79,4.75,21.08,WATER
20.43,38.64,49.43,36.65,59.66,157285.8,4.25,24.02,WATER
72.87,41.34,79.2,40.15,68.02,47847.57,1.38,40.56,FUNGI_ALERT_EXCESS_WATER
36.38,34.25,77.47,30.15,89.02,47569.0,1.82,26.67,NOT_ABLE_TO_WATER
18.63,23.16,59.6,20.69,76.62,157285.8,5.32,14.61,WATER
49.97,43.98,72.91,44.85,75.84,157285.8,6.08,45.68,VENTILATE
75.17,39.72,38.88,40.01,33.42,0.0,0.0,76.82,NOT_ABLE_TO_VENTILATE
8.53,43.68,16.06,42.96,27.68,41763.13,1.59,22.56,NOT_ABLE_TO_WATER
18.97,19.33,81.01,14.89,90.23,0.0,0.0,13.16,NOT_ABLE_TO_WATER
64.35,11.56,39.64,10.34,44.32,157285.8,5.43,48.43,EXCESS_WATER
34.39,29.54,44.54,30.16,33.56,0.0,0.0,23.77,NOT_ABLE_TO_WATER
76.15,7.18,56.6,5.14,62.02,82070.56,3.23,81.64,LOW_TEMP_ALERT
89.02,19.62,56.29,17.95,53.13,41158.44,1.19,31.0,EXCESS_WATER
19.13,7.89,75.38,3.43,71.8,0.0,0.0,17.19,NOT_ABLE_TO_WATER
77.01,20.73,84.21,19.04,99.35,38913.96,0.87,75.9,OK
83.0,30.61,85.18,27.31,81.78,0.0,0.0,78.0,OK
52.82,39.04,42.61,36.39,40.76,11760.64,0.37,55.16,NOT_ABLE_TO_VENTILATE
86.33,15.43,64.23,14.07,63.59,147047.58,3.85,57.2,EXCESS_WATER
94.57,27.21,32.86,24.92,43.78,157285.8,5.8,44.95,EXCESS_WATER
22.35,40.43,82.95,34.09,88.89,68525.92,1.97,22.97,NOT_ABLE_TO_WATER
17.58,15.33,61.14,13.88,58.43,2689.12,0.1,93.16,NOT_ABLE_TO_WATER
86.91,10.18,21.31,8.29,19.87,3555.44,0.0,86.52,LOW_TEMP_ALERT
89.55,44.43,70.56,39.42,94.15,37052.24,1.71,89.4,NOT_ABLE_TO_VENTILATE
45.23,10.86,33.58,9.7,30.06,0.0,0.0,44.61,LOW_TEMP_ALERT
83.18,31.61,30.88,30.9,35.36,157285.8,4.18,72.48,OK
63.05,11.74,35.68,9.42,29.63,19863.92,1.16,65.61,LOW_TEMP_ALERT
20.38,32.46,30.22,27.87,41.35,121526.11,4.34,22.85,WATER
91.13,19.83,49.8,17.56,53.24,0.0,0.0,91.27,OK
51.51,22.17,42.72,23.64,54.69,0.0,0.0,55.42,OK
44.85,34.51,43.71,32.61,42.45,0.0,0.0,47.29,OK
56.04,25.52,25.62,25.96,21.19,45136.55,1.52,93.17,NOT_ABLE_TO_WATER
74.91,14.58,35.64,15.06,34.31,73317.23,2.83,75.39,OK
51.22,9.04,36.34,8.12,26.95,0.0,0.0,52.41,LOW_TEMP_ALERT
70.55,33.02,56.98,31.3,77.51,6481.34,0.6,72.04,LOW_LIGHT
85.87,28.6,49.83,30.96,62.19,0.0,0.0,74.53,OK
80.6,43.38,93.69,38.77,100.0,0.0,0.0,79.78,NOT_ABLE_TO_VENTILATE
14.77,34.05,36.89,31.34,31.06,157285.8,4.33,72.37,WATER
44.17,39.72,27.09,39.86,29.3,0.0,0.0,25.65,FUNGI_ALERT_EXCESS_WATER
7.32,18.92,52.56,15.44,62.97,42347.43,1.87,71.17,NOT_ABLE_TO_WATER
60.71,7.0,24.81,4.39,30.7,29151.54,0.09,59.39,LOW_TEMP_ALERT
44.91,12.48,63.81,13.96,78.7,13464.2,0.95,80.96,NOT_ABLE_TO_WATER
80.22,19.28,15.27,18.11,36.94,0.0,0.0,75.89,OK
67.35,30.97,51.84,31.58,62.38,0.0,0.0,26.95,FUNGI_ALERT_EXCESS_WATER
65.81,23.09,73.45,22.33,68.57,73482.34,2.91,67.22,OK
59.69,42.79,79.63,41.77,93.38,147270.88,6.05,57.15,VENTILATE
49.07,24.14,82.39,21.4,100.0,0.0,0.0,48.89,OK
83.99,31.94,91.91,29.96,100.0,0.0,0.0,89.99,OK
67.63,15.83,76.37,15.59,85.4,674.22,0.12,21.61,FUNGI_ALERT_EXCESS_WATER
25.99,13.88,23.86,11.97,23.23,157285.8,5.06,42.8,WATER
59.78,23.31,47.05,20.96,46.35,0.0,0.0,58.49,OK
36.44,12.64,18.09,11.06,14.71,157285.8,5.01,40.61,WATER
36.46,41.12,50.73,39.43,49.25,4257.18,0.0,30.28,NOT_ABLE_TO_WATER
37.23,34.25,42.11,30.38,41.31,0.0,0.0,41.64,NOT_ABLE_TO_WATER
90.02,22.7,62.09,20.87,66.96,28692.76,1.08,93.49,OK
3.48,18.42,15.26,14.76,26.23,1585.63,0.09,9.91,NOT_ABLE_TO_WATER
56.15,36.14,33.26,34.92,32.61,0.0,0.0,52.93,OK
9.49,6.35,89.46,4.74,90.4,0.0,0.0,51.62,NOT_ABLE_TO_WATER
44.2,11.62,19.87,7.76,27.62,0.0,0.0,41.02,LOW_TEMP_ALERT
22.44,18.61,61.89,16.5,63.55,0.0,0.0,63.85,NOT_ABLE_TO_WATER
97.32,34.96,72.49,33.79,86.13,157285.8,4.56,90.28,OK
80.4,36.42,29.77,33.68,33.34,157285.8,5.58,87.31,OK
40.41,44.6,75.31,42.59,91.16,0.0,0.0,30.01,NOT_ABLE_TO_VENTILATE
67.16,32.48,27.88,26.79,30.54,157285.8,5.53,53.58,OK
90.38,28.07,91.52,25.92,100.0,157285.8,0.14,29.18,FUNGI_ALERT_EXCESS_WATER
91.58,20.94,47.84,15.57,57.45,157285.8,5.64,25.6,EXCESS_WATER
99.14,27.59,45.67,22.89,55.3,56758.76,2.27,65.39,EXCESS_WATER
39.96,42.7,72.5,39.78,74.81,0.0,0.0,39.67,NOT_ABLE_TO_WATER
1.38,26.41,23.86,29.02,21.73,0.0,0.0,42.06,NOT_ABLE_TO_WATER
79.29,26.67,56.43,22.39,61.79,0.0,0.0,82.44,OK
70.78,40.21,53.41,40.23,61.2,157285.8,4.82,75.33,VENTILATE
56.2,37.24,29.35,33.84,22.1,157285.8,6.22,56.2,OK
68.0,23.75,55.1,21.49,41.47,0.0,0.0,57.22,OK
26.19,11.08,48.19,11.85,45.57,43199.76,1.46,31.15,NOT_ABLE_TO_WATER
71.2,28.6,69.82,30.46,60.59,12797.44,0.14,68.32,OK
21.61,30.72,36.94,30.11,45.09,0.0,0.0,20.67,NOT_ABLE_TO_WATER
33.61,33.17,74.33,32.78,82.0,157285.8,5.18,36.26,WATER
46.11,9.13,42.3,8.38,38.78,30877.74,1.75,48.27,LOW_TEMP_ALERT
83.95,34.89,86.59,34.14,90.2,98805.83,1.96,50.87,FUNGI_ALERT_EXCESS_WATER
79.64,10.04,91.39,7.51,100.0,8014.79,0.51,42.3,FUNGI_ALERT_EXCESS_WATER
39.67,31.13,57.41,27.76,69.06,0.0,0.0,31.63,NOT_ABLE_TO_WATER
53.61,31.26,32.35,30.05,30.4,157285.8,0.0,44.13,OK
32.37,14.88,73.39,13.37,80.72,0.0,0.0,30.13,NOT_ABLE_TO_WATER
39.77,32.83,25.89,32.55,20.73,2147.7,0.11,78.66,NOT_ABLE_TO_WATER
92.77,43.34,80.85,45.35,71.89,0.0,0.0,88.46,NOT_ABLE_TO_VENTILATE
24.21,37.12,44.54,36.85,41.96,0.0,0.0,14.27,NOT_ABLE_TO_WATER
28.12,7.1,49.28,8.79,41.85,157285.8,4.79,21.11,WATER
78.56,6.68,88.45,8.44,88.1,0.0,0.0,16.91,FUNGI_ALERT_EXCESS_WATER
36.47,44.43,15.13,43.67,20.63,83328.59,2.51,33.76,WATER
56.28,28.59,16.95,26.47,21.76,6477.85,0.5,63.24,LOW_LIGHT
55.51,6.46,80.69,4.63,100.0,12286.06,0.45,62.06,LOW_TEMP_ALERT
32.67,9.47,55.91,4.31,56.48,0.0,0.0,36.35,NOT_ABLE_TO_WATER
40.02,33.95,82.68,33.72,77.56,0.0,0.0,72.64,NOT_ABLE_TO_WATER
6.83,18.89,87.97,14.66,97.63,157285.8,5.0,16.81,WATER
13.63,38.43,32.58,39.09,39.79,7659.92,0.02,15.4,NOT_ABLE_TO_WATER
13.68,18.28,53.06,15.53,52.01,157285.8,5.19,17.91,WATER
0.0,11.46,89.26,8.84,100.0,11920.63,0.43,11.58,NOT_ABLE_TO_WATER
2.24,6.03,87.78,8.71,94.14,157285.8,5.19,54.06,WATER
24.53,37.66,72.25,38.26,84.02,9679.2,0.0,33.7,NOT_ABLE_TO_WATER
84.07,18.39,37.51,16.64,52.78,0.0,0.0,92.48,OK
60.48,20.96,55.16,16.17,65.25,7774.67,0.86,62.11,LOW_LIGHT
46.19,6.06,80.67,8.22,95.07,0.0,0.0,38.84,LOW_TEMP_ALERT
74.43,18.68,67.66,14.32,54.3,0.0,0.0,77.06,LOW_TEMP_ALERT
92.96,36.44,40.84,36.36,34.68,20127.94,0.64,90.82,NOT_ABLE_TO_VENTILATE
66.28,33.5,18.61,31.66,12.25,157285.8,4.67,71.59,OK
76.0,5.05,45.12,0.06,50.25,2850.03,0.0,37.87,EXCESS_WATER
40.84,41.76,59.55,41.84,83.72,0.0,0.0,42.89,NOT_ABLE_TO_VENTILATE
69.37,34.42,48.6,30.06,58.24,29159.11,1.74,70.71,OK
54.14,37.64,59.07,33.59,73.23,157285.8,4.9,41.61,OK
59.86,40.2,90.8,37.76,100.0,147328.53,4.3,72.41,VENTILATE
21.35,24.15,62.98,22.8,51.96,105778.0,3.53,58.47,WATER
73.8,38.46,32.19,35.86,34.68,56722.62,1.37,72.9,OK
77.26,36.4,57.02,32.81,57.55,157285.8,4.79,11.97,EXCESS_WATER
91.81,42.62,18.66,42.46,27.61,157285.8,5.29,24.67,EXCESS_WATER
99.53,35.98,90.34,31.99,100.0,0.0,0.0,50.27,FUNGI_ALERT_EXCESS_WATER
63.54,20.96,72.96,24.48,68.73,0.0,0.0,75.15,OK
8.88,nan,76.82,26.7,87.3,34825.08,1.2,90.35,INSUFFICIENT_DATA
30.41,43.27,68.84,43.35,80.78,7074.03,0.21,35.41,NOT_ABLE_TO_WATER
62.66,7.47,15.23,5.96,13.51,47616.04,1.12,62.95,LOW_TEMP_ALERT
53.91,13.73,94.49,10.79,86.61,0.0,0.0,15.36,FUNGI_ALERT_EXCESS_WATER
52.55,15.71,65.49,16.71,88.35,102568.74,3.54,50.5,OK
14.03,14.11,80.08,9.97,90.2,0.0,0.0,15.26,NOT_ABLE_TO_WATER
14.49,29.07,57.54,30.57,62.94,157285.8,4.93,13.65,WATER
49.14,42.19,18.42,42.1,15.14,0.0,0.0,48.96,HYDRIC_STRESS_ALERT
85.71,26.89,84.4,21.57,88.67,157285.8,4.71,93.55,OK
36.71,38.27,66.31,34.4,77.96,9313.35,0.29,70.51,NOT_ABLE_TO_WATER
39.62,35.66,74.03,35.56,95.18,0.0,0.0,41.54,NOT_ABLE_TO_WATER
48.81,8.17,47.99,8.02,42.03,8537.02,0.47,46.26,LOW_TEMP_ALERT
43.28,36.87,65.13,37.28,58.98,157285.8,4.82,51.77,VENTILATE
65.13,27.89,29.94,27.14,33.88,0.0,0.0,92.52,NOT_ABLE_TO_WATER
53.07,31.14,75.3,29.59,79.46,10908.5,0.03,93.18,NOT_ABLE_TO_WATER
79.52,8.99,55.22,5.03,63.39,0.0,0.0,77.55,LOW_TEMP_ALERT
41.24,27.44,65.93,27.16,64.53,775.54,0.0,86.07,NOT_ABLE_TO_WATER
15.75,10.13,87.11,5.08,94.57,0.0,0.0,12.6,NOT_ABLE_TO_WATER
90.18,13.89,83.87,9.02,100.0,157285.8,0.05,21.25,FUNGI_ALERT_EXCESS_WATER
44.34,6.08,92.05,2.22,96.1,157285.8,5.27,45.48,LOW_TEMP_ALERT
69.82,38.96,52.59,38.78,53.42,0.0,0.0,74.08,NOT_ABLE_TO_VENTILATE
28.13,8.06,75.29,6.38,74.41,0.0,0.0,30.3,NOT_ABLE_TO_WATER
71.46,6.86,22.56,5.91,20.38,157285.8,5.94,64.57,LOW_TEMP_ALERT
15.34,11.81,85.52,9.56,89.99,0.0,0.0,82.68,NOT_ABLE_TO_WATER
39.62,32.61,89.45,33.48,86.08,157285.8,0.13,39.99,NOT_ABLE_TO_WATER
70.32,39.45,72.31,38.41,77.48,0.0,0.0,77.79,NOT_ABLE_TO_VENTILATE
97.81,6.71,45.77,5.42,48.17,8439.84,0.69,29.62,EXCESS_WATER
36.91,34.17,16.57,34.61,9.1,0.0,0.0,82.1,NOT_ABLE_TO_WATER
70.5,22.56,60.81,19.24,48.08,41022.65,1.54,74.11,OK
14.98,17.65,59.5,13.06,72.07,0.0,0.0,24.89,NOT_ABLE_TO_WATER
42.93,14.14,54.17,13.58,49.65,157285.8,5.53,70.35,WATER
97.98,7.66,37.35,5.14,44.17,369.59,0.63,93.28,LOW_TEMP_ALERT
92.9,35.31,70.14,35.48,82.25,157285.8,5.1,68.61,FUNGI_ALERT_EXCESS_WATER
95.9,8.77,54.39,7.08,53.32,88866.05,3.05,31.81,EXCESS_WATER
56.72,31.09,25.25,28.75,36.38,157285.8,4.94,60.36,OK
0.55,34.74,75.57,36.14,74.25,157285.8,6.09,59.0,WATER
53.32,24.52,82.11,23.94,85.78,nan,0.0,57.85,INSUFFICIENT_DATA
45.82,21.54,61.22,18.33,62.53,3807.62,0.0,13.68,EXCESS_WATER
83.97,25.68,60.87,24.48,91.06,0.0,0.0,81.37,OK
64.28,29.5,70.16,28.04,87.7,0.0,0.0,60.85,OK
96.48,34.16,41.1,33.08,50.26,0.0,0.0,90.33,OK
27.87,39.18,89.2,36.42,91.4,16910.8,0.3,35.78,NOT_ABLE_TO_WATER
80.49,7.13,45.82,5.9,35.13,8317.08,0.29,81.89,LOW_TEMP_ALERT
30.02,36.09,77.81,33.67,88.69,0.0,0.0,80.5,NOT_ABLE_TO_WATER
75.73,23.7,90.72,19.56,100.0,0.0,0.0,64.62,OK
38.81,16.1,78.37,15.23,96.59,157285.8,5.4,27.12,WATER
63.58,37.13,69.49,40.21,74.28,157285.8,4.52,20.54,EXCESS_WATER
19.0,31.99,93.33,26.95,94.16,0.0,0.0,66.08,NOT_ABLE_TO_WATER
86.62,13.64,56.21,12.63,72.65,157285.8,4.97,81.9,LOW_TEMP_ALERT
92.0,28.11,39.57,24.96,40.09,0.0,0.0,80.88,OK
15.73,7.95,26.69,2.71,39.62,3995.37,0.0,22.01,NOT_ABLE_TO_WATER
40.87,40.38,18.96,38.6,34.49,157285.8,5.08,78.7,WATER
67.82,19.73,27.74,19.37,40.04,25612.56,1.22,70.41,OK
24.39,28.29,87.26,29.02,90.52,99981.06,3.26,22.03,WATER
49.02,20.77,63.67,19.32,65.09,157285.8,5.19,42.47,OK
33.88,13.07,44.7,9.95,38.28,136660.63,5.09,36.32,WATER
80.72,9.19,54.43,5.72,47.06,157285.8,5.06,51.76,EXCESS_WATER
21.44,17.1,58.18,16.37,55.87,157285.8,5.14,19.16,WATER
67.15,34.39,63.68,33.15,57.66,0.0,0.0,70.39,OK
61.2,6.8,75.24,7.1,84.64,4776.57,0.6,55.88,LOW_TEMP_ALERT
85.55,10.14,91.25,3.11,84.03,0.0,0.0,88.15,LOW_TEMP_ALERT
40.6,32.68,94.42,29.82,100.0,281.48,0.06,45.98,LOW_LIGHT
72.3,18.03,80.86,17.75,86.76,0.0,0.0,50.44,FUNGI_ALERT_EXCESS_WATER
64.92,8.11,21.94,2.38,22.44,157285.8,5.27,62.79,LOW_TEMP_ALERT
81.97,22.3,39.85,19.99,49.55,0.0,0.0,80.44,OK
79.62,43.67,52.78,45.37,47.54,0.0,0.0,81.14,NOT_ABLE_TO_VENTILATE
39.96,12.17,15.74,11.83,23.71,157285.8,6.06,34.76,WATER
95.28,25.84,20.01,24.09,27.26,0.0,0.0,87.76,OK
34.88,28.62,46.5,27.32,54.15,5051.01,0.72,40.97,NOT_ABLE_TO_WATER
48.03,34.08,29.2,36.8,30.45,0.0,0.0,94.23,NOT_ABLE_TO_WATER
74.21,29.15,27.52,25.19,46.87,33613.41,1.12,45.49,EXCESS_WATER
86.15,12.52,16.89,11.12,44.01,157285.8,4.54,86.16,LOW_TEMP_ALERT
25.15,33.74,76.5,33.54,90.51,88571.89,1.86,27.08,NOT_ABLE_TO_WATER
31.62,18.03,28.8,14.25,51.38,21759.77,0.5,30.25,NOT_ABLE_TO_WATER
23.49,31.71,26.15,30.55,45.35,157285.8,5.3,28.02,WATER
28.23,38.31,68.04,36.36,67.58,157285.8,0.13,27.18,NOT_ABLE_TO_WATER
76.52,40.44,39.39,41.62,48.44,4792.57,0.02,71.93,NOT_ABLE_TO_VENTILATE
6.43,22.83,75.74,19.6,79.06,0.0,0.0,79.65,NOT_ABLE_TO_WATER
100.0,14.11,20.21,13.09,25.99,0.0,0.0,93.97,LOW_TEMP_ALERT
99.11,19.66,42.11,16.15,54.91,157285.8,4.31,63.49,EXCESS_WATER
84.55,9.58,37.99,7.12,45.93,0.0,0.0,62.08,FUNGI_ALERT_EXCESS_WATER
5.11,7.53,22.65,5.24,27.44,119512.0,2.98,92.6,WATER
53.17,22.36,20.35,19.82,27.57,0.0,0.0,33.3,FUNGI_ALERT_EXCESS_WATER
23.89,16.38,91.47,13.14,94.8,112501.16,3.34,71.43,WATER
24.52,37.77,66.94,36.87,70.71,157285.8,6.58,32.54,WATER
34.29,6.83,45.49,6.78,53.11,77240.14,1.54,31.58,NOT_ABLE_TO_WATER
9.34,43.67,30.55,41.44,30.81,0.0,0.0,64.2,NOT_ABLE_TO_WATER
63.8,17.66,75.0,18.57,62.27,157285.8,5.74,61.04,OK
61.91,33.26,37.9,31.4,52.28,0.0,0.0,63.55,OK
73.77,36.92,51.31,37.94,52.84,157285.8,5.57,84.2,VENTILATE
15.51,35.79,85.8,35.11,96.8,157285.8,5.58,20.2,WATER
57.08,15.48,23.18,16.17,25.31,48771.44,0.99,65.97,OK
33.07,27.42,34.02,27.1,46.74,157285.8,nan,47.21,INSUFFICIENT_DATA
75.89,39.79,20.48,38.8,11.33,157285.8,5.33,63.78,VENTILATE
19.47,18.02,41.25,16.11,45.99,40348.16,1.05,17.53,NOT_ABLE_TO_WATER
65.09,20.78,30.0,16.42,46.51,157285.8,6.04,56.94,OK
35.13,23.54,28.63,21.79,49.52,73369.92,3.26,35.42,WATER
52.38,13.5,71.29,13.03,89.52,138542.05,5.18,46.87,LOW_TEMP_ALERT
17.53,37.21,25.73,35.74,27.08,7029.73,0.71,19.78,NOT_ABLE_TO_WATER
14.33,12.78,22.34,11.16,20.55,0.0,0.0,15.76,NOT_ABLE_TO_WATER
62.25,14.53,93.9,12.63,91.73,157285.8,5.04,51.34,LOW_TEMP_ALERT
70.02,16.88,39.52,16.31,48.35,0.0,0.0,69.81,OK
94.6,11.41,54.54,10.99,58.62,67154.57,2.39,92.77,LOW_TEMP_ALERT
23.52,39.32,65.25,38.9,77.08,21199.46,0.57,16.06,NOT_ABLE_TO_WATER
47.34,40.06,49.81,40.67,55.64,0.0,0.0,52.63,NOT_ABLE_TO_VENTILATE
36.01,22.22,47.64,18.31,47.7,157285.8,5.5,52.58,WATER
88.6,39.65,51.71,40.56,61.97,0.0,0.0,85.9,NOT_ABLE_TO_VENTILATE
50.1,6.83,71.42,6.47,69.77,157285.8,5.66,55.07,LOW_TEMP_ALERT
20.93,7.41,66.41,8.57,69.71,157285.8,4.0,24.43,WATER
42.6,31.36,44.53,32.15,43.68,157285.8,5.42,42.09,OK
73.6,20.22,72.63,19.38,82.05,157285.8,3.75,79.62,OK
69.13,31.41,49.48,28.54,47.05,0.0,0.0,71.05,OK
63.18,31.68,43.44,32.26,47.89,15306.96,0.08,63.14,OK
32.97,22.64,22.72,24.39,36.81,0.0,0.0,37.71,NOT_ABLE_TO_WATER
21.95,44.06,20.35,42.13,12.79,0.0,0.0,17.29,NOT_ABLE_TO_WATER
75.74,17.36,61.31,17.41,80.16,23048.97,0.61,72.17,OK
61.09,13.86,64.7,12.37,65.89,0.0,0.0,57.59,LOW_TEMP_ALERT
55.76,5.34,71.43,2.9,81.29,144184.66,4.94,58.26,LOW_TEMP_ALERT
92.89,8.0,44.85,9.31,54.35,4010.5,0.51,20.66,EXCESS_WATER
32.28,6.6,78.71,3.68,91.92,93103.74,3.02,36.59,WATER
81.84,30.32,21.21,27.37,38.97,32021.23,1.25,72.67,OK
56.45,22.3,81.4,21.97,79.96,25420.77,0.69,57.39,OK
1.49,42.9,28.03,40.2,26.31,0.0,0.0,22.3,NOT_ABLE_TO_WATER
61.06,28.65,49.23,27.57,54.58,157285.8,4.53,57.73,OK
89.74,37.25,75.33,36.34,81.9,0.0,0.0,74.28,FUNGI_ALERT_EXCESS_WATER
37.53,18.5,93.88,16.43,91.99,55234.42,2.18,30.06,WATER
56.71,33.59,93.44,33.05,92.97,0.0,0.0,56.17,OK
78.97,31.27,27.64,29.33,36.53,157285.8,4.86,80.52,OK
26.68,44.07,82.75,44.92,90.21,104156.99,3.12,48.06,WATER
34.68,35.97,15.95,35.56,27.57,0.0,0.0,38.2,NOT_ABLE_TO_WATER
72.77,37.21,54.3,34.53,50.75,157285.8,5.09,16.48,EXCESS_WATER
41.49,32.97,21.84,28.76,17.76,157285.8,5.48,43.32,OK
83.84,9.47,78.33,6.82,83.88,0.0,0.0,92.46,LOW_TEMP_ALERT
88.67,40.57,84.13,39.48,91.22,0.0,0.0,50.98,FUNGI_ALERT_EXCESS_WATER
8.78,17.87,16.12,17.57,27.45,0.0,0.0,32.59,NOT_ABLE_TO_WATER
7.64,6.58,54.18,6.9,67.71,0.0,0.0,10.16,NOT_ABLE_TO_WATER
29.5,27.83,31.23,23.27,41.77,0.0,0.0,28.78,NOT_ABLE_TO_WATER
71.27,19.98,83.54,19.48,100.0,58378.31,0.07,64.38,OK
93.24,27.17,31.02,26.97,45.24,3470.32,0.09,88.18,LOW_LIGHT
53.37,19.14,31.54,18.01,46.64,8080.02,0.18,25.91,EXCESS_WATER
99.75,5.85,43.94,3.15,41.62,157285.8,5.81,43.3,EXCESS_WATER
81.99,29.27,36.26,26.61,33.04,157285.8,4.98,84.0,OK
45.88,24.58,58.59,24.01,59.68,0.0,0.0,46.8,OK
21.63,24.39,15.44,23.78,24.59,0.0,0.0,19.96,NOT_ABLE_TO_WATER
40.49,32.95,63.78,29.5,69.63,22477.84,1.29,52.23,OK
57.43,23.22,46.57,22.53,53.74,35980.0,1.18,42.11,EXCESS_WATER
36.94,30.52,58.98,29.19,56.58,157285.8,5.39,32.45,WATER
77.78,34.14,94.25,31.58,100.0,0.0,0.0,79.78,OK
72.34,5.1,89.94,2.98,93.48,0.0,0.0,41.59,FUNGI_ALERT_EXCESS_WATER
26.59,39.33,28.73,37.38,38.37,10702.22,0.86,25.87,NOT_ABLE_TO_WATER
16.82,15.72,64.73,12.97,66.52,0.0,0.0,11.08,NOT_ABLE_TO_WATER
55.58,24.6,63.17,25.95,68.95,33946.93,1.33,58.89,OK
54.98,22.0,67.86,19.37,80.72,157285.8,5.34,58.48,OK
70.79,7.39,94.27,6.48,100.0,157285.8,5.14,68.7,LOW_TEMP_ALERT
41.13,32.04,91.66,30.88,98.99,157285.8,6.07,39.01,OK
77.15,21.3,55.1,16.8,56.01,157285.8,5.94,77.61,OK
30.38,10.56,66.65,8.53,55.02,157285.8,5.25,61.94,WATER
85.18,26.1,63.7,25.36,66.72,30218.37,0.33,85.61,OK
31.72,34.13,58.81,31.63,69.16,9702.89,0.34,23.54,NOT_ABLE_TO_WATER
9.98,26.04,50.26,25.18,55.05,137264.16,5.05,25.54,WATER
89.95,19.0,15.86,17.2,6.07,0.0,0.0,81.89,OK
40.58,29.56,93.8,26.58,90.67,28630.68,1.45,42.39,OK
45.34,12.36,64.67,12.84,69.21,88627.76,3.26,50.83,LOW_TEMP_ALERT
40.21,33.0,85.4,31.62,92.01,0.0,0.0,35.79,OK
30.06,11.76,32.27,10.71,48.89,153547.44,5.05,68.98,WATER
29.13,32.44,75.83,32.36,91.65,0.0,0.0,28.26,NOT_ABLE_TO_WATER
74.74,34.39,52.41,32.65,48.82,85564.71,2.95,47.32,EXCESS_WATER
22.71,27.14,15.88,22.52,20.47,0.0,0.0,44.56,NOT_ABLE_TO_WATER
32.62,34.72,30.66,32.93,38.47,44165.87,1.33,32.14,NOT_ABLE_TO_WATER
29.93,23.95,70.64,25.39,82.67,28907.35,0.67,30.03,NOT_ABLE_TO_WATER
79.36,9.64,40.44,14.19,41.35,0.0,0.0,89.99,LOW_TEMP_ALERT
90.22,nan,51.39,16.25,47.86,0.0,0.0,91.58,INSUFFICIENT_DATA
23.84,12.38,59.1,11.54,66.52,0.0,0.0,22.71,NOT_ABLE_TO_WATER
35.5,9.73,42.37,5.97,36.43,85014.27,2.83,37.9,WATER
62.77,37.25,90.34,37.54,90.17,0.0,0.0,60.66,NOT_ABLE_TO_VENTILATE
94.13,17.63,28.13,18.52,25.36,43120.57,1.51,85.62,OK
42.92,14.85,37.58,16.51,35.85,3261.59,0.31,42.99,LOW_LIGHT
54.84,23.0,82.65,25.13,96.04,157285.8,5.37,86.65,WATER
74.89,30.37,nan,26.95,64.15,157285.8,5.48,93.43,INSUFFICIENT_DATA
16.86,10.78,26.02,11.78,41.41,53225.02,1.96,22.84,NOT_ABLE_TO_WATER
69.35,21.06,94.63,19.5,100.0,157285.8,4.35,71.58,OK
31.02,32.42,36.85,31.51,43.72,0.0,0.0,44.62,NOT_ABLE_TO_WATER
99.41,9.76,46.07,9.25,47.89,157285.8,6.03,93.09,LOW_TEMP_ALERT
6.96,35.64,43.7,34.77,42.6,3498.41,0.23,49.11,NOT_ABLE_TO_WATER
30.8,27.02,88.34,19.67,100.0,70069.07,2.14,23.35,WATER
73.93,43.75,66.62,44.07,83.92,21050.75,0.94,16.46,FUNGI_ALERT_EXCESS_WATER
0.91,33.8,94.95,33.91,100.0,157285.8,5.77,42.36,WATER
79.88,33.24,75.3,30.82,73.16,0.0,0.0,74.92,OK
93.95,38.28,47.21,36.82,51.95,127214.48,4.35,60.42,EXCESS_WATER
61.94,18.55,50.61,15.52,45.94,24411.88,1.42,55.82,OK
40.69,6.88,68.56,5.94,67.85,4758.19,0.22,90.24,NOT_ABLE_TO_WATER
44.57,15.98,18.42,15.59,38.67,0.0,0.0,45.36,OK
46.01,36.49,50.99,35.24,54.57,157285.8,4.44,29.67,EXCESS_WATER
19.04,38.27,69.59,38.54,70.71,0.0,0.0,60.53,NOT_ABLE_TO_WATER
60.35,39.96,21.97,41.33,35.34,157285.8,6.0,61.62,VENTILATE
24.29,16.55,29.34,nan,28.38,57913.19,1.7,29.56,INSUFFICIENT_DATA
58.3,25.91,17.29,26.13,14.11,36863.39,1.48,67.04,OK
65.61,37.15,26.5,37.21,31.94,0.0,0.0,68.23,NOT_ABLE_TO_VENTILATE
6.48,11.31,33.36,11.28,31.97,129753.24,4.49,12.13,WATER
49.43,14.83,40.17,14.19,38.31,127652.24,4.51,56.05,LOW_TEMP_ALERT
66.38,12.97,68.18,15.2,61.22,157285.8,6.12,66.69,OK
71.69,35.9,68.46,31.99,73.69,7089.87,0.12,33.77,EXCESS_WATER
95.03,5.79,16.13,4.59,7.51,157285.8,4.8,93.4,LOW_TEMP_ALERT
70.71,5.96,45.83,6.34,65.37,94370.51,3.24,77.61,LOW_TEMP_ALERT
36.74,41.85,19.03,42.1,23.93,1630.2,0.3,41.07,NOT_ABLE_TO_WATER
3.52,15.76,67.99,12.56,62.9,25630.11,0.67,57.29,NOT_ABLE_TO_WATER
62.97,43.32,39.45,40.22,38.35,0.0,0.0,63.6,NOT_ABLE_TO_VENTILATE
58.29,29.14,61.21,27.21,57.18,42578.28,1.61,58.05,OK
51.18,29.26,18.07,28.19,5.95,32296.33,0.07,48.29,OK
83.14,24.84,25.71,23.99,35.71,4465.21,0.0,84.42,LOW_LIGHT
47.78,14.79,21.47,12.09,34.31,6032.26,0.48,14.2,EXCESS_WATER
87.75,20.62,82.7,17.72,78.38,0.0,0.0,84.66,OK
57.29,7.49,49.57,2.13,61.3,157285.8,4.98,48.24,LOW_TEMP_ALERT
36.33,41.83,67.91,39.11,89.65,0.0,0.0,42.07,NOT_ABLE_TO_WATER
86.7,22.71,63.6,22.82,69.82,0.0,0.0,92.19,OK
81.68,22.14,17.32,18.91,43.01,136742.42,4.06,17.94,EXCESS_WATER
94.88,20.3,66.88,20.96,83.58,110621.62,3.13,90.01,OK
34.54,8.82,47.47,12.35,53.67,23533.42,0.52,40.04,NOT_ABLE_TO_WATER
91.77,32.0,18.23,35.39,24.73,84552.89,2.95,78.36,OK
39.37,38.62,92.55,40.49,100.0,136817.7,3.94,78.87,WATER
87.74,23.32,57.31,22.6,57.87,157285.8,4.72,45.22,EXCESS_WATER
51.44,39.43,38.31,36.12,42.75,0.0,0.0,53.69,NOT_ABLE_TO_VENTILATE
91.24,42.08,46.71,41.75,49.67,2216.01,0.0,31.27,EXCESS_WATER
40.17,25.2,15.39,23.85,14.4,56005.98,2.41,49.71,OK
94.93,18.49,58.53,17.08,60.87,157285.8,4.52,89.69,OK
87.65,38.55,27.22,36.38,25.43,0.0,0.0,75.44,NOT_ABLE_TO_VENTILATE
31.24,26.11,62.53,26.75,61.9,157285.8,4.25,33.43,WATER
74.06,19.83,74.53,16.5,73.28,8935.54,0.2,65.56,LOW_LIGHT
62.55,37.9,60.86,35.72,78.36,145876.39,5.57,90.61,WATER
58.66,16.84,41.64,18.38,51.45,157285.8,4.6,68.52,OK
75.95,8.76,48.06,2.81,47.12,14.67,0.25,64.22,LOW_TEMP_ALERT
52.72,8.89,53.59,5.3,57.25,157285.8,5.5,49.15,LOW_TEMP_ALERT
29.65,38.18,77.77,37.64,72.99,70492.35,1.97,71.95,NOT_ABLE_TO_WATER
77.87,9.95,33.92,7.91,53.18,0.0,0.0,48.44,FUNGI_ALERT_EXCESS_WATER
46.09,13.06,19.51,14.0,36.04,0.0,0.0,46.5,LOW_TEMP_ALERT
52.92,38.55,48.82,35.53,60.21,3540.79,0.71,29.63,EXCESS_WATER
84.49,25.97,34.22,23.97,41.16,6756.97,0.22,85.01,LOW_LIGHT
95.63,9.51,62.81,8.29,62.71,157285.8,5.85,87.27,LOW_TEMP_ALERT
79.0,30.96,33.56,29.78,29.21,157285.8,4.87,79.02,OK
88.49,16.18,31.57,15.11,33.48,0.0,0.0,86.59,OK
42.09,17.35,25.94,15.71,21.47,0.0,0.0,45.55,OK
68.51,39.3,81.54,35.04,100.0,0.0,0.0,71.08,OK
62.55,41.5,80.98,39.0,84.99,0.0,0.0,17.31,FUNGI_ALERT_EXCESS_WATER
83.0,31.32,77.2,29.07,91.32,11044.6,0.41,85.7,OK
65.49,26.01,23.06,21.02,16.49,0.0,0.0,65.82,OK
57.77,31.02,34.16,28.88,27.34,0.0,0.0,68.26,OK
62.35,42.32,72.52,42.08,64.68,157285.8,5.8,37.25,FUNGI_ALERT_EXCESS_WATER
58.03,27.92,23.04,26.08,23.14,157285.8,5.98,57.12,OK
21.37,29.82,86.16,26.38,80.71,157285.8,5.96,61.47,WATER
50.92,14.92,22.3,11.94,27.37,0.0,0.0,60.15,LOW_TEMP_ALERT
93.04,39.35,35.42,38.59,41.26,0.0,nan,84.13,INSUFFICIENT_DATA
25.64,37.61,55.63,36.43,64.57,0.0,0.0,49.76,NOT_ABLE_TO_WATER
37.82,30.58,27.53,28.67,56.47,0.0,0.0,37.91,NOT_ABLE_TO_WATER
72.12,24.85,53.32,23.47,53.05,0.0,0.0,79.24,OK
77.21,22.39,27.21,21.89,25.38,157285.8,5.41,77.62,OK
82.4,37.33,29.75,35.15,39.14,157285.8,5.58,85.01,OK
83.23,11.75,24.11,13.2,26.14,0.0,0.0,80.57,LOW_TEMP_ALERT
58.02,28.01,34.71,27.37,44.59,157285.8,5.72,41.69,EXCESS_WATER
23.23,30.15,76.17,28.7,76.33,157285.8,6.67,13.45,WATER
19.95,37.86,84.95,36.03,95.15,45357.37,1.47,16.57,NOT_ABLE_TO_WATER
69.78,6.08,60.9,3.54,63.61,128569.56,5.11,75.19,LOW_TEMP_ALERT
17.58,38.33,46.05,33.61,47.14,24095.99,1.09,19.05,NOT_ABLE_TO_WATER
81.58,20.39,75.99,16.05,84.82,157285.8,5.12,73.76,OK
45.52,10.86,88.1,7.97,94.85,81284.62,1.97,22.37,FUNGI_ALERT_EXCESS_WATER
9.43,29.3,19.54,25.69,29.64,157285.8,4.82,10.46,WATER
72.0,18.47,39.11,17.47,38.38,157285.8,5.33,83.45,OK
17.37,33.89,26.16,31.32,33.01,0.0,0.0,51.66,NOT_ABLE_TO_WATER
79.29,9.63,35.8,9.8,53.71,157285.8,5.42,76.15,LOW_TEMP_ALERT
52.61,29.49,38.25,26.26,44.23,4185.5,0.11,75.93,NOT_ABLE_TO_WATER
25.39,35.27,85.09,29.42,72.76,157285.8,5.91,31.99,WATER
23.26,18.48,43.7,18.62,48.81,0.0,0.0,24.92,NOT_ABLE_TO_WATER
47.66,23.89,79.11,18.57,79.96,0.0,0.0,57.07,OK
18.98,25.93,15.96,23.1,19.51,0.0,0.0,15.77,NOT_ABLE_TO_WATER
7.97,15.7,65.96,17.35,63.04,0.0,0.0,67.62,NOT_ABLE_TO_WATER
30.1,27.79,30.28,28.69,42.05,0.0,0.0,29.74,NOT_ABLE_TO_WATER
47.51,41.87,36.6,41.5,29.67,157285.8,4.56,43.08,VENTILATE
71.78,41.56,93.14,39.87,98.18,9331.08,0.88,81.98,NOT_ABLE_TO_VENTILATE
79.06,24.9,70.59,25.99,75.42,64800.83,2.24,49.16,FUNGI_ALERT_EXCESS_WATER
15.58,16.46,20.58,15.39,8.01,14786.05,0.11,14.84,NOT_ABLE_TO_WATER
75.88,14.82,25.36,14.68,29.2,157285.8,5.58,59.64,EXCESS_WATER
7.41,35.99,76.29,31.49,83.44,25936.43,1.11,12.92,NOT_ABLE_TO_WATER
19.01,41.85,34.56,37.5,40.78,0.0,0.0,15.65,NOT_ABLE_TO_WATER
62.09,39.52,69.18,nan,62.76,34479.95,1.69,70.49,INSUFFICIENT_DATA
75.73,44.53,61.32,42.6,76.54,157285.8,4.8,81.37,VENTILATE
35.79,41.42,48.68,38.49,44.67,0.0,0.0,61.45,NOT_ABLE_TO_WATER
25.59,23.69,16.93,22.77,30.61,157285.8,5.27,19.81,WATER
89.44,36.59,30.16,36.23,33.37,0.0,0.0,17.84,FUNGI_ALERT_EXCESS_WATER
50.64,19.13,19.99,17.68,30.1,0.0,0.0,45.21,OK
60.58,24.52,80.59,21.8,89.34,96577.25,3.08,62.19,OK
91.68,36.58,35.88,34.18,48.0,42429.71,1.64,92.14,OK
55.94,23.26,93.92,19.45,100.0,157285.8,5.95,77.98,WATER
61.76,25.4,89.25,26.43,100.0,0.0,0.0,62.6,OK
28.42,26.1,19.0,22.65,24.1,157285.8,0.01,28.91,NOT_ABLE_TO_WATER
82.73,26.6,22.97,23.3,32.57,157285.8,5.58,84.35,OK
6.42,41.12,26.04,39.12,47.19,11527.93,0.7,23.29,NOT_ABLE_TO_WATER
78.65,13.98,72.92,9.37,84.11,0.0,0.0,91.29,LOW_TEMP_ALERT
40.37,16.71,17.57,14.99,14.12,33049.83,0.93,41.88,LOW_TEMP_ALERT
79.3,7.41,75.76,8.79,78.36,0.0,0.0,85.24,LOW_TEMP_ALERT
67.69,29.75,83.8,25.34,84.16,157285.8,5.12,68.74,OK
53.05,16.0,18.92,16.12,24.49,142753.89,4.85,47.77,OK
10.58,33.17,33.21,29.87,37.52,0.0,0.0,71.42,NOT_ABLE_TO_WATER
95.6,5.3,93.83,4.05,100.0,3994.02,0.04,92.5,LOW_TEMP_ALERT
28.83,42.17,67.08,38.85,78.17,30150.94,0.59,32.05,NOT_ABLE_TO_WATER
61.29,16.24,72.89,17.66,65.23,0.0,0.0,37.01,FUNGI_ALERT_EXCESS_WATER
81.08,23.15,21.41,24.64,7.4,0.0,0.0,87.7,OK
35.41,8.48,21.26,7.04,22.87,39008.25,1.11,52.1,NOT_ABLE_TO_WATER
94.88,6.52,21.65,5.53,26.01,25645.69,0.63,41.18,EXCESS_WATER
79.75,5.46,28.64,1.59,27.4,92694.1,2.71,73.55,LOW_TEMP_ALERT
20.06,29.03,27.87,26.16,27.43,39251.9,2.13,46.16,WATER
9.75,36.85,30.24,37.17,38.51,0.0,0.0,54.96,NOT_ABLE_TO_WATER
43.99,44.56,77.75,43.83,85.51,157285.8,5.03,39.98,VENTILATE
88.63,14.5,82.84,14.19,90.05,nan,0.42,21.41,INSUFFICIENT_DATA
39.33,26.37,93.02,26.15,100.0,157285.8,6.14,31.52,WATER
69.08,24.5,49.13,21.04,38.66,157285.8,5.7,64.82,OK
54.36,38.66,19.71,37.37,21.36,0.0,0.0,55.23,NOT_ABLE_TO_VENTILATE
81.61,6.27,83.05,5.27,83.16,0.0,0.0,91.74,LOW_TEMP_ALERT
30.88,34.09,79.69,29.78,90.25,0.0,0.0,74.26,NOT_ABLE_TO_WATER
38.59,44.78,87.32,nan,82.17,3171.73,0.0,36.23,INSUFFICIENT_DATA
62.96,19.3,47.41,13.89,59.51,157285.8,4.53,50.43,LOW_TEMP_ALERT
28.48,16.13,43.58,15.85,44.0,157285.8,5.71,17.61,WATER
40.54,26.22,23.41,22.81,44.33,157285.8,5.0,41.89,OK
79.12,17.78,41.24,17.96,44.66,13452.15,0.38,84.21,OK
89.73,14.71,40.12,10.87,52.16,26349.51,0.09,84.53,LOW_TEMP_ALERT
47.22,8.76,58.62,7.07,77.56,157285.8,4.75,57.52,LOW_TEMP_ALERT
62.29,13.39,27.14,13.37,32.88,0.0,0.0,37.88,FUNGI_ALERT_EXCESS_WATER
21.83,33.26,52.32,31.49,52.92,0.0,0.0,77.4,NOT_ABLE_TO_WATER
89.03,nan,23.25,36.49,19.26,157285.8,5.42,29.92,INSUFFICIENT_DATA
5.59,31.26,30.82,29.19,50.0,0.0,0.0,39.86,NOT_ABLE_TO_WATER
16.57,8.46,59.86,5.09,58.46,1911.0,0.11,19.93,NOT_ABLE_TO_WATER
41.23,21.0,78.33,nan,67.6,0.0,0.0,33.03,INSUFFICIENT_DATA
6.48,18.29,44.76,14.05,42.66,157285.8,5.57,14.09,WATER
93.48,40.16,48.85,37.3,67.57,157285.8,5.81,47.87,EXCESS_WATER
65.37,32.32,28.21,32.51,37.62,157285.8,5.99,66.68,OK
12.57,8.1,23.62,6.92,26.58,157285.8,5.61,30.49,WATER
36.33,18.77,71.42,15.69,85.69,0.0,0.0,16.57,NOT_ABLE_TO_WATER
71.86,14.4,72.18,14.51,68.23,0.0,0.0,77.66,LOW_TEMP_ALERT
57.51,41.79,51.71,41.6,62.66,2562.99,0.0,49.2,NOT_ABLE_TO_VENTILATE
42.28,33.32,42.97,31.15,64.53,157285.8,0.01,33.76,OK
50.11,41.65,63.72,40.73,79.34,0.0,0.0,52.9,NOT_ABLE_TO_VENTILATE
31.58,39.67,73.56,34.37,71.69,0.0,0.0,35.25,NOT_ABLE_TO_WATER
79.07,36.49,46.08,36.36,49.64,0.0,0.0,77.7,NOT_ABLE_TO_VENTILATE
4.2,36.81,60.25,39.58,76.31,137750.17,5.18,34.63,WATER
76.21,24.49,23.87,19.61,23.65,157285.8,4.48,74.3,OK
69.11,44.17,63.19,44.05,70.89,157285.8,6.35,68.98,VENTILATE
90.62,21.93,17.33,19.15,24.48,2362.57,1.03,94.36,LOW_LIGHT
36.08,37.82,85.3,37.93,84.49,157285.8,5.46,32.12,WATER
16.03,33.99,49.4,31.51,71.56,157285.8,4.99,15.05,WATER
96.58,38.22,34.3,35.02,41.8,157285.8,4.96,46.95,EXCESS_WATER
67.73,37.41,20.34,33.72,28.82,0.0,0.0,49.89,FUNGI_ALERT_EXCESS_WATER
83.1,34.19,29.24,32.31,30.51,157285.8,5.99,82.87,OK
59.23,6.95,78.23,7.01,79.94,38131.29,1.23,54.61,LOW_TEMP_ALERT
24.91,36.0,22.8,35.39,28.93,122036.35,5.2,77.67,WATER
73.6,39.54,26.09,40.45,29.16,0.0,0.0,68.77,NOT_ABLE_TO_VENTILATE
19.66,16.75,56.94,17.81,59.07,0.0,0.0,10.7,NOT_ABLE_TO_WATER
44.74,6.25,86.53,3.49,94.96,157285.8,6.4,55.04,LOW_TEMP_ALERT
60.64,39.14,42.0,36.49,50.16,42016.72,1.76,65.04,NOT_ABLE_TO_VENTILATE
79.57,11.22,51.87,12.16,56.94,96500.72,3.3,69.34,LOW_TEMP_ALERT
46.76,28.2,25.37,25.98,nan,0.0,0.0,43.59,INSUFFICIENT_DATA
55.63,43.38,30.3,39.59,31.51,0.0,0.0,58.14,NOT_ABLE_TO_VENTILATE
21.97,33.68,34.4,31.01,54.2,32857.06,1.17,94.1,NOT_ABLE_TO_WATER
48.7,24.96,75.76,24.26,100.0,2249.86,0.36,52.33,LOW_LIGHT
93.71,9.39,40.86,11.55,42.38,67494.59,3.64,85.97,LOW_TEMP_ALERT
31.36,6.96,78.15,7.97,85.79,115438.91,4.58,20.52,WATER
49.04,40.37,70.23,39.17,77.26,110096.98,3.77,42.68,VENTILATE
31.18,41.91,43.79,39.3,46.9,157285.8,4.93,61.09,WATER
75.68,34.78,51.84,31.81,63.89,0.0,0.0,93.55,NOT_ABLE_TO_WATER
22.43,15.22,19.64,12.85,22.72,3713.47,0.0,25.17,NOT_ABLE_TO_WATER
22.79,40.13,28.96,39.34,44.2,157285.8,4.93,19.95,WATER
72.5,25.09,78.01,21.9,91.33,157285.8,4.97,55.57,FUNGI_ALERT_EXCESS_WATER
32.94,15.96,82.58,13.28,87.2,0.0,0.0,75.73,NOT_ABLE_TO_WATER
92.05,35.57,93.23,32.91,91.72,0.0,0.0,34.07,FUNGI_ALERT_EXCESS_WATER
35.77,6.1,91.73,3.35,100.0,98282.8,2.84,53.43,WATER
30.01,14.04,81.3,13.59,82.09,157285.8,4.96,33.52,WATER
93.43,10.15,75.75,8.93,70.56,6122.28,0.08,84.83,LOW_TEMP_ALERT
31.52,21.36,68.52,17.4,71.58,0.0,0.0,46.8,NOT_ABLE_TO_WATER
88.97,28.33,23.93,25.16,20.38,0.0,0.0,92.45,OK
88.61,17.45,55.9,17.99,67.56,0.0,0.0,37.48,FUNGI_ALERT_EXCESS_WATER
91.04,6.12,73.08,7.67,70.64,157285.8,6.34,28.83,FUNGI_ALERT_EXCESS_WATER
75.86,13.48,71.19,11.69,81.21,0.0,0.0,52.75,FUNGI_ALERT_EXCESS_WATER
70.68,42.91,37.8,40.22,38.6,157285.8,5.95,72.11,VENTILATE
49.3,15.43,91.49,13.36,100.0,0.0,0.0,49.07,LOW_TEMP_ALERT
95.12,14.06,59.94,10.82,60.07,0.0,0.0,55.62,FUNGI_ALERT_EXCESS_WATER
60.13,5.44,24.93,6.67,18.76,157285.8,5.57,52.21,LOW_TEMP_ALERT
65.87,6.09,32.52,0.0,46.48,157285.8,5.77,71.91,LOW_TEMP_ALERT
56.85,41.94,21.91,41.15,27.16,157285.8,4.88,58.76,HYDRIC_STRESS_ALERT
43.81,22.13,68.2,17.4,79.19,0.0,0.0,51.02,OK
24.0,38.06,59.86,38.44,68.82,47766.49,2.3,19.65,WATER
66.39,27.25,61.76,23.15,80.05,157285.8,6.08,69.23,OK
27.72,34.22,18.41,34.58,33.37,0.0,0.0,86.96,NOT_ABLE_TO_WATER
0.92,30.28,57.93,28.98,63.47,0.0,0.0,82.69,NOT_ABLE_TO_WATER
92.43,10.19,55.71,12.46,66.62,0.0,0.0,92.66,LOW_TEMP_ALERT
83.82,42.19,17.37,41.87,30.92,0.0,0.0,84.71,HYDRIC_STRESS_ALERT
53.57,9.95,71.9,7.47,63.61,49508.16,nan,38.44,INSUFFICIENT_DATA
14.6,41.07,15.16,40.93,25.34,0.0,0.0,31.03,NOT_ABLE_TO_WATER
57.88,7.83,39.31,4.93,31.85,0.0,0.0,58.61,LOW_TEMP_ALERT
18.65,39.71,61.97,34.36,70.4,157285.8,4.43,22.48,WATER
40.14,30.46,62.45,28.72,60.14,0.0,0.0,80.55,NOT_ABLE_TO_WATER
59.79,43.44,88.82,39.38,93.31,0.0,0.0,69.16,NOT_ABLE_TO_VENTILATE
7.93,43.3,21.91,40.14,18.51,157285.8,5.31,20.09,WATER
18.46,20.72,15.53,16.6,16.63,0.0,0.0,11.79,NOT_ABLE_TO_WATER
4.8,31.79,55.18,30.07,63.81,0.0,0.0,17.71,NOT_ABLE_TO_WATER
42.74,24.99,25.17,24.42,19.27,0.0,0.0,87.29,NOT_ABLE_TO_WATER
19.25,38.51,50.72,40.04,61.55,0.0,0.0,18.63,NOT_ABLE_TO_WATER
37.06,33.8,94.78,33.71,85.84,157285.8,4.23,91.31,WATER
95.02,7.71,16.87,7.86,8.02,16816.01,0.39,93.94,LOW_TEMP_ALERT
34.9,nan,34.0,34.1,39.1,0.0,0.0,58.41,INSUFFICIENT_DATA
34.08,7.06,82.24,6.42,90.3,157285.8,5.19,33.26,WATER
14.9,19.18,45.85,22.29,53.51,157285.8,4.04,12.85,WATER
21.08,39.74,89.02,38.03,82.38,157285.8,6.05,26.79,WATER
30.36,35.86,52.17,32.74,54.1,0.0,0.0,14.32,NOT_ABLE_TO_WATER
72.15,31.86,91.86,29.53,99.96,6311.38,0.04,25.78,FUNGI_ALERT_EXCESS_WATER
71.79,19.22,84.74,17.21,90.78,51227.46,0.05,68.56,OK
18.29,6.0,36.27,4.4,39.99,157285.8,4.44,37.08,WATER
16.53,5.36,58.07,4.82,60.62,28708.07,0.98,57.6,NOT_ABLE_TO_WATER
67.81,39.88,41.5,38.6,47.34,1021.33,0.35,43.3,EXCESS_WATER
74.1,5.54,20.09,3.31,33.0,3005.49,0.0,80.3,LOW_TEMP_ALERT
74.95,29.44,87.83,25.06,78.25,0.0,0.0,73.74,OK
64.94,32.33,45.99,32.24,57.69,0.0,0.0,46.41,FUNGI_ALERT_EXCESS_WATER
63.42,25.54,38.36,24.67,40.28,157285.8,5.07,65.81,OK
64.72,12.0,27.91,10.05,31.85,0.0,0.0,64.11,LOW_TEMP_ALERT
81.77,23.62,27.34,22.55,25.89,0.0,0.0,88.35,OK
92.61,44.47,25.52,41.46,34.76,157285.8,4.94,20.57,EXCESS_WATER
40.84,25.48,73.86,22.87,76.89,69200.26,2.06,35.49,OK
45.05,17.17,86.79,16.59,96.41,8347.78,0.6,46.74,LOW_LIGHT
42.29,44.09,43.88,44.17,42.12,5867.02,0.67,50.47,NOT_ABLE_TO_VENTILATE
69.2,18.1,79.13,14.95,91.61,37018.15,0.93,38.51,FUNGI_ALERT_EXCESS_WATER
55.1,19.55,43.35,16.83,50.4,9552.03,0.46,57.44,LOW_LIGHT
55.64,40.92,19.4,40.1,16.45,157285.8,5.77,60.58,HYDRIC_STRESS_ALERT
24.61,26.57,26.18,28.76,47.2,0.0,0.0,23.98,NOT_ABLE_TO_WATER
34.82,34.8,61.4,30.33,76.46,157285.8,5.46,35.19,WATER
20.3,11.34,80.72,12.25,93.21,0.0,0.0,18.75,NOT_ABLE_TO_WATER
23.25,26.27,60.58,23.91,55.6,5536.15,0.25,22.14,NOT_ABLE_TO_WATER
18.38,34.28,61.62,33.05,59.65,157285.8,5.94,13.9,WATER
50.96,26.23,30.55,27.55,43.51,157285.8,5.79,48.04,OK
24.99,18.69,57.52,15.85,69.12,0.0,0.0,29.19,NOT_ABLE_TO_WATER
61.42,19.75,65.22,19.13,67.77,157285.8,4.56,70.0,OK
56.9,44.44,80.7,39.69,94.18,0.0,0.0,51.65,NOT_ABLE_TO_VENTILATE
31.8,38.86,21.14,38.82,20.81,157285.8,5.0,35.82,WATER
18.2,38.75,21.43,35.6,45.74,0.0,0.0,12.96,NOT_ABLE_TO_WATER
22.63,13.81,17.29,12.41,16.93,0.0,0.0,27.2,NOT_ABLE_TO_WATER
89.56,5.16,54.94,4.03,57.19,25782.75,1.15,91.9,LOW_TEMP_ALERT
17.21,8.31,15.43,5.68,1.13,37785.56,1.6,9.69,NOT_ABLE_TO_WATER
54.18,8.38,43.69,8.16,65.62,8341.51,0.03,51.22,LOW_TEMP_ALERT
21.86,7.64,22.88,5.99,43.43,157285.8,6.06,35.46,WATER
42.83,26.89,90.7,28.37,100.0,0.0,0.0,43.06,OK
12.54,30.47,54.42,30.73,62.11,10895.94,0.67,15.01,NOT_ABLE_TO_WATER
89.34,23.38,25.47,20.63,30.12,7263.93,0.65,32.53,EXCESS_WATER
18.92,38.27,91.12,34.24,81.67,157285.8,5.58,15.22,WATER
89.06,20.8,36.71,20.95,36.7,157285.8,5.08,48.98,EXCESS_WATER
80.54,40.94,61.66,37.45,58.64,0.0,0.0,86.85,NOT_ABLE_TO_VENTILATE
64.25,26.49,22.45,25.49,26.42,2759.21,0.0,13.47,EXCESS_WATER
5.17,13.13,89.17,9.72,100.0,92981.16,3.09,73.58,WATER
66.49,17.28,66.98,16.7,74.69,1397.33,0.24,61.91,LOW_LIGHT
63.85,5.8,67.2,6.36,80.36,43027.0,2.0,70.46,LOW_TEMP_ALERT
14.37,18.26,90.29,15.1,100.0,0.0,0.0,10.18,NOT_ABLE_TO_WATER
81.52,5.65,93.9,0.0,95.33,157285.8,5.43,79.96,LOW_TEMP_ALERT
45.78,38.94,42.8,37.98,44.9,0.0,0.0,52.3,NOT_ABLE_TO_VENTILATE
43.22,15.22,28.42,16.07,35.59,4320.77,0.0,40.35,LOW_LIGHT
55.71,40.45,22.09,41.78,26.2,157285.8,5.16,51.79,HYDRIC_STRESS_ALERT
58.58,27.96,46.65,27.86,40.86,0.0,0.0,56.82,OK
36.68,44.19,35.16,43.32,48.09,72728.68,2.02,38.87,WATER
37.21,23.14,23.7,22.73,28.1,0.0,0.0,34.92,NOT_ABLE_TO_WATER
32.7,41.38,75.68,40.01,81.32,0.0,0.0,38.86,NOT_ABLE_TO_WATER
68.7,8.13,81.84,7.03,92.63,0.0,0.0,46.2,FUNGI_ALERT_EXCESS_WATER
47.66,30.85,88.58,28.62,91.6,157285.8,4.05,48.42,OK
93.62,13.28,85.83,8.12,91.54,0.0,0.0,13.23,FUNGI_ALERT_EXCESS_WATER
82.7,27.58,24.38,27.81,32.5,15162.71,0.95,89.32,OK
54.91,21.28,69.28,20.7,76.71,21209.51,0.12,11.57,EXCESS_WATER
74.82,23.3,70.22,22.21,81.29,0.0,0.0,58.01,FUNGI_ALERT_EXCESS_WATER
43.9,37.74,67.52,31.75,74.43,0.0,0.0,48.74,OK
43.12,9.7,70.37,9.0,81.61,157285.8,5.18,39.82,LOW_TEMP_ALERT
nan,23.35,54.8,24.49,66.64,47000.64,1.69,56.25,INSUFFICIENT_DATA
36.06,24.99,48.82,22.96,53.18,8857.96,0.8,73.41,NOT_ABLE_TO_WATER
32.04,24.86,40.68,22.61,33.42,15443.99,0.51,75.8,NOT_ABLE_TO_WATER
19.58,34.71,33.41,33.01,33.24,157285.8,5.52,75.64,WATER
18.57,32.8,23.52,33.6,26.67,29553.24,1.43,21.52,NOT_ABLE_TO_WATER
3.71,36.41,20.66,34.68,28.7,157285.8,4.31,58.49,WATER
80.35,30.46,71.75,30.03,85.25,0.0,0.0,83.1,OK
29.92,17.15,60.03,14.31,54.6,157285.8,5.1,89.05,WATER
68.08,26.65,79.84,24.85,88.6,0.0,0.0,71.97,OK
37.97,8.35,87.48,7.93,93.4,74015.92,2.45,54.95,WATER
8.13,20.98,47.72,21.87,71.38,36888.66,0.99,39.45,NOT_ABLE_TO_WATER
7.71,37.61,47.96,39.05,42.01,115776.78,4.29,13.12,WATER
82.86,19.99,71.26,19.91,70.31,157285.8,5.68,79.62,OK
74.33,31.27,34.67,27.97,37.28,0.0,nan,78.7,INSUFFICIENT_DATA
39.2,25.85,67.5,23.26,80.55,0.0,0.0,32.8,NOT_ABLE_TO_WATER
57.0,24.26,59.48,20.79,77.22,157285.8,5.56,51.46,OK
10.62,43.04,81.19,42.03,89.2,125578.27,4.17,67.86,WATER
58.86,15.59,54.01,14.72,58.83,157285.8,4.85,49.73,LOW_TEMP_ALERT
53.37,21.62,27.41,18.91,35.63,9462.15,0.29,55.06,LOW_LIGHT
63.51,22.83,76.91,20.0,79.36,157285.8,5.65,59.62,OK
25.68,22.04,74.48,23.01,75.02,50960.43,1.45,66.19,NOT_ABLE_TO_WATER
40.46,31.37,16.58,29.36,28.5,54.9,0.2,68.77,NOT_ABLE_TO_WATER
57.81,9.22,25.25,6.29,44.25,157285.8,4.9,52.85,LOW_TEMP_ALERT
6.85,19.18,39.57,15.53,45.67,157285.8,5.62,11.01,WATER
65.36,12.0,22.16,11.19,32.27,154504.04,5.21,68.75,LOW_TEMP_ALERT
72.33,8.1,71.84,6.31,72.4,54049.74,2.29,77.23,LOW_TEMP_ALERT
44.84,13.11,70.3,13.12,77.65,157285.8,4.37,94.9,WATER
93.41,31.69,26.62,30.95,38.86,0.0,0.0,83.49,OK
82.58,20.9,44.05,17.42,52.84,108530.04,3.08,88.08,OK
48.94,38.21,31.25,36.61,36.14,0.0,0.0,40.61,NOT_ABLE_TO_VENTILATE
51.78,22.98,73.98,20.16,88.85,3713.33,0.04,52.36,LOW_LIGHT
66.47,29.73,75.27,28.57,74.88,0.0,0.0,74.54,OK
37.87,14.95,79.16,14.64,80.74,0.0,0.0,32.44,NOT_ABLE_TO_WATER
69.59,27.42,29.02,25.21,40.6,157285.8,4.6,64.71,OK
79.65,6.12,90.01,4.41,100.0,157285.8,5.82,74.73,LOW_TEMP_ALERT
90.17,36.7,36.61,34.69,45.98,0.0,0.0,11.3,FUNGI_ALERT_EXCESS_WATER
54.09,42.49,88.08,42.72,91.16,0.0,0.0,51.9,NOT_ABLE_TO_VENTILATE
46.57,8.58,17.12,10.1,23.74,8694.54,0.0,46.42,LOW_TEMP_ALERT
45.25,12.3,94.89,11.55,98.05,0.0,0.0,49.54,LOW_TEMP_ALERT
9.1,28.52,26.04,27.73,37.02,70800.4,1.73,15.25,NOT_ABLE_TO_WATER
50.98,39.81,17.4,39.8,20.6,0.0,0.0,44.87,NOT_ABLE_TO_VENTILATE
18.67,12.13,41.6,12.89,46.53,106611.0,3.72,21.91,WATER
92.45,39.86,46.93,40.23,53.47,29974.68,1.51,94.73,NOT_ABLE_TO_VENTILATE
75.6,18.5,24.8,15.52,26.12,0.0,0.0,69.7,OK
78.3,33.56,49.42,33.98,55.38,157285.8,5.12,80.96,OK
83.89,24.73,55.19,24.15,68.46,44335.03,2.17,75.5,OK
43.79,nan,51.96,10.14,44.19,117672.67,4.25,44.81,INSUFFICIENT_DATA
50.74,24.5,49.28,22.26,53.36,0.0,0.0,58.38,OK
20.51,32.45,32.05,28.87,28.73,0.0,0.0,65.72,NOT_ABLE_TO_WATER
21.49,11.81,90.05,5.07,100.0,157285.8,5.06,64.04,WATER
75.1,39.98,83.36,35.09,92.01,91656.34,3.02,45.28,FUNGI_ALERT_EXCESS_WATER
58.82,43.37,68.21,44.07,64.68,109215.66,4.09,28.83,EXCESS_WATER
18.33,39.93,58.09,41.78,64.25,157285.8,4.26,19.99,WATER
56.68,24.25,66.11,23.87,65.01,0.0,0.0,55.16,OK
48.25,34.44,81.36,34.98,88.95,143624.44,4.33,37.73,OK
22.38,18.56,52.69,14.63,53.84,0.0,0.0,19.33,NOT_ABLE_TO_WATER
40.54,7.24,69.18,7.31,85.5,157285.8,6.08,48.07,LOW_TEMP_ALERT
83.16,21.18,77.85,21.95,77.32,0.0,0.0,89.59,OK
84.78,20.74,94.5,20.69,100.0,0.0,0.0,79.39,OK
15.22,9.05,16.56,4.67,20.6,60323.34,1.79,21.78,NOT_ABLE_TO_WATER
86.1,17.41,21.44,17.44,21.32,157285.8,5.64,78.69,OK
64.7,35.32,72.43,31.21,80.26,30047.67,1.3,72.27,OK
77.31,19.59,15.29,17.78,20.63,0.0,0.0,70.98,OK
49.45,38.38,55.83,38.48,67.18,8110.15,0.45,60.47,NOT_ABLE_TO_VENTILATE
56.38,38.1,37.25,39.79,43.43,0.0,0.0,32.7,FUNGI_ALERT_EXCESS_WATER
81.91,27.45,55.24,26.86,51.53,0.0,0.0,82.88,OK
60.76,34.31,15.94,31.35,17.22,157285.8,5.17,56.12,OK
86.8,30.24,18.12,25.02,8.85,157285.8,5.83,83.03,OK
70.19,21.13,20.11,17.51,22.45,157285.8,4.63,69.37,OK
24.52,32.42,50.11,30.02,61.69,45772.23,1.62,58.71,NOT_ABLE_TO_WATER
39.7,37.42,16.74,35.43,13.33,0.0,0.0,40.37,NOT_ABLE_TO_WATER
43.52,28.86,38.93,29.67,34.0,149283.59,4.33,30.2,OK
18.32,22.65,54.63,23.66,61.27,0.0,0.0,22.34,NOT_ABLE_TO_WATER
76.79,21.8,66.57,23.23,67.64,0.0,0.0,76.48,OK
59.44,21.06,61.87,19.65,65.78,0.0,0.0,89.03,NOT_ABLE_TO_WATER
22.93,17.32,18.96,12.55,23.92,11694.29,0.01,20.69,NOT_ABLE_TO_WATER
72.76,42.54,92.91,43.34,97.92,0.0,0.0,71.4,NOT_ABLE_TO_VENTILATE
85.15,22.83,40.87,24.06,38.94,148843.39,5.17,89.5,OK
33.39,11.16,35.42,4.98,40.32,157285.8,4.61,83.38,WATER
28.41,40.61,82.66,36.28,92.0,54222.38,1.84,81.51,NOT_ABLE_TO_WATER
10.72,40.16,40.7,41.87,46.46,35546.49,1.91,58.77,NOT_ABLE_TO_WATER
23.03,27.78,63.02,28.75,64.04,0.0,0.0,25.24,NOT_ABLE_TO_WATER
53.61,24.91,27.41,23.38,35.54,157285.8,4.85,62.36,OK
45.05,19.63,44.24,19.3,46.29,157285.8,4.75,38.9,OK
8.49,31.38,67.09,29.91,75.9,1205.88,0.22,80.31,NOT_ABLE_TO_WATER
85.95,6.18,89.28,3.44,98.86,0.0,0.0,87.86,LOW_TEMP_ALERT
83.14,25.33,63.22,23.73,64.42,10934.67,0.42,76.8,OK
51.43,41.74,90.29,42.09,92.83,157285.8,5.7,45.31,VENTILATE
78.19,42.56,16.42,41.04,11.52,9989.46,0.26,79.22,HYDRIC_STRESS_ALERT
24.97,35.1,40.69,34.54,52.14,157285.8,5.82,70.45,WATER
15.46,40.42,85.03,38.34,87.21,2940.81,0.0,16.11,NOT_ABLE_TO_WATER
19.53,44.52,33.45,40.54,44.03,0.0,0.0,81.28,NOT_ABLE_TO_WATER
77.02,36.21,32.51,36.62,30.88,122132.27,3.52,68.32,VENTILATE
55.23,28.32,28.8,26.77,34.45,0.0,0.0,54.43,OK
61.76,14.51,40.53,13.24,45.3,3338.45,0.01,49.55,LOW_TEMP_ALERT
68.09,9.73,69.57,5.04,75.56,1719.63,0.29,49.58,EXCESS_WATER
57.64,6.89,82.53,4.72,96.77,157285.8,6.32,59.14,LOW_TEMP_ALERT
70.28,43.93,35.06,40.89,34.84,0.0,0.0,86.95,NOT_ABLE_TO_WATER
47.31,14.27,72.32,10.31,67.36,49588.54,1.0,37.6,LOW_TEMP_ALERT
51.72,8.23,91.25,7.5,91.98,157285.8,5.12,93.61,WATER
10.69,18.49,89.25,14.41,98.63,18819.56,0.39,13.44,NOT_ABLE_TO_WATER
22.41,34.37,55.96,33.64,68.78,7939.23,0.0,34.41,NOT_ABLE_TO_WATER
43.27,21.46,21.39,21.8,42.17,3786.79,0.59,44.69,LOW_LIGHT
79.7,38.84,35.1,41.39,44.01,74939.59,2.14,80.29,NOT_ABLE_TO_VENTILATE
28.18,27.48,64.22,25.88,64.83,0.0,0.0,22.48,NOT_ABLE_TO_WATER
57.91,27.73,81.46,25.53,97.51,157285.8,6.27,52.53,OK
49.95,14.53,85.41,13.67,92.78,96216.96,2.91,45.17,LOW_TEMP_ALERT
32.65,42.37,63.7,40.25,54.54,0.0,0.0,37.99,NOT_ABLE_TO_WATER
60.32,10.27,59.43,12.09,68.16,18454.91,0.87,65.55,LOW_TEMP_ALERT
60.52,42.97,21.02,42.78,3.88,157285.8,6.26,36.31,EXCESS_WATER
31.39,16.11,49.12,11.08,53.3,nan,0.0,34.66,INSUFFICIENT_DATA
35.1,25.83,58.72,29.15,63.68,0.0,0.0,81.93,NOT_ABLE_TO_WATER
65.68,44.86,46.72,46.39,57.18,0.0,0.0,77.82,NOT_ABLE_TO_VENTILATE
37.08,34.42,69.33,34.08,72.55,0.0,0.0,40.55,NOT_ABLE_TO_WATER
40.99,7.12,21.96,7.25,37.38,157285.8,4.25,43.93,LOW_TEMP_ALERT
68.55,43.0,87.24,42.35,89.82,42440.14,1.11,65.37,NOT_ABLE_TO_VENTILATE
7.59,19.18,33.04,18.23,39.38,157285.8,5.08,19.36,WATER
80.08,33.62,23.48,32.41,38.75,4560.44,0.0,90.38,LOW_LIGHT
51.14,24.8,85.82,20.14,78.3,157285.8,4.73,20.09,FUNGI_ALERT_EXCESS_WATER
28.62,5.35,27.44,3.46,25.91,157285.8,6.55,22.17,WATER
9.19,31.01,61.73,28.87,66.83,156129.01,6.02,79.49,WATER
50.35,20.84,87.17,19.31,90.71,44071.75,1.93,51.23,OK
54.79,19.51,24.02,18.04,21.56,0.0,0.0,47.16,OK
70.17,13.46,32.88,12.05,35.26,0.0,0.0,70.3,LOW_TEMP_ALERT
99.02,40.01,73.42,41.27,74.61,157285.8,5.96,18.92,FUNGI_ALERT_EXCESS_WATER
64.44,13.28,86.69,15.39,95.98,25828.77,1.02,62.41,OK
42.86,17.06,37.91,13.82,45.02,0.0,0.0,36.34,LOW_TEMP_ALERT
64.87,38.08,20.96,35.93,16.61,0.0,0.0,73.34,OK
32.79,22.06,31.67,19.21,30.57,20913.82,0.0,28.86,NOT_ABLE_TO_WATER
29.81,25.48,81.76,22.08,87.89,22986.87,0.4,54.79,NOT_ABLE_TO_WATER
31.98,35.59,nan,31.94,64.58,157285.8,4.42,27.06,INSUFFICIENT_DATA
78.3,29.03,93.19,26.76,100.0,0.0,0.0,57.54,FUNGI_ALERT_EXCESS_WATER
62.45,44.9,82.22,44.1,89.91,8268.52,0.18,59.61,NOT_ABLE_TO_VENTILATE
9.48,21.33,57.91,20.27,83.63,157285.8,0.05,13.35,NOT_ABLE_TO_WATER
49.77,39.4,85.48,35.6,83.63,0.0,0.0,48.78,OK
20.7,17.22,78.92,14.38,77.55,3013.63,0.0,29.83,NOT_ABLE_TO_WATER
19.42,10.95,94.9,9.35,91.65,135594.37,5.03,17.19,WATER
24.01,26.67,18.57,26.37,29.87,157285.8,5.26,26.55,WATER
93.71,5.57,53.86,0.95,36.6,157285.8,4.39,32.16,EXCESS_WATER
76.78,19.58,57.8,17.65,68.16,157285.8,0.13,76.03,OK
67.13,31.62,71.92,29.83,86.57,157285.8,4.65,65.29,OK
60.76,38.4,57.3,42.35,62.15,140033.07,5.06,48.28,VENTILATE
43.32,20.83,53.13,17.32,45.23,0.0,0.0,59.16,NOT_ABLE_TO_WATER
53.83,30.58,74.27,32.51,77.13,157285.8,5.35,53.62,OK
78.56,43.85,62.44,38.29,80.28,157285.8,4.77,76.82,VENTILATE
96.37,30.13,42.78,22.65,47.01,31579.53,0.93,53.98,EXCESS_WATER
2.26,44.08,69.37,43.25,68.59,157285.8,4.73,12.03,WATER
47.81,40.15,29.04,42.66,22.19,0.0,0.0,70.23,NOT_ABLE_TO_WATER
71.98,14.54,52.95,14.85,46.61,0.0,0.0,72.91,LOW_TEMP_ALERT
45.45,21.56,22.26,21.54,32.11,9147.2,0.06,45.98,LOW_LIGHT
9.73,42.79,68.24,39.31,73.29,157285.8,5.05,12.13,WATER
89.93,40.44,65.48,35.17,75.78,157285.8,4.59,72.59,EXCESS_WATER
29.63,13.02,23.72,15.89,7.99,39433.44,1.48,34.87,NOT_ABLE_TO_WATER
45.14,5.34,74.96,0.67,91.31,3751.77,0.11,45.44,LOW_TEMP_ALERT
36.57,9.7,83.99,10.56,95.87,0.0,0.0,22.4,NOT_ABLE_TO_WATER
83.62,27.55,88.42,27.33,96.33,157285.8,4.97,32.33,FUNGI_ALERT_EXCESS_WATER
18.13,29.06,32.59,29.17,44.45,36152.01,0.1,14.47,NOT_ABLE_TO_WATER
95.64,31.57,52.57,28.23,53.6,0.0,0.0,22.94,FUNGI_ALERT_EXCESS_WATER
90.35,15.62,24.62,13.33,30.18,0.0,0.0,91.8,LOW_TEMP_ALERT
76.18,39.24,84.77,39.45,89.41,157285.8,4.62,76.97,VENTILATE
18.28,6.66,94.77,1.68,100.0,157285.8,0.04,16.17,NOT_ABLE_TO_WATER
41.61,8.56,73.44,3.69,74.52,21137.12,0.4,50.92,LOW_TEMP_ALERT
25.55,35.5,20.74,33.77,32.9,11511.58,0.31,16.77,NOT_ABLE_TO_WATER
68.6,5.94,71.22,3.77,73.76,0.0,0.0,75.93,LOW_TEMP_ALERT
27.17,19.8,15.92,18.72,18.14,105042.23,3.59,92.93,WATER
94.34,14.17,91.58,14.29,100.0,1411.99,0.0,93.66,LOW_TEMP_ALERT
32.98,7.15,44.46,4.65,64.05,2511.35,0.0,33.17,NOT_ABLE_TO_WATER
56.75,9.33,79.1,10.17,86.41,0.0,0.0,59.72,LOW_TEMP_ALERT
47.25,35.97,23.44,37.74,20.63,0.0,0.0,46.18,NOT_ABLE_TO_VENTILATE
60.48,9.57,25.1,9.39,23.33,113666.39,3.74,47.07,LOW_TEMP_ALERT
74.28,17.44,58.6,16.69,74.21,0.0,0.0,76.35,OK
26.75,31.07,75.45,31.36,78.34,157285.8,5.78,72.02,WATER
37.96,13.48,16.41,15.97,36.29,157285.8,5.18,37.94,WATER
56.18,33.36,47.63,31.67,65.34,9679.38,0.02,53.29,LOW_LIGHT
76.78,25.85,52.04,26.29,52.91,0.0,0.0,80.84,OK
81.01,43.46,70.1,42.49,73.49,157285.8,5.59,18.42,FUNGI_ALERT_EXCESS_WATER
49.29,29.82,19.65,25.94,32.13,157285.8,4.95,84.76,WATER
9.18,35.76,33.38,36.45,25.99,96069.26,3.55,13.56,WATER
28.2,39.9,47.29,38.67,48.23,0.0,0.0,67.69,NOT_ABLE_TO_WATER
71.76,11.17,71.99,7.31,84.45,157285.8,4.68,74.31,LOW_TEMP_ALERT
32.73,37.06,26.86,37.21,37.3,0.0,0.0,28.37,NOT_ABLE_TO_WATER
48.12,6.51,82.12,3.71,93.94,nan,4.13,16.43,INSUFFICIENT_DATA
30.16,25.72,22.52,25.54,34.06,0.0,0.0,18.99,NOT_ABLE_TO_WATER
56.02,34.13,52.91,33.4,66.48,10404.66,0.59,56.26,OK
51.41,42.68,85.5,41.83,85.52,0.0,0.0,55.31,NOT_ABLE_TO_VENTILATE
34.23,6.81,87.05,8.61,90.85,0.0,0.0,33.26,NOT_ABLE_TO_WATER
55.17,nan,82.74,12.53,89.99,157285.8,4.54,49.32,INSUFFICIENT_DATA
46.16,21.74,50.91,21.06,56.4,157285.8,5.27,70.54,WATER
17.86,31.15,76.49,28.84,84.98,42230.43,1.0,22.56,NOT_ABLE_TO_WATER
16.44,42.08,61.68,42.98,44.79,157285.8,4.92,13.25,WATER
16.8,35.91,85.37,39.35,88.42,32375.84,1.3,12.36,NOT_ABLE_TO_WATER
59.03,15.8,51.57,14.93,52.76,0.0,0.0,63.28,LOW_TEMP_ALERT
37.15,34.0,62.09,33.8,68.66,157285.8,4.82,36.33,WATER
19.68,20.9,79.9,20.41,90.86,0.0,0.0,20.61,NOT_ABLE_TO_WATER
15.36,18.82,61.88,19.06,75.85,157285.8,4.72,46.95,WATER
72.4,43.21,85.74,42.63,92.33,0.0,0.0,67.79,NOT_ABLE_TO_VENTILATE
23.86,25.08,35.61,23.46,52.97,0.0,0.0,25.25,NOT_ABLE_TO_WATER
45.63,22.41,41.74,19.32,43.23,0.0,0.0,43.58,OK
60.24,36.74,78.93,34.73,90.68,0.0,0.0,68.33,OK
36.14,38.35,30.02,37.09,24.25,157285.8,5.04,55.23,WATER
20.67,29.98,26.74,30.73,25.14,0.0,0.0,90.35,NOT_ABLE_TO_WATER
44.45,19.82,28.47,20.89,27.33,0.0,0.0,76.1,NOT_ABLE_TO_WATER
66.62,18.09,16.44,14.96,20.85,157285.8,6.3,65.01,LOW_TEMP_ALERT
45.92,38.05,27.59,35.09,21.42,nan,1.79,49.38,INSUFFICIENT_DATA
47.94,5.56,77.36,4.65,90.51,6331.71,0.0,48.8,LOW_TEMP_ALERT
1.05,19.25,47.83,17.4,53.12,45931.95,1.72,20.94,NOT_ABLE_TO_WATER
60.4,21.27,38.76,19.87,51.87,45775.55,1.12,67.56,OK
89.03,28.61,30.09,30.16,34.39,0.0,0.0,27.47,FUNGI_ALERT_EXCESS_WATER
100.0,26.21,88.86,24.82,83.71,157285.8,5.7,92.58,OK
33.69,21.63,79.83,21.46,71.82,2223.02,0.4,28.43,NOT_ABLE_TO_WATER
30.8,16.23,48.62,16.68,66.68,0.0,0.0,26.95,NOT_ABLE_TO_WATER
5.15,32.56,77.72,27.28,85.16,157285.8,0.13,35.96,NOT_ABLE_TO_WATER
92.6,13.53,72.27,12.24,69.96,0.0,0.0,89.58,LOW_TEMP_ALERT
88.95,5.31,91.03,2.45,100.0,0.0,0.0,34.17,FUNGI_ALERT_EXCESS_WATER
28.44,17.08,29.11,16.81,41.22,145251.45,4.5,22.58,WATER
63.14,nan,78.75,5.22,73.45,0.0,0.0,60.36,INSUFFICIENT_DATA
57.78,17.48,84.1,16.13,85.68,0.0,0.0,52.03,OK
14.46,12.33,25.2,7.93,33.54,0.0,0.0,44.85,NOT_ABLE_TO_WATER
88.3,17.11,61.53,18.56,77.62,157285.8,6.03,78.91,OK
79.53,28.57,33.15,26.32,31.93,157285.8,4.37,75.59,OK
25.96,21.59,21.52,22.68,30.57,157285.8,5.14,34.77,WATER
70.26,27.62,80.84,25.03,67.06,157285.8,6.17,63.36,OK
85.1,38.56,56.23,38.17,55.5,652.23,0.0,44.43,EXCESS_WATER
79.9,27.14,17.29,25.27,16.2,0.0,0.0,14.26,FUNGI_ALERT_EXCESS_WATER
64.89,8.66,93.75,1.6,99.18,157285.8,4.97,62.82,LOW_TEMP_ALERT
56.72,37.13,45.67,33.25,46.67,0.0,0.0,63.13,OK
42.41,32.85,36.13,30.66,37.59,4853.75,0.32,67.76,NOT_ABLE_TO_WATER
81.97,37.77,56.41,36.11,70.58,157285.8,4.65,84.53,VENTILATE
81.15,37.83,44.02,33.78,41.42,0.0,0.0,69.83,OK
79.17,38.23,82.63,34.12,79.59,0.0,0.0,87.98,OK
21.81,24.66,76.59,19.76,76.82,137217.47,5.05,53.42,WATER
32.16,31.28,84.2,28.82,89.89,0.0,0.0,47.98,NOT_ABLE_TO_WATER
33.73,38.26,66.8,36.94,66.83,157285.8,6.53,36.91,WATER
24.77,32.29,33.75,28.74,38.43,157285.8,5.86,25.79,WATER
87.17,40.52,60.79,37.73,55.75,48588.04,1.6,93.69,NOT_ABLE_TO_VENTILATE
19.17,37.68,44.66,32.62,62.45,157285.8,5.76,44.26,WATER
58.0,26.61,38.72,26.63,52.72,157285.8,5.29,55.27,OK
21.87,41.32,80.92,39.55,95.19,22692.95,0.05,20.91,NOT_ABLE_TO_WATER
9.48,32.88,64.64,30.49,62.79,0.0,0.0,76.51,NOT_ABLE_TO_WATER
75.77,9.33,26.98,nan,33.47,157285.8,5.4,75.8,INSUFFICIENT_DATA
96.96,12.91,21.91,7.87,9.89,157285.8,4.85,91.59,LOW_TEMP_ALERT
78.23,27.97,24.38,29.89,24.24,2297.49,0.05,77.67,LOW_LIGHT
79.6,43.97,78.9,44.21,68.3,7815.65,0.44,14.91,FUNGI_ALERT_EXCESS_WATER
7.57,37.99,68.75,38.31,77.77,5181.9,0.24,14.79,NOT_ABLE_TO_WATER
21.46,16.23,64.55,13.12,68.19,0.0,0.0,17.49,NOT_ABLE_TO_WATER
25.91,27.93,17.16,25.84,13.06,0.0,0.0,70.96,NOT_ABLE_TO_WATER
15.4,17.43,91.21,18.05,100.0,157285.8,5.54,13.34,WATER
69.6,25.73,84.04,26.53,94.13,157285.8,4.74,70.29,OK
76.27,42.85,35.22,38.39,41.16,12864.21,0.44,76.0,NOT_ABLE_TO_VENTILATE
18.96,16.63,87.04,15.6,94.35,157285.8,0.1,23.18,NOT_ABLE_TO_WATER
nan,14.33,88.12,13.23,87.36,0.0,0.0,76.27,INSUFFICIENT_DATA
86.6,22.96,91.03,23.23,100.0,0.0,0.0,58.42,FUNGI_ALERT_EXCESS_WATER
73.13,10.24,35.33,5.37,58.91,3438.55,0.0,73.79,LOW_TEMP_ALERT
78.46,20.13,72.58,18.44,76.69,0.0,0.0,34.71,FUNGI_ALERT_EXCESS_WATER
8.39,42.83,93.28,42.15,100.0,0.0,0.0,38.27,NOT_ABLE_TO_WATER
67.48,29.71,26.69,29.41,20.73,157285.8,5.91,44.8,EXCESS_WATER
97.14,27.83,59.12,26.3,67.2,0.0,0.0,36.9,FUNGI_ALERT_EXCESS_WATER
67.05,28.09,61.69,25.94,68.39,157285.8,5.39,19.76,EXCESS_WATER
88.66,26.6,56.91,25.18,73.9,96471.36,3.41,86.11,OK
86.38,22.42,46.87,23.52,56.85,157285.8,6.36,78.29,OK
85.72,9.59,39.19,5.64,42.67,99556.56,3.32,83.68,LOW_TEMP_ALERT
12.35,6.62,64.33,6.59,75.6,143620.15,0.01,53.26,NOT_ABLE_TO_WATER
26.21,11.9,35.04,14.29,54.83,0.0,0.0,22.5,NOT_ABLE_TO_WATER
55.38,20.7,68.49,20.99,77.65,144760.42,4.68,49.36,OK
28.32,12.78,34.52,13.84,27.65,0.0,0.0,39.55,NOT_ABLE_TO_WATER
95.41,24.09,50.23,23.0,49.6,157285.8,5.33,92.72,OK
41.26,40.7,65.98,35.94,61.79,5744.09,0.19,94.74,NOT_ABLE_TO_WATER
48.75,26.12,60.75,26.04,79.62,157285.8,4.4,87.02,WATER
78.04,37.24,42.33,36.62,33.76,3662.29,0.0,75.34,NOT_ABLE_TO_VENTILATE
78.02,38.02,86.33,38.47,82.99,84336.09,3.43,56.5,FUNGI_ALERT_EXCESS_WATER
89.12,31.51,63.95,30.82,68.46,157285.8,5.67,46.43,EXCESS_WATER
30.33,10.22,69.59,11.86,57.85,0.0,0.0,27.99,NOT_ABLE_TO_WATER
38.62,14.08,21.68,15.27,14.7,8477.12,0.0,91.49,NOT_ABLE_TO_WATER
20.74,17.18,93.49,17.19,100.0,157285.8,4.71,18.83,WATER
34.57,10.76,84.82,11.74,93.88,0.0,0.0,50.23,NOT_ABLE_TO_WATER
49.85,7.57,55.67,3.86,51.01,82035.02,3.06,47.27,LOW_TEMP_ALERT
28.93,42.72,68.56,39.17,73.15,16979.21,0.4,39.04,NOT_ABLE_TO_WATER
30.1,23.25,60.93,22.62,75.86,0.0,0.0,27.82,NOT_ABLE_TO_WATER
90.0,37.52,52.14,35.7,57.88,0.0,0.0,82.59,OK
50.64,14.44,54.81,11.47,50.69,0.0,0.0,54.07,LOW_TEMP_ALERT
62.29,39.21,67.6,35.92,63.93,5551.77,0.39,57.31,LOW_LIGHT
83.24,20.08,79.01,21.18,94.96,157285.8,5.79,88.09,OK
48.69,22.23,73.56,22.11,71.53,8191.92,0.0,46.93,LOW_LIGHT
69.78,8.11,23.03,5.1,18.42,157285.8,4.85,25.87,EXCESS_WATER
13.05,43.09,70.91,38.9,87.89,0.0,0.0,18.16,NOT_ABLE_TO_WATER
10.7,29.39,33.93,25.37,37.51,11494.79,0.63,39.11,NOT_ABLE_TO_WATER
24.29,27.76,76.78,23.88,95.7,0.0,0.0,22.73,NOT_ABLE_TO_WATER
82.22,18.28,25.69,20.14,33.22,0.0,0.0,79.51,OK
61.55,17.72,66.18,19.29,61.42,96188.48,3.63,60.2,OK
68.71,40.35,78.39,38.65,97.62,68287.22,2.32,74.27,NOT_ABLE_TO_VENTILATE
41.82,28.19,37.36,26.99,41.58,118392.15,3.9,84.35,WATER
51.36,31.02,23.07,28.89,50.44,5585.44,0.08,45.1,LOW_LIGHT
9.25,41.1,94.11,40.86,96.93,5461.8,0.39,10.06,NOT_ABLE_TO_WATER
77.69,36.17,41.71,37.02,41.95,157285.8,5.31,77.01,VENTILATE
5.55,14.18,74.09,13.06,80.8,15958.18,0.74,64.25,NOT_ABLE_TO_WATER
100.0,44.75,55.64,43.82,66.35,157285.8,5.19,93.54,VENTILATE
93.43,16.95,53.95,16.0,48.54,157285.8,4.71,95.03,OK
26.35,16.42,16.52,13.69,20.72,141460.43,4.04,37.97,WATER
47.63,13.04,37.55,13.36,46.24,23531.47,0.33,13.32,EXCESS_WATER
12.45,30.51,57.63,33.11,59.81,0.0,0.0,16.87,NOT_ABLE_TO_WATER
30.51,41.04,18.67,39.42,25.51,157285.8,5.81,79.96,WATER
28.71,16.77,93.35,16.34,79.83,72359.23,1.84,54.38,NOT_ABLE_TO_WATER
27.81,22.68,63.41,24.54,63.1,4404.61,0.0,29.84,NOT_ABLE_TO_WATER
17.28,15.88,85.98,13.69,81.51,0.0,0.0,88.79,NOT_ABLE_TO_WATER
46.8,38.69,22.08,35.86,25.64,157285.8,5.81,51.65,OK
12.71,41.89,30.95,40.76,44.74,0.0,0.0,16.5,NOT_ABLE_TO_WATER
45.3,nan,78.02,33.65,87.35,88644.73,3.26,38.31,INSUFFICIENT_DATA
28.24,29.9,26.5,27.36,34.28,96176.95,3.63,30.39,WATER
24.0,43.65,38.12,45.1,62.13,29598.1,0.66,22.65,NOT_ABLE_TO_WATER
38.51,8.21,24.56,11.03,24.16,0.0,0.0,45.28,NOT_ABLE_TO_WATER
43.78,9.0,47.58,5.52,55.7,116150.13,4.16,30.12,LOW_TEMP_ALERT
24.89,33.55,41.89,33.42,48.55,0.0,0.0,30.94,NOT_ABLE_TO_WATER
95.39,31.34,34.25,28.77,36.88,27360.17,0.75,49.89,EXCESS_WATER
38.35,33.53,51.73,36.22,56.28,157285.8,5.57,45.75,WATER
30.71,25.83,45.07,25.82,52.73,0.0,0.0,26.69,NOT_ABLE_TO_WATER
41.05,nan,18.57,23.04,22.06,0.0,0.0,14.93,INSUFFICIENT_DATA
25.36,37.44,36.39,37.1,40.49,0.0,0.0,18.43,NOT_ABLE_TO_WATER
33.26,22.06,33.66,22.82,34.68,0.0,0.0,77.0,NOT_ABLE_TO_WATER
44.71,28.03,88.22,27.71,100.0,153348.33,4.7,52.07,OK
32.08,18.04,76.06,16.18,79.48,0.0,0.0,34.31,NOT_ABLE_TO_WATER
24.97,14.75,nan,15.84,44.45,0.0,0.0,82.45,INSUFFICIENT_DATA
24.42,15.45,15.41,14.78,24.13,43945.35,0.0,10.35,NOT_ABLE_TO_WATER
50.47,39.09,71.54,37.29,84.19,23504.01,0.82,52.23,NOT_ABLE_TO_VENTILATE
97.3,14.58,87.52,8.03,97.54,90057.86,3.72,53.97,FUNGI_ALERT_EXCESS_WATER
4.64,35.79,57.81,36.25,81.07,0.0,0.0,17.21,NOT_ABLE_TO_WATER
93.96,23.7,22.0,20.31,25.91,157285.8,6.13,16.71,EXCESS_WATER
26.76,17.92,91.86,16.68,100.0,0.0,0.0,52.17,NOT_ABLE_TO_WATER
8.08,nan,84.51,9.08,85.89,0.0,0.0,16.03,INSUFFICIENT_DATA
7.0,42.67,28.39,39.62,34.45,157285.8,5.85,37.76,WATER
55.08,32.46,40.73,30.92,51.33,0.0,0.0,45.25,OK
72.01,25.84,66.06,26.79,61.95,0.0,0.0,75.83,OK
5.97,31.06,50.87,31.57,56.27,157285.8,4.75,42.92,WATER
85.17,41.78,22.89,37.55,40.87,157285.8,nan,62.12,INSUFFICIENT_DATA
99.79,22.94,22.51,22.11,19.18,0.0,0.0,21.66,FUNGI_ALERT_EXCESS_WATER
92.98,8.21,82.22,10.15,87.58,0.0,0.0,86.82,LOW_TEMP_ALERT
52.15,28.58,79.29,28.2,97.49,0.0,0.0,43.31,OK
10.53,15.03,64.78,13.46,70.96,32127.29,1.05,17.03,NOT_ABLE_TO_WATER
79.4,26.48,78.96,23.26,83.15,133841.44,4.53,71.83,OK
22.73,23.56,34.75,23.17,36.1,0.0,0.0,29.89,NOT_ABLE_TO_WATER
69.45,26.4,15.28,22.57,22.62,2392.96,0.0,60.58,LOW_LIGHT
16.69,42.87,17.97,39.89,24.21,1609.6,0.0,9.74,NOT_ABLE_TO_WATER
88.52,44.28,26.35,46.48,32.02,157285.8,4.22,82.71,HYDRIC_STRESS_ALERT
38.03,13.97,58.9,9.81,61.97,8207.56,0.02,40.51,NOT_ABLE_TO_WATER
76.77,38.37,78.74,34.46,70.87,157285.8,4.47,76.23,OK
20.16,32.19,81.45,29.83,87.01,157285.8,4.95,18.36,WATER
29.63,17.06,82.76,14.79,94.12,3920.04,0.0,28.09,NOT_ABLE_TO_WATER
15.74,11.14,15.56,7.87,25.36,3308.11,0.01,74.69,NOT_ABLE_TO_WATER
39.57,10.1,30.54,7.01,28.15,41742.79,1.69,64.49,NOT_ABLE_TO_WATER
68.76,44.99,20.39,44.13,13.15,614.69,0.0,61.8,HYDRIC_STRESS_ALERT
97.22,14.29,39.71,12.6,37.45,157285.8,4.75,91.71,LOW_TEMP_ALERT
10.89,19.3,33.58,18.45,28.02,3179.71,0.54,15.4,NOT_ABLE_TO_WATER
73.56,10.48,59.55,6.38,68.18,11827.54,0.7,69.45,LOW_TEMP_ALERT
96.74,7.96,53.36,5.07,46.82,157285.8,5.14,81.21,EXCESS_WATER
23.29,8.78,92.39,9.67,98.5,45357.32,1.03,12.19,NOT_ABLE_TO_WATER
74.62,35.52,36.99,32.23,41.47,34736.02,0.9,73.17,OK
86.62,20.01,33.78,20.08,34.07,0.0,0.0,81.67,OK
59.66,34.56,57.08,30.65,70.87,8401.93,0.0,27.07,EXCESS_WATER
76.34,36.84,85.44,35.83,89.89,0.0,0.0,85.86,OK
89.68,35.17,71.94,34.58,62.79,157285.8,nan,68.31,INSUFFICIENT_DATA
55.54,28.08,70.29,25.68,79.26,0.0,0.0,64.56,OK
40.74,15.05,24.66,12.6,29.73,157285.8,4.99,42.77,LOW_TEMP_ALERT
83.76,32.45,52.75,30.23,58.44,0.0,0.0,84.04,OK
48.5,17.63,45.47,17.74,48.14,157285.8,5.56,47.77,OK
7.17,20.08,25.1,20.25,28.02,7632.47,0.11,43.42,NOT_ABLE_TO_WATER
13.75,35.47,64.86,35.43,78.86,157285.8,5.04,88.58,WATER
97.38,30.32,94.78,29.94,100.0,0.0,0.0,92.25,OK
52.05,10.06,71.55,10.72,70.88,157285.8,5.05,84.12,WATER
18.72,12.42,75.48,11.62,77.8,0.0,0.0,26.93,NOT_ABLE_TO_WATER
72.6,19.11,85.66,21.0,90.63,157285.8,6.06,67.06,OK
55.52,10.85,60.73,11.08,49.38,0.0,0.0,79.21,NOT_ABLE_TO_WATER
17.8,23.55,70.98,23.32,69.89,0.0,0.0,19.34,NOT_ABLE_TO_WATER
53.53,6.06,89.78,4.66,88.57,157285.8,5.64,78.53,WATER
80.18,21.59,65.89,21.82,65.25,157285.8,4.15,89.16,OK
85.77,23.8,73.65,20.95,80.74,0.0,0.0,61.66,FUNGI_ALERT_EXCESS_WATER
15.89,38.25,16.25,37.11,20.66,10471.49,0.55,68.55,NOT_ABLE_TO_WATER
63.45,26.72,25.08,20.09,nan,0.0,0.0,64.02,INSUFFICIENT_DATA
88.02,22.25,46.03,22.4,47.23,157285.8,5.66,63.84,EXCESS_WATER
9.35,40.07,55.32,38.79,55.94,140080.75,4.99,35.58,WATER
16.99,23.21,51.31,21.45,54.22,147642.2,4.88,88.04,WATER
68.18,41.8,56.81,39.59,64.37,157285.8,5.53,14.04,EXCESS_WATER
24.16,25.13,25.08,23.97,29.9,25515.88,0.84,16.91,NOT_ABLE_TO_WATER
69.45,36.12,85.92,34.49,89.88,0.0,0.0,90.55,NOT_ABLE_TO_WATER
35.19,8.58,75.7,7.29,59.88,24613.66,0.43,28.15,NOT_ABLE_TO_WATER
53.13,36.07,45.01,33.08,42.28,0.0,0.0,89.89,NOT_ABLE_TO_WATER
20.58,15.23,53.18,12.16,57.47,0.0,0.0,71.53,NOT_ABLE_TO_WATER
91.13,17.48,30.82,15.23,29.33,2059.05,0.0,39.78,EXCESS_WATER
66.01,16.88,43.94,16.45,44.89,0.0,0.0,63.82,OK
20.1,13.04,25.16,11.24,18.49,0.0,0.0,28.59,NOT_ABLE_TO_WATER
71.92,15.56,89.75,15.54,94.82,157285.8,5.7,76.68,OK
65.53,42.4,23.48,39.11,33.39,0.0,0.0,67.02,HYDRIC_STRESS_ALERT
9.62,34.33,28.23,33.33,19.97,0.0,0.0,11.42,NOT_ABLE_TO_WATER
71.71,13.08,89.3,11.39,82.44,0.0,0.0,68.51,LOW_TEMP_ALERT
27.25,6.84,94.03,7.11,95.08,157285.8,6.22,71.89,WATER
8.86,43.34,38.04,40.45,52.56,157285.8,5.17,12.91,WATER
91.54,22.83,79.56,22.77,87.36,157285.8,5.19,87.56,OK
95.96,43.39,34.41,37.83,41.57,157285.8,5.88,31.93,EXCESS_WATER
28.58,10.83,90.95,11.98,100.0,12673.32,0.69,15.92,NOT_ABLE_TO_WATER
87.18,22.81,33.41,19.8,41.4,43732.67,1.43,86.14,OK
4.83,5.13,93.82,4.07,94.56,0.0,0.0,82.19,NOT_ABLE_TO_WATER
62.33,6.74,42.37,4.19,50.24,24403.38,0.93,22.15,EXCESS_WATER
78.34,8.55,30.44,6.23,24.17,66253.77,2.87,22.22,EXCESS_WATER
32.87,24.59,81.12,23.83,70.41,119020.66,3.97,25.52,WATER
36.3,35.88,44.59,34.71,55.87,42137.07,1.72,86.72,NOT_ABLE_TO_WATER
60.14,12.41,17.74,12.19,16.89,46071.67,1.97,42.2,EXCESS_WATER
43.22,7.84,66.33,9.37,69.36,0.0,0.0,42.88,LOW_TEMP_ALERT
46.67,22.69,87.86,17.61,93.63,41438.52,1.84,52.76,OK
88.53,44.37,24.41,40.34,35.37,73356.95,3.01,80.74,HYDRIC_STRESS_ALERT
83.64,9.3,88.06,9.89,88.82,6943.06,0.15,34.32,FUNGI_ALERT_EXCESS_WATER
56.89,38.6,47.02,36.04,57.45,91559.67,3.7,54.29,VENTILATE
43.11,38.63,75.78,35.33,89.48,0.0,0.0,48.72,OK
15.44,18.12,18.77,14.64,16.38,157285.8,4.83,28.47,WATER
36.59,34.13,18.28,32.1,21.7,36174.39,1.82,35.3,NOT_ABLE_TO_WATER
73.01,39.99,83.38,37.29,93.33,9737.43,0.06,71.68,NOT_ABLE_TO_VENTILATE
82.23,12.37,83.39,12.23,90.24,157285.8,5.74,80.14,LOW_TEMP_ALERT
64.36,14.28,62.96,12.74,77.23,80080.94,2.87,87.96,WATER
71.41,5.32,62.29,1.79,58.71,0.0,0.0,93.81,NOT_ABLE_TO_WATER
27.39,29.07,59.98,26.44,64.07,157285.8,6.21,27.6,WATER
87.69,22.6,72.95,20.04,73.03,157285.8,0.15,82.04,OK
17.17,10.79,51.39,5.48,65.98,157285.8,4.18,21.04,WATER
72.26,19.73,33.32,17.2,38.22,20275.79,1.7,74.09,OK
91.87,35.38,32.76,34.57,36.02,0.0,0.0,9.72,FUNGI_ALERT_EXCESS_WATER
80.65,28.94,64.55,29.13,62.45,0.0,0.0,74.58,OK
14.34,13.16,77.88,9.28,83.17,30126.57,0.74,22.32,NOT_ABLE_TO_WATER
22.1,7.86,39.02,5.94,38.86,157285.8,5.07,31.94,WATER
29.87,23.38,61.91,20.6,69.09,142484.38,3.92,29.31,WATER
33.63,39.21,93.1,36.53,84.01,4156.6,0.06,38.7,NOT_ABLE_TO_WATER
35.94,7.84,69.92,8.2,78.38,0.0,0.0,32.53,NOT_ABLE_TO_WATER
64.83,33.01,61.1,33.08,56.02,157285.8,0.04,36.15,EXCESS_WATER
93.29,34.85,78.27,34.7,97.11,157285.8,4.85,93.39,OK
35.81,40.38,75.21,41.22,85.46,19767.19,0.73,28.12,NOT_ABLE_TO_WATER
70.16,32.92,76.09,32.08,68.4,157285.8,5.77,48.89,FUNGI_ALERT_EXCESS_WATER
26.41,43.91,75.34,44.78,73.63,49497.45,1.51,55.15,NOT_ABLE_TO_WATER
85.97,39.79,66.43,35.92,69.34,0.0,0.0,27.25,FUNGI_ALERT_EXCESS_WATER
84.15,43.01,18.85,43.16,29.23,0.0,0.0,88.9,HYDRIC_STRESS_ALERT
80.99,27.33,52.91,23.86,52.56,157285.8,4.8,84.15,OK
60.1,33.45,92.74,30.21,95.54,157285.8,5.23,58.96,OK
55.77,5.09,80.06,3.29,78.59,0.0,0.0,92.83,NOT_ABLE_TO_WATER
50.7,nan,35.41,37.64,37.38,157285.8,0.06,40.18,INSUFFICIENT_DATA
96.08,31.24,71.61,27.79,73.28,157285.8,5.4,92.79,OK
70.29,9.93,77.27,10.35,87.27,0.0,0.0,66.09,LOW_TEMP_ALERT
46.8,12.0,30.02,10.01,35.4,157285.8,4.87,46.14,LOW_TEMP_ALERT
32.93,44.91,20.0,41.54,25.72,0.0,0.0,39.52,NOT_ABLE_TO_WATER
8.27,8.57,51.19,7.57,42.68,157285.8,5.19,66.97,WATER
63.23,26.63,63.28,24.41,67.78,0.0,0.0,80.52,NOT_ABLE_TO_WATER
40.79,44.86,46.49,44.95,51.51,9630.63,0.45,40.15,NOT_ABLE_TO_VENTILATE
0.73,5.39,93.71,5.49,89.08,157285.8,5.69,57.47,WATER
16.85,5.6,21.75,4.49,35.11,0.0,0.0,14.53,NOT_ABLE_TO_WATER
81.93,15.9,36.13,14.1,53.18,0.0,0.0,77.65,LOW_TEMP_ALERT
82.45,22.08,22.78,21.78,21.07,0.0,0.0,75.84,OK
91.51,20.47,74.49,20.02,76.2,157285.8,5.35,93.75,OK
nan,18.59,48.32,19.95,40.05,0.0,0.0,53.85,INSUFFICIENT_DATA
35.3,20.09,30.66,21.63,51.92,0.0,0.0,62.93,NOT_ABLE_TO_WATER
83.07,15.48,26.57,18.58,22.91,0.0,0.0,85.7,OK
68.76,8.29,49.75,2.95,48.67,0.0,0.0,93.82,NOT_ABLE_TO_WATER
41.0,36.92,74.14,33.74,69.95,2901.73,0.0,34.88,LOW_LIGHT
61.98,32.3,52.37,33.62,59.78,157285.8,5.3,32.41,EXCESS_WATER
27.84,24.2,31.43,22.95,58.67,157285.8,4.6,30.71,WATER
30.12,27.53,57.29,24.29,70.67,157285.8,6.33,86.9,WATER
65.58,29.08,70.75,26.51,83.88,157285.8,5.12,55.88,OK
20.9,39.84,72.68,38.09,56.29,0.0,0.0,18.86,NOT_ABLE_TO_WATER
84.33,20.44,66.84,20.56,61.78,157285.8,5.04,81.68,OK
24.92,8.12,75.37,6.18,77.83,157285.8,5.51,20.08,WATER
40.88,27.43,67.1,26.57,75.25,155042.96,4.91,23.5,EXCESS_WATER
50.46,39.04,67.83,37.47,73.48,29508.44,0.45,58.81,NOT_ABLE_TO_VENTILATE
98.93,15.5,41.85,14.73,47.29,0.0,0.0,24.57,FUNGI_ALERT_EXCESS_WATER
40.56,5.92,77.64,4.54,66.71,0.0,0.0,37.03,LOW_TEMP_ALERT
58.46,20.41,29.43,19.53,42.5,157285.8,5.26,61.69,OK
42.76,33.31,32.9,32.86,37.83,0.0,0.0,40.9,OK
94.38,17.26,48.93,17.42,65.18,24325.11,0.71,60.31,EXCESS_WATER
11.29,7.13,58.9,7.68,51.98,140405.47,4.77,10.51,WATER
61.8,37.79,52.28,36.01,63.6,157285.8,5.41,22.01,EXCESS_WATER
54.49,38.27,27.29,38.95,30.22,6762.19,0.35,58.48,NOT_ABLE_TO_VENTILATE
83.88,5.61,26.01,5.69,33.66,7006.86,0.0,78.21,LOW_TEMP_ALERT
14.0,20.63,33.66,19.87,40.2,4396.51,0.0,24.81,NOT_ABLE_TO_WATER
25.38,18.31,75.57,18.72,77.51,0.0,0.0,28.54,NOT_ABLE_TO_WATER
81.63,38.0,31.23,34.96,39.14,1923.16,0.09,87.13,LOW_LIGHT
93.54,8.26,16.87,9.63,20.31,0.0,0.0,90.84,LOW_TEMP_ALERT
15.03,36.05,16.4,35.04,5.51,157285.8,4.6,10.94,WATER
89.16,34.05,68.76,33.25,71.8,0.0,0.0,88.15,OK
19.46,27.04,51.29,27.8,58.97,157285.8,6.09,30.68,WATER
4.89,43.88,42.34,38.82,58.7,48021.1,1.64,89.36,NOT_ABLE_TO_WATER
51.44,5.46,78.44,3.16,70.04,0.0,0.0,21.35,FUNGI_ALERT_EXCESS_WATER
47.26,22.57,47.63,19.99,43.46,157285.8,5.09,59.61,OK
84.37,11.41,15.12,9.22,21.0,157285.8,5.92,39.68,EXCESS_WATER
60.58,19.09,20.05,16.28,37.25,0.0,0.0,77.99,NOT_ABLE_TO_WATER
20.99,16.73,23.81,14.39,17.7,0.0,0.0,83.64,NOT_ABLE_TO_WATER
62.99,24.25,21.32,23.47,42.69,157285.8,5.1,65.47,OK
94.58,18.42,29.94,11.85,37.16,157285.8,5.15,36.39,EXCESS_WATER
31.9,12.93,35.54,9.18,29.42,4150.19,0.18,27.83,NOT_ABLE_TO_WATER
21.3,44.75,70.05,42.95,62.1,0.0,0.0,21.11,NOT_ABLE_TO_WATER
89.26,17.45,87.19,17.63,100.0,157285.8,4.47,81.8,OK
62.79,8.81,51.75,6.23,65.44,0.0,0.0,64.71,LOW_TEMP_ALERT
52.62,17.94,45.59,15.14,49.09,3673.51,0.24,45.34,LOW_LIGHT
99.41,29.08,49.77,29.82,58.5,0.0,0.0,92.98,OK
45.35,30.13,65.18,30.65,63.39,157285.8,5.08,50.76,OK
41.67,39.84,35.43,37.39,36.53,0.0,0.0,39.42,NOT_ABLE_TO_VENTILATE
71.02,40.15,52.23,37.6,52.39,148815.71,5.18,70.76,VENTILATE
36.07,36.6,19.78,31.16,26.77,0.0,0.0,28.57,NOT_ABLE_TO_WATER
97.28,22.78,40.57,18.09,54.19,0.0,0.0,92.17,OK
63.17,23.06,72.72,22.54,81.27,157285.8,5.04,55.57,OK
10.11,26.94,85.41,26.87,87.12,2324.82,0.05,14.07,NOT_ABLE_TO_WATER
77.4,36.77,65.49,35.36,66.02,0.0,0.0,48.52,FUNGI_ALERT_EXCESS_WATER
15.69,40.65,28.62,36.93,34.65,30377.23,0.7,41.2,NOT_ABLE_TO_WATER
33.59,44.02,32.2,39.18,51.82,0.0,0.0,27.18,NOT_ABLE_TO_WATER
12.83,43.77,73.42,41.88,74.56,157285.8,5.23,43.54,WATER
37.1,18.77,65.94,16.53,75.21,157285.8,5.49,38.16,WATER
42.84,11.22,43.17,8.89,50.17,69933.2,2.06,83.84,WATER
32.84,27.08,35.32,25.35,34.3,6086.78,0.21,40.6,NOT_ABLE_TO_WATER
74.83,29.1,85.28,31.58,98.98,157285.8,5.13,75.8,OK
10.46,28.9,65.57,23.31,71.39,157285.8,5.85,44.46,WATER
90.84,13.34,31.37,17.64,39.01,0.0,0.0,20.26,FUNGI_ALERT_EXCESS_WATER
26.51,7.71,44.42,7.05,51.24,67566.47,2.91,23.67,WATER
77.31,22.5,39.99,22.23,49.7,0.0,0.0,85.7,OK
12.71,28.23,84.39,25.12,93.6,0.0,0.0,61.46,NOT_ABLE_TO_WATER
24.54,37.67,48.79,35.61,33.34,157285.8,4.99,80.2,WATER
67.65,22.45,53.3,20.46,69.56,142246.58,5.34,92.79,WATER
45.4,26.44,51.95,28.46,70.27,116862.09,5.08,58.77,OK
19.75,23.53,54.7,24.33,46.47,94482.2,2.9,22.06,WATER
29.29,39.88,71.9,36.91,72.39,156823.75,5.8,34.63,WATER
39.53,24.06,44.54,20.53,55.96,32539.14,0.14,52.51,NOT_ABLE_TO_WATER
62.35,9.07,48.89,9.01,52.5,29100.86,1.55,45.33,EXCESS_WATER
33.09,12.23,70.32,8.97,67.01,0.0,0.0,28.88,NOT_ABLE_TO_WATER
14.93,14.94,62.15,14.13,73.1,0.0,0.0,49.61,NOT_ABLE_TO_WATER
83.71,44.26,24.16,40.43,31.44,0.0,0.0,81.1,HYDRIC_STRESS_ALERT
79.72,10.27,93.69,10.14,92.17,28576.93,0.02,25.59,FUNGI_ALERT_EXCESS_WATER
56.32,13.35,75.67,12.35,88.41,0.0,0.0,56.85,LOW_TEMP_ALERT
100.0,13.34,69.83,12.94,60.73,0.0,0.0,95.1,LOW_TEMP_ALERT
10.04,7.21,38.74,0.5,38.8,0.0,0.0,16.88,NOT_ABLE_TO_WATER
25.56,7.3,47.41,6.43,46.88,157285.8,5.33,57.32,WATER
36.65,29.05,33.74,26.47,38.81,2104.21,0.0,28.25,NOT_ABLE_TO_WATER
75.72,18.99,65.21,17.33,81.07,5684.84,0.11,75.25,LOW_LIGHT
56.42,9.59,15.45,6.27,23.0,0.0,0.0,25.75,FUNGI_ALERT_EXCESS_WATER
36.2,27.01,24.29,22.62,25.91,0.0,0.0,66.78,NOT_ABLE_TO_WATER
42.22,14.46,46.89,9.36,39.83,70057.55,1.95,39.22,LOW_TEMP_ALERT
84.14,27.55,57.6,28.6,65.91,0.0,0.0,75.36,OK
76.38,43.13,23.1,40.19,35.11,0.0,0.0,27.39,FUNGI_ALERT_EXCESS_WATER
77.5,40.76,89.36,39.65,97.8,1730.8,0.21,78.69,NOT_ABLE_TO_VENTILATE
60.24,43.05,24.49,42.98,11.39,7441.83,0.03,66.35,HYDRIC_STRESS_ALERT
42.8,28.75,29.19,23.69,43.07,0.0,0.0,39.69,OK
92.06,20.62,61.36,18.11,58.88,157285.8,4.69,17.1,EXCESS_WATER
64.39,35.6,82.98,33.63,89.98,0.0,0.0,89.12,NOT_ABLE_TO_WATER
86.9,12.48,21.52,9.15,40.58,0.0,0.0,81.75,LOW_TEMP_ALERT
59.43,5.37,15.91,1.73,16.53,120495.28,4.1,30.58,EXCESS_WATER
60.68,5.85,57.81,6.68,69.36,157285.8,5.45,61.09,LOW_TEMP_ALERT
63.2,38.61,56.64,37.01,61.51,0.0,0.0,65.75,NOT_ABLE_TO_VENTILATE
13.29,5.92,21.74,6.37,15.82,157285.8,5.86,25.6,WATER
83.63,5.58,90.85,6.74,95.83,0.0,0.0,48.84,FUNGI_ALERT_EXCESS_WATER
86.49,34.52,17.0,31.83,12.99,0.0,0.0,93.94,OK
65.92,17.9,29.78,15.71,49.35,5806.01,0.49,70.53,LOW_LIGHT
84.78,38.94,76.99,38.38,82.22,157285.8,5.47,84.76,VENTILATE
20.18,35.02,26.8,35.65,31.55,9794.23,0.12,12.68,NOT_ABLE_TO_WATER
81.46,27.5,56.02,22.76,64.3,157285.8,4.76,68.77,OK
10.53,39.05,75.0,38.06,84.69,21781.32,0.84,43.11,NOT_ABLE_TO_WATER
81.89,32.27,31.53,29.1,46.16,0.0,0.0,88.22,OK
13.52,25.72,67.81,22.41,85.85,48611.89,0.97,87.85,NOT_ABLE_TO_WATER
76.88,43.92,74.14,43.3,73.69,157285.8,5.68,36.02,FUNGI_ALERT_EXCESS_WATER
77.76,22.31,54.24,22.9,42.89,157285.8,5.66,74.24,OK
49.42,40.36,70.29,41.31,94.72,121504.67,4.73,43.83,VENTILATE
86.27,10.09,81.7,9.09,77.19,50379.44,1.17,88.19,LOW_TEMP_ALERT
50.79,44.47,51.56,43.03,51.39,49299.89,1.53,52.29,NOT_ABLE_TO_VENTILATE
33.88,20.05,43.86,20.38,44.77,110600.21,3.59,35.27,WATER
86.72,13.4,22.79,13.22,21.72,0.0,0.0,84.56,LOW_TEMP_ALERT
45.31,5.09,77.58,2.25,100.0,0.0,0.0,48.68,LOW_TEMP_ALERT
24.43,25.07,66.84,23.0,67.17,0.0,0.0,22.39,NOT_ABLE_TO_WATER
18.26,23.87,75.68,21.62,73.45,8085.29,0.24,40.39,NOT_ABLE_TO_WATER
59.39,23.88,24.48,21.46,nan,157285.8,5.28,63.41,INSUFFICIENT_DATA
78.43,35.77,29.01,33.9,40.57,0.0,0.0,14.37,FUNGI_ALERT_EXCESS_WATER
11.16,15.78,76.62,11.74,88.14,0.0,0.0,72.59,NOT_ABLE_TO_WATER
31.22,27.66,55.06,27.2,54.13,42898.85,1.58,30.2,NOT_ABLE_TO_WATER
90.7,42.11,37.56,37.32,47.58,0.0,0.0,91.28,NOT_ABLE_TO_VENTILATE
90.81,34.32,28.22,34.4,26.48,0.0,0.0,32.17,FUNGI_ALERT_EXCESS_WATER
30.51,16.07,31.98,13.24,39.76,157285.8,5.6,63.85,WATER
68.7,15.15,29.17,16.3,18.4,56535.03,1.42,70.37,OK
51.28,12.88,88.11,9.57,87.42,157285.8,5.51,31.84,FUNGI_ALERT_EXCESS_WATER
100.0,31.29,86.4,28.83,91.1,9711.15,0.53,91.89,LOW_LIGHT
34.12,7.05,70.05,3.57,82.43,157285.8,5.11,36.93,WATER
28.66,36.11,48.38,36.65,54.38,157285.8,5.35,34.87,WATER
57.92,36.6,52.43,nan,61.47,0.0,0.0,42.1,INSUFFICIENT_DATA
53.8,nan,72.81,35.68,95.06,47049.12,1.08,87.76,INSUFFICIENT_DATA
11.37,39.95,84.14,nan,84.78,2154.2,0.75,92.91,INSUFFICIENT_DATA
5.47,16.78,78.67,15.75,83.72,45304.41,1.65,33.27,NOT_ABLE_TO_WATER
66.4,13.12,55.06,10.73,43.76,0.0,0.0,64.23,LOW_TEMP_ALERT
23.69,7.52,79.33,7.38,85.4,157285.8,6.38,58.37,WATER
36.98,35.31,68.31,32.06,68.75,157285.8,4.61,55.31,WATER
31.21,24.79,85.24,21.92,79.68,0.0,0.0,60.57,NOT_ABLE_TO_WATER
33.09,27.94,39.94,26.68,59.49,9642.23,0.07,53.04,NOT_ABLE_TO_WATER
29.66,24.34,62.25,23.1,53.23,1605.11,0.0,29.53,NOT_ABLE_TO_WATER
30.47,30.17,57.04,27.99,69.12,122159.54,3.98,35.53,WATER
79.7,33.33,76.0,31.61,79.72,0.0,0.0,90.37,OK
30.76,37.42,53.05,36.5,73.83,72590.72,2.8,23.84,WATER
98.37,34.71,31.8,34.56,33.6,0.0,0.0,31.11,FUNGI_ALERT_EXCESS_WATER
46.11,27.04,80.82,26.66,80.04,0.0,0.0,44.15,OK
90.09,20.9,18.47,18.3,17.13,8754.07,0.22,85.01,LOW_LIGHT
98.09,31.09,77.17,28.76,77.84,8521.8,0.43,77.77,FUNGI_ALERT_EXCESS_WATER
71.66,17.87,63.07,13.01,68.05,4109.51,0.38,88.6,NOT_ABLE_TO_WATER
70.35,11.96,56.1,10.73,68.06,3312.99,0.44,62.94,LOW_TEMP_ALERT
40.83,19.47,26.66,14.0,36.4,157285.8,0.12,10.45,EXCESS_WATER
81.9,25.01,31.17,23.42,44.28,157285.8,6.74,18.21,EXCESS_WATER
83.63,8.67,81.68,9.38,90.31,0.0,0.0,79.27,LOW_TEMP_ALERT
69.89,29.94,40.48,30.48,40.78,157285.8,5.45,65.39,OK
11.7,28.51,38.72,24.51,42.83,0.0,0.0,15.16,NOT_ABLE_TO_WATER
71.7,15.87,54.82,16.56,47.17,157285.8,6.16,72.99,OK
38.86,43.83,24.98,40.63,30.25,0.0,0.0,39.97,NOT_ABLE_TO_WATER
92.65,16.61,18.7,14.86,13.03,157285.8,0.08,94.41,LOW_TEMP_ALERT
87.35,9.86,79.09,9.46,97.73,57438.81,1.77,61.65,FUNGI_ALERT_EXCESS_WATER
3.71,37.89,34.39,35.94,31.43,0.0,0.0,45.95,NOT_ABLE_TO_WATER
75.77,18.21,65.05,15.97,53.48,0.0,0.0,79.48,OK
45.79,22.97,94.63,22.93,100.0,0.0,0.0,35.39,OK
39.61,8.38,90.99,5.55,95.93,0.0,0.0,47.48,NOT_ABLE_TO_WATER
32.54,25.46,38.54,21.66,40.66,4740.79,0.03,28.86,NOT_ABLE_TO_WATER
36.7,43.99,45.61,43.37,44.39,157285.8,4.54,44.82,WATER
45.15,16.36,83.3,16.44,80.44,0.0,0.0,45.03,OK
31.57,25.07,32.68,19.99,43.76,21174.06,1.05,39.22,NOT_ABLE_TO_WATER
93.67,15.64,87.94,13.34,96.28,157285.8,5.27,86.25,LOW_TEMP_ALERT
78.53,25.48,64.55,25.76,75.19,0.0,0.0,80.86,OK
9.37,37.94,15.9,37.35,21.01,0.0,0.0,32.12,NOT_ABLE_TO_WATER
96.47,31.08,47.4,30.8,43.99,63481.3,2.22,58.66,EXCESS_WATER
29.55,10.74,53.73,7.24,57.95,42848.1,1.07,42.97,NOT_ABLE_TO_WATER
58.18,13.92,80.85,15.17,94.12,0.0,0.0,58.72,OK
16.64,41.94,89.84,40.46,82.54,130047.46,4.65,53.0,WATER
42.81,20.9,88.88,20.33,92.28,140435.6,5.34,13.61,FUNGI_ALERT_EXCESS_WATER
29.12,7.0,33.64,6.13,37.3,7444.58,0.91,29.04,NOT_ABLE_TO_WATER
56.06,17.46,90.33,12.7,91.93,157285.8,5.43,85.83,WATER
63.18,38.22,91.42,35.85,nan,0.0,0.0,60.79,INSUFFICIENT_DATA
19.26,36.52,37.38,32.6,40.6,157285.8,4.52,17.32,WATER
28.7,18.61,80.38,20.24,87.96,49084.44,1.65,30.47,NOT_ABLE_TO_WATER
99.91,42.82,27.93,40.53,35.33,157285.8,6.0,27.32,EXCESS_WATER
86.83,26.58,19.92,24.35,21.68,157285.8,5.33,16.58,EXCESS_WATER
75.05,30.73,48.62,28.74,60.47,0.0,0.0,72.81,OK
45.9,9.38,44.93,7.84,58.29,157285.8,5.79,46.56,LOW_TEMP_ALERT
13.43,32.14,86.12,28.91,89.6,157285.8,0.12,12.2,NOT_ABLE_TO_WATER
44.61,25.9,46.55,23.12,54.69,8673.03,0.31,46.66,LOW_LIGHT
33.49,19.46,77.98,21.3,91.72,0.0,0.0,24.74,NOT_ABLE_TO_WATER
92.18,16.9,37.81,15.15,37.56,0.0,0.0,77.96,OK
35.79,15.35,93.82,13.13,100.0,5162.35,0.99,38.84,NOT_ABLE_TO_WATER
34.74,29.54,62.69,26.05,65.63,38543.08,1.0,30.87,NOT_ABLE_TO_WATER
2.32,24.43,42.68,20.44,45.87,2960.06,0.0,58.99,NOT_ABLE_TO_WATER
37.27,31.96,43.89,29.53,49.78,0.0,0.0,33.39,NOT_ABLE_TO_WATER
17.32,29.01,31.11,25.22,32.08,0.0,0.0,78.31,NOT_ABLE_TO_WATER
65.78,21.28,47.69,16.93,56.69,99365.95,3.47,63.4,OK
84.62,42.05,78.59,42.13,94.42,157285.8,5.64,18.41,FUNGI_ALERT_EXCESS_WATER
64.52,21.86,53.64,20.9,42.87,0.0,0.0,61.41,OK
72.18,10.59,56.05,10.55,74.8,0.0,0.0,33.82,FUNGI_ALERT_EXCESS_WATER
65.62,11.99,26.55,9.74,nan,38708.3,1.83,67.12,INSUFFICIENT_DATA
85.65,6.01,46.85,7.32,58.76,0.0,0.0,26.75,FUNGI_ALERT_EXCESS_WATER
10.81,44.05,56.33,42.33,61.3,17453.08,0.86,12.62,NOT_ABLE_TO_WATER
68.6,18.43,29.15,13.62,24.38,45495.37,1.92,49.4,EXCESS_WATER
78.33,35.78,64.47,33.86,62.53,7523.15,1.15,87.73,LOW_LIGHT
81.87,28.95,35.11,28.62,55.19,0.0,0.0,79.34,OK
8.98,44.46,26.78,41.51,25.05,0.0,0.0,39.98,NOT_ABLE_TO_WATER
89.74,13.84,21.93,16.35,37.65,157285.8,4.68,91.42,OK
77.05,40.6,78.69,40.57,92.81,157285.8,5.47,77.51,VENTILATE
19.75,36.21,81.28,33.57,84.59,157285.8,5.72,53.98,WATER
40.38,9.26,25.86,8.12,32.18,75325.27,0.07,75.36,NOT_ABLE_TO_WATER
80.06,36.49,52.27,34.12,60.16,157285.8,5.0,69.86,OK
68.34,25.45,70.78,23.97,60.13,0.0,0.0,68.92,OK
82.14,7.28,68.39,7.83,72.14,0.0,0.0,87.8,LOW_TEMP_ALERT
27.74,15.33,40.99,11.5,34.12,94613.31,3.0,42.48,WATER
43.83,42.09,90.5,44.49,80.97,3882.54,0.0,49.51,NOT_ABLE_TO_VENTILATE
28.11,25.93,56.3,24.19,41.11,39464.46,1.47,25.55,NOT_ABLE_TO_WATER
74.73,22.71,71.57,18.5,68.92,0.0,0.0,66.49,OK
22.23,9.72,50.73,10.53,51.9,0.0,0.0,12.28,NOT_ABLE_TO_WATER
30.13,16.07,18.83,14.89,8.45,0.0,0.0,15.74,NOT_ABLE_TO_WATER
41.29,15.11,51.32,13.63,51.76,25660.42,0.83,26.69,LOW_TEMP_ALERT
2.78,19.53,15.94,19.58,33.2,13029.97,0.28,84.24,NOT_ABLE_TO_WATER
87.27,37.87,88.03,35.0,89.66,148597.89,5.34,87.41,OK
14.05,34.74,18.9,30.14,21.01,894.7,0.0,83.59,NOT_ABLE_TO_WATER
69.84,29.93,66.72,26.84,71.63,0.0,0.0,34.07,FUNGI_ALERT_EXCESS_WATER
37.56,nan,61.42,41.38,60.35,0.0,0.0,34.71,INSUFFICIENT_DATA
43.93,43.69,42.35,42.05,51.15,157285.8,5.44,59.73,WATER
41.18,41.19,22.16,38.95,20.71,3984.84,0.07,53.6,HYDRIC_STRESS_ALERT
28.87,31.54,90.54,30.32,100.0,0.0,0.0,34.78,NOT_ABLE_TO_WATER
24.51,24.26,68.06,22.11,63.96,29.16,0.0,21.22,NOT_ABLE_TO_WATER
86.43,5.33,31.48,3.19,39.38,0.0,0.0,49.4,FUNGI_ALERT_EXCESS_WATER
96.8,39.76,66.56,39.29,53.13,0.0,0.0,91.96,NOT_ABLE_TO_VENTILATE
33.67,28.46,20.26,26.77,26.79,43890.74,1.55,40.48,NOT_ABLE_TO_WATER
79.66,43.96,nan,40.51,48.99,34288.89,0.0,78.11,INSUFFICIENT_DATA
29.6,23.72,90.98,21.43,86.23,0.0,0.0,32.43,NOT_ABLE_TO_WATER
31.08,32.85,31.73,27.0,39.85,47918.31,1.07,72.37,NOT_ABLE_TO_WATER
47.71,35.61,71.51,33.6,74.52,0.0,0.0,46.62,OK
58.56,18.67,92.69,14.99,82.63,157285.8,4.98,54.4,LOW_TEMP_ALERT
41.47,39.93,91.99,38.42,98.39,13976.59,0.85,36.41,NOT_ABLE_TO_VENTILATE
48.12,22.99,90.83,23.56,89.86,0.0,0.0,66.88,NOT_ABLE_TO_WATER
63.29,11.38,57.0,10.21,57.45,157285.8,5.91,73.47,LOW_TEMP_ALERT
44.78,26.83,40.53,23.22,54.91,157285.8,5.06,41.59,OK
74.23,28.29,34.5,25.2,32.81,0.0,0.0,64.9,OK
93.52,34.24,85.27,34.7,88.85,5924.34,0.52,93.75,LOW_LIGHT
25.51,11.03,16.54,9.22,19.24,0.0,0.0,36.22,NOT_ABLE_TO_WATER
6.83,13.83,37.03,8.7,34.76,157285.8,5.39,27.84,WATER
27.72,36.18,32.29,34.17,nan,121224.47,3.63,27.89,INSUFFICIENT_DATA
59.13,37.81,36.84,35.38,36.05,0.0,0.0,54.49,OK
77.31,19.73,28.41,19.1,46.6,0.0,0.0,78.59,OK
73.12,20.18,75.55,16.97,78.11,0.0,0.0,69.91,OK
16.03,22.16,74.39,19.78,91.74,39188.59,1.25,10.99,NOT_ABLE_TO_WATER
85.57,8.76,65.87,7.22,69.52,0.0,0.0,85.86,LOW_TEMP_ALERT
63.42,22.75,41.01,16.27,36.88,157285.8,5.26,72.56,OK
39.81,32.24,29.89,29.56,44.75,0.0,0.0,42.06,NOT_ABLE_TO_WATER
77.49,13.7,60.89,13.01,77.61,717.43,0.41,79.92,LOW_TEMP_ALERT
31.44,22.86,76.91,19.41,79.31,0.0,0.0,33.97,NOT_ABLE_TO_WATER
16.84,25.41,76.43,23.66,91.0,8262.24,1.26,15.49,NOT_ABLE_TO_WATER
19.73,35.44,81.23,33.52,79.91,0.0,0.0,56.78,NOT_ABLE_TO_WATER
36.61,24.55,79.85,20.65,70.24,95051.34,3.72,29.64,WATER
42.95,22.99,71.39,25.11,64.69,150543.85,5.25,51.1,OK
93.95,16.98,88.27,15.31,93.61,1707.08,0.0,90.65,LOW_LIGHT
48.47,29.21,73.71,30.82,83.75,157285.8,4.32,45.31,OK
58.4,25.2,47.01,23.51,44.18,17281.26,0.21,60.02,OK
1.42,42.69,38.41,42.62,19.98,106553.44,3.99,43.63,WATER
22.61,5.11,36.75,4.35,43.84,0.0,0.0,17.15,NOT_ABLE_TO_WATER
70.32,25.98,65.15,23.28,65.98,2886.65,0.0,85.48,NOT_ABLE_TO_WATER
22.28,38.7,52.19,39.94,55.26,0.0,0.0,52.12,NOT_ABLE_TO_WATER
7.3,15.87,32.56,11.55,32.79,157285.8,0.04,11.38,NOT_ABLE_TO_WATER
66.99,12.55,23.33,10.83,24.69,0.0,0.0,75.21,LOW_TEMP_ALERT
55.89,38.54,56.65,35.56,62.58,13354.33,0.0,60.45,OK
27.56,36.07,26.54,31.8,25.6,157285.8,4.42,22.88,WATER
7.51,31.77,54.48,31.29,57.79,32817.89,1.88,15.78,NOT_ABLE_TO_WATER
27.64,20.45,39.42,15.78,50.07,0.0,0.0,19.17,NOT_ABLE_TO_WATER
41.03,25.02,59.94,25.81,66.86,1443.07,0.0,38.54,LOW_LIGHT
18.94,22.89,35.69,20.37,37.56,0.0,0.0,15.3,NOT_ABLE_TO_WATER
83.55,16.86,65.64,16.56,73.22,157285.8,4.45,76.1,OK
64.32,25.6,40.82,27.93,38.08,0.0,0.0,92.67,NOT_ABLE_TO_WATER
35.48,37.37,46.38,36.88,57.63,157285.8,4.42,35.47,WATER
56.45,28.34,88.01,24.57,80.99,0.0,0.0,56.59,OK
42.34,30.6,24.27,29.56,29.77,157285.8,0.11,47.69,OK
93.2,24.87,39.26,24.51,50.32,0.0,0.0,94.04,OK
71.18,30.63,50.85,27.22,45.79,151523.36,4.66,31.73,EXCESS_WATER
70.98,30.66,68.95,28.6,72.48,157285.8,5.2,67.76,OK
59.78,30.87,89.51,31.17,95.25,0.0,0.0,58.46,OK
28.58,17.95,61.13,15.56,60.25,0.0,0.0,24.17,NOT_ABLE_TO_WATER
96.75,36.24,63.09,33.88,61.84,108713.39,4.2,27.21,EXCESS_WATER
53.67,13.49,22.58,13.69,20.15,157285.8,5.23,56.56,LOW_TEMP_ALERT
85.02,25.01,32.96,23.13,41.24,40048.5,1.1,83.63,OK
24.17,30.81,94.49,29.99,100.0,76088.58,2.81,87.47,WATER
36.08,44.43,87.27,43.66,78.18,157285.8,4.28,13.07,WATER
76.35,40.17,85.39,37.73,87.71,90799.85,3.93,70.27,VENTILATE
74.06,40.58,61.0,37.73,64.93,157285.8,4.94,21.94,EXCESS_WATER
73.31,26.64,17.04,25.87,14.59,0.0,0.0,75.52,OK
75.63,44.87,90.08,41.37,100.0,157285.8,5.56,74.47,VENTILATE
39.33,27.79,70.33,27.46,59.7,157285.8,5.72,17.6,WATER
92.46,28.56,52.72,24.05,56.68,2380.63,0.01,90.86,LOW_LIGHT
33.7,36.41,60.47,35.13,71.12,78760.2,2.82,37.47,WATER
4.81,34.78,22.84,36.8,29.29,0.0,0.0,62.18,NOT_ABLE_TO_WATER
62.37,44.99,85.56,40.05,100.0,0.0,0.0,63.54,NOT_ABLE_TO_VENTILATE
59.33,33.77,15.48,32.11,26.38,0.0,0.0,55.81,OK
49.98,42.09,57.06,42.16,79.23,0.0,0.0,45.58,NOT_ABLE_TO_VENTILATE
75.09,27.5,28.44,26.61,28.34,157285.8,4.77,69.46,OK
36.51,36.14,47.85,31.74,58.03,0.0,0.0,26.31,NOT_ABLE_TO_WATER
76.67,39.86,29.31,38.24,43.92,132040.16,4.6,76.57,VENTILATE
13.07,32.26,44.51,29.79,43.14,9257.9,0.5,79.32,NOT_ABLE_TO_WATER
57.79,39.35,90.36,36.63,92.8,12086.8,0.0,47.36,NOT_ABLE_TO_VENTILATE
75.22,29.46,46.39,29.41,52.88,0.0,0.0,75.56,OK
97.36,11.78,22.95,10.9,28.18,157285.8,5.1,24.86,EXCESS_WATER
22.27,37.46,93.92,34.49,100.0,73050.73,2.44,21.09,WATER
82.46,23.5,28.26,23.59,36.73,157285.8,5.87,15.32,EXCESS_WATER
45.87,8.22,59.93,7.98,65.09,0.0,0.0,70.06,NOT_ABLE_TO_WATER
78.25,20.01,87.88,18.49,100.0,157285.8,6.21,18.59,FUNGI_ALERT_EXCESS_WATER
71.75,33.28,72.05,32.96,78.83,157285.8,4.49,75.96,OK
60.9,23.11,28.08,20.96,25.35,157285.8,4.54,36.46,EXCESS_WATER
20.22,25.91,49.7,26.51,62.68,42170.45,1.35,16.36,NOT_ABLE_TO_WATER
10.8,29.55,25.16,28.19,43.14,0.0,0.0,17.13,NOT_ABLE_TO_WATER
81.06,26.97,43.94,25.25,48.99,0.0,0.0,78.28,OK
58.0,18.62,70.96,19.17,76.04,0.0,0.0,46.84,OK
61.87,44.84,40.63,46.55,51.43,21610.49,0.05,21.56,EXCESS_WATER
66.06,27.66,52.15,28.07,55.62,46334.33,1.67,68.34,OK
80.29,8.43,21.49,9.25,28.51,4511.11,0.0,77.72,LOW_TEMP_ALERT
97.26,18.0,29.07,18.11,28.45,0.0,0.0,93.97,OK
nan,23.44,20.96,21.89,19.69,157285.8,5.73,60.1,INSUFFICIENT_DATA
78.15,17.0,36.08,13.81,41.76,157285.8,5.19,78.11,LOW_TEMP_ALERT
82.36,15.78,53.46,18.11,61.86,2630.05,0.43,27.64,EXCESS_WATER
60.54,11.33,42.58,7.17,52.25,1256.99,0.0,65.1,LOW_TEMP_ALERT
87.08,14.05,33.11,16.99,45.59,29690.84,0.87,78.67,OK
67.68,9.85,80.16,11.99,86.89,0.0,0.0,63.26,LOW_TEMP_ALERT
20.01,25.16,61.11,26.93,57.11,0.0,0.0,62.61,NOT_ABLE_TO_WATER
39.19,16.57,79.28,13.85,82.93,157285.8,4.76,30.93,WATER
17.23,12.97,80.76,14.51,93.97,149137.38,4.61,69.39,WATER
78.44,41.12,91.31,39.81,97.85,0.0,0.0,54.96,FUNGI_ALERT_EXCESS_WATER
6.89,44.44,17.11,41.55,13.13,0.0,0.0,20.29,NOT_ABLE_TO_WATER
54.33,23.71,68.96,21.88,72.36,157285.8,5.01,47.05,OK
88.6,26.48,60.24,25.8,74.34,0.0,0.0,80.73,OK
54.97,7.83,63.32,7.3,53.32,0.0,0.0,58.7,LOW_TEMP_ALERT
36.64,35.02,85.08,35.48,84.63,157285.8,5.35,24.74,WATER
79.02,11.7,53.04,10.94,nan,157285.8,5.98,78.19,INSUFFICIENT_DATA
96.88,20.51,70.83,15.85,83.2,157285.8,5.66,82.06,OK
55.82,23.07,24.08,25.25,25.17,157285.8,5.76,58.01,OK
62.47,35.59,19.41,34.36,32.47,0.0,0.0,32.38,FUNGI_ALERT_EXCESS_WATER
55.55,nan,82.5,34.68,86.84,62109.56,2.03,41.53,INSUFFICIENT_DATA
7.7,41.3,60.46,39.73,51.97,157285.8,5.49,16.33,WATER
44.14,36.57,34.15,34.1,26.15,157285.8,5.15,84.11,WATER
41.03,21.6,47.02,22.86,49.2,22123.09,1.7,78.31,NOT_ABLE_TO_WATER
17.63,25.2,94.27,26.51,97.39,0.0,0.0,12.49,NOT_ABLE_TO_WATER
66.95,40.2,73.35,40.68,81.96,2907.66,0.05,41.88,FUNGI_ALERT_EXCESS_WATER
71.92,17.02,52.3,15.17,55.61,157285.8,6.35,67.57,OK
16.4,10.79,77.83,10.55,74.21,0.0,0.0,20.57,NOT_ABLE_TO_WATER
24.59,15.3,67.04,13.65,67.23,3321.78,0.31,56.17,NOT_ABLE_TO_WATER
51.75,37.13,66.86,33.32,65.08,40291.46,0.7,57.22,OK
74.19,25.79,48.99,23.11,31.71,157285.8,6.13,67.49,OK
71.38,37.61,16.45,35.8,22.65,0.0,0.0,66.09,OK
41.81,26.21,43.1,26.2,50.81,0.0,0.0,52.72,OK
24.46,22.28,26.33,21.55,49.83,49022.29,1.03,22.52,NOT_ABLE_TO_WATER
53.69,19.57,55.1,19.4,58.36,157285.8,5.66,59.22,OK
39.07,21.71,28.56,18.55,42.32,84920.65,2.91,11.41,WATER
68.54,18.37,54.87,15.88,57.7,114080.47,3.12,69.38,OK
85.52,16.4,50.35,19.06,51.1,0.0,0.0,37.52,FUNGI_ALERT_EXCESS_WATER
71.18,8.97,58.21,6.09,62.81,157285.8,5.64,80.37,LOW_TEMP_ALERT
43.88,32.57,67.56,32.37,73.79,0.0,0.0,58.11,OK
43.05,25.26,30.23,17.79,35.69,157285.8,5.42,44.02,OK
52.65,39.76,35.03,39.75,39.88,149050.67,5.04,60.02,VENTILATE
75.85,22.65,28.19,22.1,42.32,109830.36,3.67,77.13,OK
11.18,14.8,93.12,13.28,99.47,48991.89,2.04,13.95,WATER
74.61,5.35,64.97,0.0,70.83,45690.23,1.17,81.34,LOW_TEMP_ALERT
43.52,39.24,35.05,35.53,29.91,157285.8,0.13,33.17,OK
63.22,43.04,34.53,43.6,34.93,0.0,0.0,57.24,NOT_ABLE_TO_VENTILATE
85.19,44.79,16.53,42.78,5.77,0.0,0.0,89.47,HYDRIC_STRESS_ALERT
60.33,38.66,35.04,35.17,34.46,0.0,0.0,85.36,NOT_ABLE_TO_WATER
95.99,44.39,94.0,45.42,98.57,157285.8,4.69,89.12,VENTILATE
63.71,43.6,78.3,44.04,77.71,157285.8,0.09,27.26,FUNGI_ALERT_EXCESS_WATER
69.02,34.83,90.51,29.32,99.72,0.0,0.0,15.58,FUNGI_ALERT_EXCESS_WATER
16.74,38.77,46.85,36.85,58.11,0.0,0.0,14.92,NOT_ABLE_TO_WATER
46.61,38.17,32.26,34.61,46.21,0.0,0.0,24.18,FUNGI_ALERT_EXCESS_WATER
77.89,16.73,30.37,13.99,25.49,157285.8,5.38,75.34,LOW_TEMP_ALERT
20.59,20.65,25.12,17.86,37.26,157285.8,4.82,13.56,WATER
33.12,5.44,90.3,3.57,89.61,0.0,0.0,34.71,NOT_ABLE_TO_WATER
51.36,21.78,58.65,18.21,66.6,157285.8,4.92,93.07,WATER
62.54,5.72,54.16,3.65,47.8,154765.15,5.06,54.44,LOW_TEMP_ALERT
65.78,31.49,93.73,33.4,99.24,146060.97,4.47,67.35,OK
39.88,37.78,52.04,33.35,60.65,0.0,0.0,38.78,NOT_ABLE_TO_WATER
89.69,36.17,37.24,33.82,47.79,41447.47,2.02,89.64,OK
0.19,44.28,87.75,43.8,84.19,0.0,0.0,54.57,NOT_ABLE_TO_WATER
27.15,13.21,33.87,12.65,52.92,157285.8,5.25,31.36,WATER
91.0,33.04,94.48,31.14,98.04,157285.8,5.26,90.38,OK
62.72,37.55,55.24,36.05,62.51,157285.8,0.13,57.8,NOT_ABLE_TO_VENTILATE
69.79,20.02,78.0,15.85,67.59,0.0,0.0,17.52,FUNGI_ALERT_EXCESS_WATER
72.08,21.4,44.45,21.8,46.43,0.0,0.0,78.21,OK
11.81,24.89,41.16,21.35,44.6,6385.77,0.11,10.35,NOT_ABLE_TO_WATER
21.01,37.18,59.63,33.62,57.87,0.0,0.0,15.17,NOT_ABLE_TO_WATER
28.69,16.39,19.38,13.46,31.06,157285.8,5.58,29.52,WATER
91.37,44.87,26.5,44.51,27.57,157285.8,5.35,92.65,HYDRIC_STRESS_ALERT
14.08,6.7,53.74,3.58,47.36,29311.91,1.13,17.1,NOT_ABLE_TO_WATER
8.43,39.92,71.16,42.08,77.12,157285.8,0.02,12.97,NOT_ABLE_TO_WATER
87.4,21.2,89.39,19.41,100.0,157285.8,5.09,15.19,FUNGI_ALERT_EXCESS_WATER
8.6,26.25,43.56,20.05,55.58,157285.8,4.91,74.72,WATER
21.29,42.11,42.29,45.67,43.14,0.0,0.0,11.33,NOT_ABLE_TO_WATER
37.66,12.03,55.93,9.23,53.53,157285.8,0.01,15.42,NOT_ABLE_TO_WATER
55.03,14.07,27.26,11.1,40.91,157285.8,6.11,61.16,LOW_TEMP_ALERT
29.58,41.04,66.76,40.21,85.05,0.0,0.0,38.82,NOT_ABLE_TO_WATER
60.65,9.68,48.66,9.25,57.84,0.0,0.0,62.6,LOW_TEMP_ALERT
23.28,34.58,31.91,35.62,48.33,157285.8,4.73,27.89,WATER
11.61,16.6,87.25,12.48,92.76,0.0,0.0,19.13,NOT_ABLE_TO_WATER
54.63,37.32,44.05,35.11,37.94,0.0,0.0,56.96,OK
96.4,16.53,28.42,14.23,22.78,0.0,0.0,92.91,LOW_TEMP_ALERT
15.29,33.29,59.17,31.67,56.9,6749.11,0.0,16.34,NOT_ABLE_TO_WATER
95.84,31.19,70.99,27.43,70.82,0.0,0.0,52.36,FUNGI_ALERT_EXCESS_WATER
40.71,21.6,39.61,18.02,40.94,0.0,0.0,34.0,OK
21.5,22.26,31.52,17.54,31.58,1970.31,1.59,24.78,NOT_ABLE_TO_WATER
75.96,10.99,44.71,10.9,59.02,1331.78,0.07,81.52,LOW_TEMP_ALERT
47.84,5.47,21.88,1.14,24.18,0.0,0.0,79.55,NOT_ABLE_TO_WATER
72.3,13.5,70.31,8.89,72.62,0.0,0.0,83.01,LOW_TEMP_ALERT
27.14,30.75,40.33,29.37,31.07,157285.8,5.6,33.8,WATER
7.72,44.67,46.29,45.69,61.92,38276.75,2.39,51.03,WATER
65.97,8.72,60.11,8.21,66.42,157285.8,4.16,54.71,LOW_TEMP_ALERT
19.44,24.21,49.09,23.89,42.18,0.0,0.0,20.45,NOT_ABLE_TO_WATER
96.11,41.69,85.95,40.64,95.55,1463.0,0.0,40.74,FUNGI_ALERT_EXCESS_WATER
75.3,12.82,93.91,12.07,100.0,80553.49,3.17,74.95,LOW_TEMP_ALERT
95.49,9.1,24.7,3.63,35.05,157285.8,5.65,83.07,LOW_TEMP_ALERT
43.11,26.2,36.59,22.84,54.88,0.0,0.0,44.4,OK
76.89,43.48,69.55,40.34,66.76,1549.2,0.27,71.64,NOT_ABLE_TO_VENTILATE
41.85,26.37,68.26,24.91,67.16,1353.16,0.0,42.47,LOW_LIGHT
22.41,27.34,36.52,27.85,56.12,0.0,0.0,22.04,NOT_ABLE_TO_WATER
80.14,25.13,55.18,24.13,52.88,48064.65,1.67,24.55,EXCESS_WATER
82.49,8.9,59.23,9.73,41.66,105665.79,0.1,77.73,LOW_TEMP_ALERT
66.73,22.77,49.9,23.3,45.53,0.0,0.0,62.36,OK
83.55,42.1,83.3,40.21,83.54,1444.24,0.39,75.88,NOT_ABLE_TO_VENTILATE
58.07,19.35,48.83,18.84,54.34,0.0,0.0,56.19,OK
23.26,17.43,16.09,13.72,29.41,157285.8,5.84,22.83,WATER
21.3,9.72,46.15,13.5,63.86,0.0,0.0,14.01,NOT_ABLE_TO_WATER
80.08,28.85,62.38,26.96,75.59,127759.97,3.89,93.16,OK
53.47,42.35,20.46,42.82,21.75,119332.99,3.25,43.07,HYDRIC_STRESS_ALERT
29.22,32.32,21.97,30.79,14.87,157285.8,5.0,28.54,WATER
51.64,25.33,66.9,22.66,76.02,54033.39,2.75,41.89,OK
81.4,43.92,37.44,40.89,55.74,44785.74,0.97,39.03,EXCESS_WATER
56.75,36.72,67.82,35.39,68.19,47711.5,0.94,57.6,OK
56.31,40.83,38.97,39.55,25.88,0.0,0.0,63.34,NOT_ABLE_TO_VENTILATE
29.58,14.66,46.91,16.55,46.09,0.0,0.0,34.07,NOT_ABLE_TO_WATER
15.25,32.68,81.85,31.49,81.78,0.0,0.0,74.97,NOT_ABLE_TO_WATER
61.3,29.54,37.79,27.68,43.62,0.0,0.0,59.64,OK
76.15,39.46,40.87,38.73,42.42,1360.35,0.56,73.34,NOT_ABLE_TO_VENTILATE
53.33,26.38,69.36,25.57,80.78,4317.99,0.0,47.97,LOW_LIGHT
57.22,21.77,57.66,19.34,63.21,157285.8,4.07,59.38,OK
21.35,44.25,20.43,39.64,24.57,157285.8,5.24,22.71,WATER
31.67,11.42,87.65,12.18,94.38,0.0,0.0,39.31,NOT_ABLE_TO_WATER
85.1,6.97,80.02,5.29,84.79,157285.8,5.93,76.42,LOW_TEMP_ALERT
11.3,8.29,90.14,9.31,85.24,0.0,0.0,86.45,NOT_ABLE_TO_WATER
21.94,31.23,26.73,33.43,30.18,157285.8,5.44,22.45,WATER
71.28,40.01,87.85,40.11,71.59,0.0,0.0,68.3,NOT_ABLE_TO_VENTILATE
60.98,24.67,22.87,20.48,25.7,0.0,0.0,29.91,FUNGI_ALERT_EXCESS_WATER
53.31,43.98,69.77,46.56,58.46,0.0,0.0,56.83,NOT_ABLE_TO_VENTILATE
0.53,6.57,60.56,4.31,70.57,0.0,0.0,50.19,NOT_ABLE_TO_WATER
35.09,16.08,79.2,13.13,79.54,0.0,0.0,36.77,NOT_ABLE_TO_WATER
43.94,15.12,91.18,17.38,100.0,0.0,0.0,42.73,OK
10.24,19.37,43.71,17.13,65.64,81477.19,2.68,68.64,WATER
30.71,18.73,82.07,18.87,87.78,0.0,0.0,36.05,NOT_ABLE_TO_WATER
87.11,17.13,87.73,14.36,96.28,157285.8,3.99,86.57,LOW_TEMP_ALERT
50.35,7.89,62.92,9.47,68.24,0.0,0.0,48.15,LOW_TEMP_ALERT
95.31,17.67,48.86,14.16,48.64,157285.8,5.96,70.41,EXCESS_WATER
22.07,29.76,66.1,28.59,72.23,391.36,0.0,30.78,NOT_ABLE_TO_WATER
36.2,33.91,19.22,35.91,30.66,23959.4,0.92,40.24,NOT_ABLE_TO_WATER
87.44,19.21,50.78,19.92,50.15,112969.16,3.63,90.9,OK
90.45,33.73,61.74,34.1,73.1,157285.8,4.81,92.98,OK
20.85,9.36,55.12,10.86,60.56,0.0,0.0,24.88,NOT_ABLE_TO_WATER
24.36,32.89,58.94,33.22,61.83,0.0,0.0,58.01,NOT_ABLE_TO_WATER
33.76,44.38,93.91,42.75,90.39,82837.9,2.93,34.52,WATER
44.79,35.93,20.19,36.8,20.1,109471.59,3.79,45.35,VENTILATE
37.25,5.05,71.19,4.37,59.46,0.0,0.0,39.7,NOT_ABLE_TO_WATER
25.43,22.32,90.25,19.95,95.01,18360.8,0.39,31.02,NOT_ABLE_TO_WATER
13.21,43.31,62.57,42.38,57.82,54318.76,2.01,12.17,WATER
60.95,8.13,27.71,2.18,27.85,14761.76,0.0,76.73,NOT_ABLE_TO_WATER
38.69,10.77,47.18,7.43,45.48,79015.14,3.13,38.22,WATER
40.47,44.89,38.71,40.77,45.14,157285.8,6.2,37.55,VENTILATE
83.32,39.79,32.63,39.3,28.08,157285.8,5.64,83.98,VENTILATE
80.4,11.16,26.64,8.6,41.54,157285.8,4.73,17.18,EXCESS_WATER
79.79,20.02,51.03,15.65,62.3,0.0,0.0,84.26,OK
82.18,32.93,28.0,30.0,27.88,0.0,0.0,91.07,OK
40.4,43.1,85.73,41.94,93.11,0.0,0.0,42.92,NOT_ABLE_TO_VENTILATE
nan,11.38,87.99,7.69,89.39,110034.73,3.68,30.48,INSUFFICIENT_DATA
24.46,39.64,26.08,38.46,47.25,157285.8,5.27,27.14,WATER
67.19,5.79,89.94,7.92,100.0,157285.8,5.0,66.95,LOW_TEMP_ALERT
93.92,11.78,52.35,11.45,57.62,0.0,0.0,94.97,LOW_TEMP_ALERT
61.86,22.28,25.38,21.63,45.91,nan,4.4,67.71,INSUFFICIENT_DATA
35.11,40.17,29.43,37.9,41.32,36088.09,1.55,27.88,NOT_ABLE_TO_WATER
51.3,8.82,68.32,5.74,67.24,0.0,0.0,52.87,LOW_TEMP_ALERT
61.51,29.7,32.63,29.15,37.17,4728.97,0.39,75.37,LOW_LIGHT
18.22,33.39,21.54,32.15,nan,9785.59,0.09,14.97,INSUFFICIENT_DATA
62.86,22.4,68.76,18.5,65.79,157285.8,5.74,61.48,OK
86.38,32.36,59.68,30.26,74.22,0.0,0.0,36.42,FUNGI_ALERT_EXCESS_WATER
32.07,12.08,61.05,11.9,67.2,0.0,0.0,36.92,NOT_ABLE_TO_WATER
28.04,24.69,92.83,24.31,100.0,0.0,0.0,91.39,NOT_ABLE_TO_WATER
82.44,22.05,85.82,20.71,90.98,157285.8,5.95,85.59,OK
88.22,20.5,86.29,nan,88.45,0.0,0.0,86.49,INSUFFICIENT_DATA
31.02,27.34,38.38,26.31,51.17,157285.8,5.3,24.51,WATER
66.85,41.57,17.31,37.97,30.96,6651.32,0.01,56.58,HYDRIC_STRESS_ALERT
51.58,35.56,64.77,34.91,73.82,0.0,0.0,51.2,OK
81.91,44.42,32.65,43.63,38.25,0.0,0.0,12.61,FUNGI_ALERT_EXCESS_WATER
36.42,37.87,88.17,37.78,86.72,0.0,0.0,47.19,NOT_ABLE_TO_WATER
16.49,32.74,63.54,29.16,71.02,157285.8,5.09,17.96,WATER
6.59,27.58,30.44,23.88,38.24,157285.8,4.72,86.76,WATER
21.17,30.51,57.16,28.16,74.78,84603.79,2.13,23.33,WATER
22.14,31.76,22.77,31.24,21.27,157285.8,4.72,18.29,WATER
16.57,44.11,73.23,40.2,77.69,0.0,0.0,14.18,NOT_ABLE_TO_WATER
1.69,12.92,78.3,12.67,83.69,157285.8,4.86,21.34,WATER
50.22,7.98,75.66,8.18,87.12,157285.8,5.16,40.78,LOW_TEMP_ALERT
43.27,41.55,24.51,38.93,37.98,0.0,0.0,32.16,HYDRIC_STRESS_ALERT
96.04,12.29,61.26,8.15,85.14,157285.8,4.39,33.79,FUNGI_ALERT_EXCESS_WATER
65.29,25.0,57.16,22.26,56.4,0.0,0.0,63.35,OK
32.86,16.23,44.52,15.62,53.64,0.0,0.0,29.7,NOT_ABLE_TO_WATER
8.73,30.77,35.25,28.71,46.96,3058.59,0.08,80.56,NOT_ABLE_TO_WATER
41.29,43.31,92.56,43.28,100.0,0.0,0.0,13.19,FUNGI_ALERT_EXCESS_WATER
63.95,24.52,30.07,24.38,28.4,46986.15,1.98,74.75,OK
91.91,9.96,43.59,9.25,63.41,0.0,0.0,92.76,LOW_TEMP_ALERT
41.67,19.76,35.32,19.93,43.31,7527.51,0.0,72.67,NOT_ABLE_TO_WATER
48.18,33.43,77.6,26.78,94.98,4816.76,0.0,58.92,LOW_LIGHT
7.28,25.42,84.26,25.72,80.34,157285.8,5.32,12.01,WATER
40.15,14.1,29.24,14.19,37.89,0.0,0.0,43.17,LOW_TEMP_ALERT
87.24,12.7,25.65,12.57,41.96,57238.93,1.88,80.31,LOW_TEMP_ALERT
79.97,25.64,78.74,25.48,95.41,0.0,0.0,76.38,OK
65.84,27.08,80.74,24.8,82.3,0.0,0.0,62.87,OK
86.64,28.87,72.63,27.34,72.3,0.0,0.0,15.67,FUNGI_ALERT_EXCESS_WATER
48.61,7.09,90.92,4.85,100.0,0.0,0.0,54.94,LOW_TEMP_ALERT
78.79,24.28,58.86,22.44,70.08,0.0,0.0,88.01,OK
56.21,43.11,74.55,43.58,83.69,113016.51,3.1,61.47,VENTILATE
57.54,26.04,86.14,25.24,94.97,7777.45,0.0,51.41,LOW_LIGHT
13.64,27.0,29.77,26.93,32.87,4966.32,0.0,78.95,NOT_ABLE_TO_WATER
5.81,31.29,57.65,28.95,65.84,157285.8,4.91,84.13,WATER
70.77,34.48,51.47,33.45,49.64,92628.81,0.11,51.87,EXCESS_WATER
9.27,30.47,82.68,29.5,100.0,142056.73,5.06,27.32,WATER
35.35,26.34,24.42,24.64,21.04,0.0,0.0,35.09,NOT_ABLE_TO_WATER
35.43,31.55,79.66,31.02,91.93,0.0,0.0,40.79,NOT_ABLE_TO_WATER
95.39,43.27,87.29,43.76,90.65,157285.8,6.51,93.56,VENTILATE
43.43,36.62,69.55,32.54,58.68,32495.74,1.2,44.35,OK
16.09,26.4,41.11,24.9,58.23,138542.59,4.74,14.76,WATER
77.41,34.72,31.21,32.37,40.06,157285.8,4.85,74.93,OK
6.24,17.74,71.53,13.94,58.83,110687.85,3.8,14.74,WATER
47.5,5.47,16.06,6.7,15.3,125.94,0.35,49.27,LOW_TEMP_ALERT
86.97,33.47,44.05,33.27,48.04,157285.8,5.27,77.13,OK
46.86,6.93,68.66,4.42,73.37,0.0,0.0,39.48,LOW_TEMP_ALERT
53.65,11.59,74.44,10.6,64.35,26251.55,0.96,48.13,LOW_TEMP_ALERT
72.29,41.15,57.63,42.41,50.1,0.0,0.0,79.96,NOT_ABLE_TO_VENTILATE
45.67,34.63,82.92,31.99,79.61,0.0,0.0,32.09,OK
14.8,27.09,42.76,26.88,57.99,0.0,0.0,21.64,NOT_ABLE_TO_WATER
87.43,39.42,84.57,39.14,73.64,3591.0,0.25,86.62,NOT_ABLE_TO_VENTILATE
94.61,32.46,30.12,29.72,40.57,7932.46,0.0,90.35,LOW_LIGHT
84.02,13.74,24.4,11.1,24.63,0.0,0.0,94.46,LOW_TEMP_ALERT
6.46,26.13,73.06,23.95,68.8,136405.48,4.22,57.19,WATER
36.19,38.58,27.07,38.6,25.84,3007.34,0.07,27.58,NOT_ABLE_TO_WATER
58.68,42.86,68.09,40.96,78.64,0.0,0.0,48.83,NOT_ABLE_TO_VENTILATE
48.07,33.6,60.75,31.92,63.08,0.0,0.0,46.2,OK
71.29,26.06,80.78,23.27,71.26,14303.23,0.62,68.8,OK
70.72,29.66,91.59,30.35,94.67,58543.05,2.08,78.58,OK
89.02,37.6,32.42,36.8,32.97,35506.47,0.76,77.36,NOT_ABLE_TO_VENTILATE
57.78,11.14,64.05,8.07,70.0,0.0,0.0,51.8,LOW_TEMP_ALERT
44.5,13.11,91.05,9.92,100.0,11959.76,0.65,44.24,LOW_TEMP_ALERT
92.25,29.37,87.65,25.0,87.28,157285.8,5.09,94.37,OK
56.98,16.34,69.34,13.45,78.01,27463.26,0.92,84.34,NOT_ABLE_TO_WATER
30.36,38.87,49.25,40.21,50.25,0.0,0.0,27.86,NOT_ABLE_TO_WATER
36.05,44.5,52.98,40.48,62.73,49556.8,1.94,45.02,NOT_ABLE_TO_WATER
39.1,8.97,67.35,8.57,77.84,123141.78,4.38,50.17,WATER
63.73,40.18,24.37,38.47,30.44,35232.25,1.77,29.51,EXCESS_WATER
16.26,16.25,nan,13.71,32.19,157285.8,5.76,12.45,INSUFFICIENT_DATA
85.87,30.72,45.92,30.05,59.85,157285.8,5.18,84.2,OK
85.54,22.01,59.21,21.14,60.25,157285.8,6.24,74.38,OK
33.24,11.44,82.73,12.16,87.03,0.0,0.0,35.31,NOT_ABLE_TO_WATER
59.27,30.39,66.8,24.61,80.96,0.0,0.0,59.02,OK
26.0,35.52,19.85,32.51,25.15,0.0,0.0,21.03,NOT_ABLE_TO_WATER
31.64,35.26,15.64,32.16,21.88,0.0,0.0,69.44,NOT_ABLE_TO_WATER
87.65,37.7,27.71,38.61,29.03,157285.8,5.61,76.32,VENTILATE
51.28,41.48,90.9,39.34,93.93,157285.8,5.48,51.91,VENTILATE
76.17,24.21,68.23,23.93,70.74,17920.6,1.22,76.33,OK
10.97,5.17,28.34,3.85,24.53,144955.83,5.51,17.13,WATER
83.44,26.77,56.23,24.78,67.63,45730.72,0.84,38.3,EXCESS_WATER
19.0,40.04,77.24,34.15,85.2,5746.84,0.0,25.33,NOT_ABLE_TO_WATER
76.82,25.41,64.02,21.99,76.57,157285.8,5.33,62.73,OK
23.6,33.77,33.7,29.61,56.64,920.66,0.0,33.35,NOT_ABLE_TO_WATER
43.8,6.98,33.27,2.56,30.54,0.0,0.0,20.31,FUNGI_ALERT_EXCESS_WATER
45.9,18.77,21.37,14.83,21.75,6985.37,0.74,51.0,LOW_TEMP_ALERT
57.2,43.61,45.85,42.55,36.65,157285.8,4.37,22.55,EXCESS_WATER
78.52,28.86,81.54,27.02,90.48,157285.8,4.68,69.83,OK
9.87,17.03,75.44,13.89,78.06,5467.52,0.46,58.56,NOT_ABLE_TO_WATER
56.31,31.48,51.91,31.9,52.8,1687.63,0.47,53.78,LOW_LIGHT
21.58,28.78,36.52,26.42,45.08,0.0,0.0,62.91,NOT_ABLE_TO_WATER
37.32,17.71,17.62,16.89,23.15,157285.8,6.28,29.64,WATER
21.04,28.22,52.41,23.44,63.34,0.0,0.0,18.64,NOT_ABLE_TO_WATER
39.44,10.79,83.48,11.57,87.74,5469.33,0.0,43.15,NOT_ABLE_TO_WATER
71.5,24.27,67.59,23.9,66.54,62896.26,2.65,72.97,OK
40.73,42.85,52.15,39.69,48.91,0.0,0.0,41.31,NOT_ABLE_TO_VENTILATE
52.1,13.77,92.48,13.13,100.0,43390.01,0.58,23.79,FUNGI_ALERT_EXCESS_WATER
66.75,39.41,22.46,38.23,27.74,157285.8,4.85,62.36,VENTILATE
98.59,39.63,75.83,37.63,68.99,0.0,0.0,47.73,FUNGI_ALERT_EXCESS_WATER
19.34,28.9,91.13,27.47,92.75,0.0,0.0,51.52,NOT_ABLE_TO_WATER
71.29,12.63,31.27,12.6,29.14,0.0,0.0,73.39,LOW_TEMP_ALERT
26.2,11.54,93.13,6.97,93.31,57893.88,2.41,21.94,WATER
81.72,18.21,71.04,17.29,74.26,0.0,0.0,82.98,OK
92.37,24.31,57.13,22.38,69.39,0.0,0.0,94.37,OK
80.78,19.11,62.06,14.99,68.47,8318.62,0.0,77.95,LOW_TEMP_ALERT
21.38,37.94,88.05,39.6,99.51,41591.11,1.23,30.31,NOT_ABLE_TO_WATER
23.55,30.55,76.84,26.97,87.51,0.0,0.0,32.42,NOT_ABLE_TO_WATER
40.2,13.4,29.49,14.09,32.17,0.0,0.0,38.89,LOW_TEMP_ALERT
77.41,20.29,44.86,20.79,50.06,0.0,0.0,67.85,OK
88.31,16.71,61.32,16.2,53.42,157285.8,5.61,52.95,EXCESS_WATER
47.44,17.62,45.58,12.54,50.29,119766.65,0.06,44.07,LOW_TEMP_ALERT
39.03,34.81,78.8,33.62,81.45,8759.78,0.27,40.78,NOT_ABLE_TO_WATER
8.3,6.59,64.86,8.62,66.3,0.0,0.0,49.28,NOT_ABLE_TO_WATER
52.55,32.2,60.99,32.34,54.29,0.0,0.0,60.97,OK
94.83,10.01,56.53,7.5,64.13,157285.8,4.96,34.7,EXCESS_WATER
10.55,40.56,39.5,38.46,35.56,157285.8,5.26,13.17,WATER
47.96,42.7,56.77,45.06,72.74,157285.8,5.15,42.32,VENTILATE
85.71,25.94,94.26,26.4,97.64,157285.8,4.6,30.45,FUNGI_ALERT_EXCESS_WATER
12.26,26.33,84.13,22.84,83.58,157285.8,4.7,16.76,WATER
37.69,37.1,41.42,36.59,41.01,128413.5,3.78,35.69,WATER
95.51,8.37,43.23,8.51,42.88,54280.69,1.98,74.9,EXCESS_WATER
32.28,20.9,76.87,22.22,84.26,116163.96,2.94,34.39,WATER
30.29,33.65,75.02,31.2,78.67,157285.8,6.04,11.01,WATER
48.07,32.87,64.66,32.7,82.66,0.0,0.0,51.65,OK
18.25,29.21,48.34,29.04,65.15,0.0,0.0,21.91,NOT_ABLE_TO_WATER
6.78,24.24,34.02,23.08,31.68,4591.49,0.07,82.57,NOT_ABLE_TO_WATER
38.24,15.1,85.5,12.7,93.27,53270.96,1.08,36.43,NOT_ABLE_TO_WATER
52.07,32.79,37.71,29.12,41.03,4183.55,0.0,51.53,LOW_LIGHT
63.62,32.89,78.51,30.98,84.2,157285.8,4.73,64.01,OK
36.89,13.59,58.3,12.73,67.97,157285.8,5.59,32.78,WATER
22.64,32.97,67.35,33.41,86.6,157285.8,0.06,29.47,NOT_ABLE_TO_WATER
14.43,26.72,51.96,26.36,48.26,119526.68,4.35,18.27,WATER
47.88,10.09,28.67,9.36,35.53,5926.12,0.31,58.15,LOW_TEMP_ALERT
81.0,26.42,39.16,25.6,36.97,157285.8,5.2,83.4,OK
7.86,6.27,82.54,5.97,100.0,35055.7,1.29,13.8,NOT_ABLE_TO_WATER
85.75,28.55,82.77,26.15,80.09,0.0,0.0,83.27,OK
86.1,25.76,76.74,24.06,89.87,0.0,0.0,84.43,OK
56.86,17.23,90.97,19.34,76.53,4102.33,0.0,59.7,LOW_LIGHT
89.34,39.69,94.88,36.51,86.92,0.0,0.0,87.64,NOT_ABLE_TO_VENTILATE
70.01,26.55,46.9,24.75,41.96,157285.8,5.47,25.89,EXCESS_WATER
84.55,17.08,63.57,14.86,68.34,0.0,0.0,86.35,LOW_TEMP_ALERT
39.05,17.57,73.29,17.84,74.48,22993.66,1.22,37.69,NOT_ABLE_TO_WATER
33.12,12.59,47.98,10.54,49.91,9155.0,0.68,30.81,NOT_ABLE_TO_WATER
8.94,36.22,76.55,39.63,80.36,0.0,0.0,92.22,NOT_ABLE_TO_WATER
19.86,40.4,87.33,36.09,97.38,12779.41,0.7,22.12,NOT_ABLE_TO_WATER
71.45,25.37,46.52,21.93,59.83,122218.74,4.9,73.91,OK
23.35,24.07,77.43,21.95,100.0,0.0,0.0,33.56,NOT_ABLE_TO_WATER
12.88,23.84,57.37,21.44,66.91,0.0,0.0,65.45,NOT_ABLE_TO_WATER
55.27,5.37,35.51,5.4,46.14,0.0,0.0,23.6,FUNGI_ALERT_EXCESS_WATER
40.34,39.34,34.3,33.99,42.5,0.0,0.0,80.57,NOT_ABLE_TO_WATER
54.13,15.85,74.68,17.13,83.86,279.02,0.0,70.09,NOT_ABLE_TO_WATER
63.9,37.51,84.22,37.74,81.28,157285.8,5.93,60.61,VENTILATE
27.13,31.29,25.94,29.76,35.88,157285.8,4.85,27.04,WATER
38.78,17.27,17.02,12.39,52.92,28253.55,2.05,65.08,WATER
53.36,36.62,41.83,31.21,39.59,63138.65,2.26,46.71,OK
89.22,15.46,21.68,15.13,20.93,544.47,0.0,90.77,LOW_LIGHT
63.66,26.34,60.96,23.2,68.69,0.0,0.0,68.03,OK
42.37,24.46,45.78,26.01,43.02,157285.8,4.55,41.59,OK
50.41,24.45,23.69,21.98,20.65,157285.8,5.5,44.02,OK
24.86,15.05,41.93,11.36,56.09,12888.31,0.0,25.84,NOT_ABLE_TO_WATER
67.36,40.51,15.79,41.54,5.29,0.0,0.0,67.55,HYDRIC_STRESS_ALERT
72.92,11.41,32.67,7.38,42.14,0.0,0.0,70.39,LOW_TEMP_ALERT
74.12,42.56,79.61,42.91,69.35,113576.63,3.93,68.85,VENTILATE
42.64,36.35,88.92,35.32,77.91,0.0,0.0,33.75,OK
82.47,32.21,79.85,30.77,80.2,106646.33,3.98,23.29,FUNGI_ALERT_EXCESS_WATER
49.47,13.39,29.36,13.69,32.39,14941.57,0.86,48.16,LOW_TEMP_ALERT
8.6,34.17,46.85,33.81,33.96,149877.03,5.19,14.27,WATER
18.44,36.94,32.3,33.65,44.64,49605.55,1.31,11.7,NOT_ABLE_TO_WATER
20.32,5.66,48.43,3.91,55.75,0.0,0.0,16.85,NOT_ABLE_TO_WATER
38.81,14.55,52.32,12.37,62.9,9048.56,0.1,11.26,NOT_ABLE_TO_WATER
85.1,18.37,25.63,15.72,36.32,157285.8,6.74,41.96,EXCESS_WATER
62.99,6.8,39.57,6.39,34.58,139061.2,4.46,32.39,EXCESS_WATER
56.03,29.96,62.12,30.55,62.15,0.0,0.0,57.91,OK
78.03,43.73,85.4,42.36,88.69,25994.2,0.78,62.36,FUNGI_ALERT_EXCESS_WATER
73.94,30.8,89.69,31.51,97.4,0.0,0.0,71.2,OK
22.96,36.1,49.61,34.01,31.79,0.0,0.0,16.95,NOT_ABLE_TO_WATER
11.76,44.21,57.72,44.12,66.19,22526.4,1.09,42.9,NOT_ABLE_TO_WATER
23.7,27.34,84.74,25.63,80.92,157285.8,5.68,23.18,WATER
92.75,44.22,32.34,41.71,39.34,53856.04,0.83,82.24,NOT_ABLE_TO_VENTILATE
66.46,23.75,21.97,24.36,31.72,121181.53,4.32,75.11,OK
33.87,34.15,27.82,32.17,28.35,46603.06,1.51,30.42,NOT_ABLE_TO_WATER
37.68,40.3,81.53,39.44,89.6,0.0,0.0,34.68,NOT_ABLE_TO_WATER
81.3,21.91,72.77,20.11,73.91,5242.51,0.0,83.03,LOW_LIGHT
48.15,43.55,70.37,nan,67.25,0.0,0.0,52.9,INSUFFICIENT_DATA
44.01,17.42,35.22,13.24,36.97,157285.8,0.12,34.78,LOW_TEMP_ALERT
75.31,27.2,38.52,24.0,50.56,2732.0,0.37,52.74,EXCESS_WATER
83.89,10.35,18.7,7.08,36.86,95557.94,2.68,80.99,LOW_TEMP_ALERT
73.04,31.35,88.25,32.74,91.88,157285.8,4.27,72.91,OK
71.95,32.45,36.85,28.83,33.66,87301.75,2.98,69.92,OK
43.18,38.28,90.31,41.86,100.0,157285.8,0.03,30.23,NOT_ABLE_TO_VENTILATE
33.11,14.9,51.22,9.46,56.17,157285.8,4.65,34.21,WATER
16.62,27.14,53.51,25.74,66.17,0.0,0.0,94.43,NOT_ABLE_TO_WATER
54.35,23.65,17.89,23.77,23.51,22795.2,1.18,82.72,NOT_ABLE_TO_WATER
57.58,40.41,67.35,37.22,75.51,157285.8,5.2,57.03,VENTILATE
66.9,44.69,19.15,44.2,29.91,0.0,0.0,69.39,HYDRIC_STRESS_ALERT
52.08,43.64,22.33,43.72,32.32,157285.8,5.38,63.95,HYDRIC_STRESS_ALERT
51.7,13.12,34.27,11.06,37.85,157285.8,5.46,53.44,LOW_TEMP_ALERT
60.81,6.31,68.32,5.33,88.51,5002.27,0.54,57.75,LOW_TEMP_ALERT
66.21,28.5,22.88,25.17,32.22,8113.16,0.0,68.85,LOW_LIGHT
30.86,17.02,36.04,14.93,30.64,0.0,0.0,30.94,NOT_ABLE_TO_WATER
56.64,25.57,26.17,23.76,27.83,5195.05,0.24,49.96,LOW_LIGHT
29.21,32.66,61.35,32.56,64.38,0.0,0.0,28.91,NOT_ABLE_TO_WATER
15.78,17.41,32.02,16.12,36.19,0.0,0.0,13.87,NOT_ABLE_TO_WATER
64.71,44.16,43.84,43.34,48.22,0.0,0.0,64.17,NOT_ABLE_TO_VENTILATE
87.19,8.64,33.56,8.54,36.34,27769.55,0.94,34.29,EXCESS_WATER
52.78,40.01,56.44,37.76,65.96,0.0,0.0,68.5,NOT_ABLE_TO_WATER
76.74,14.03,43.26,12.15,44.56,5221.06,0.06,43.98,EXCESS_WATER
48.31,13.42,45.05,12.35,45.25,89263.21,2.97,52.65,LOW_TEMP_ALERT
73.87,24.85,75.83,21.7,91.37,157285.8,5.07,48.0,FUNGI_ALERT_EXCESS_WATER
4.23,44.88,80.74,42.27,83.66,113606.57,4.19,83.29,WATER
28.96,35.41,20.07,29.79,24.48,8395.07,0.62,27.5,NOT_ABLE_TO_WATER
87.62,24.56,78.31,26.19,85.86,37129.86,1.36,85.62,OK
20.83,43.22,29.11,38.26,31.43,0.0,0.0,21.7,NOT_ABLE_TO_WATER
0.58,31.89,70.37,30.39,73.16,78758.49,2.65,33.55,WATER
60.24,18.23,81.74,18.12,80.48,0.0,0.0,34.22,FUNGI_ALERT_EXCESS_WATER
69.44,9.14,31.87,7.86,50.23,157285.8,4.53,70.37,LOW_TEMP_ALERT
7.41,20.91,53.99,17.61,64.5,94455.77,3.1,13.56,WATER
46.61,12.96,28.43,14.28,21.0,47762.09,0.8,53.08,LOW_TEMP_ALERT
47.72,22.3,56.52,22.69,50.47,4981.9,0.0,47.63,LOW_LIGHT
25.6,20.53,93.67,21.87,100.0,0.0,0.0,21.57,NOT_ABLE_TO_WATER
100.0,34.02,47.78,29.15,55.32,49669.5,0.89,93.05,OK
38.59,11.9,42.65,10.39,56.31,0.0,0.0,39.08,NOT_ABLE_TO_WATER
26.95,11.28,87.65,9.03,86.4,9970.75,0.49,89.11,NOT_ABLE_TO_WATER
50.52,15.96,38.92,13.55,31.38,0.0,0.0,75.08,NOT_ABLE_TO_WATER
51.92,18.68,19.98,23.27,26.65,0.0,0.0,46.61,OK
63.66,14.3,44.7,12.72,47.85,157285.8,4.81,66.24,LOW_TEMP_ALERT
86.19,28.14,93.72,26.54,94.88,0.0,0.0,92.29,OK
17.31,44.61,90.35,39.92,96.49,33615.14,1.4,14.36,NOT_ABLE_TO_WATER
72.06,44.61,55.68,43.99,70.41,157285.8,4.28,81.15,VENTILATE
78.97,29.73,15.26,30.26,35.86,0.0,0.0,75.53,OK
26.38,29.33,54.46,26.81,57.03,0.0,0.0,36.63,NOT_ABLE_TO_WATER
3.87,39.52,44.96,37.95,51.68,7951.73,0.0,89.13,NOT_ABLE_TO_WATER
88.83,28.73,26.38,28.97,32.09,157285.8,4.82,12.29,EXCESS_WATER
60.88,39.67,60.23,37.34,75.31,157285.8,5.2,62.18,VENTILATE
70.23,7.33,53.38,6.21,69.37,157285.8,4.71,67.19,LOW_TEMP_ALERT
36.59,14.41,66.15,13.84,65.39,0.0,0.0,31.0,NOT_ABLE_TO_WATER
51.11,35.34,68.53,35.31,85.06,0.0,0.0,84.98,NOT_ABLE_TO_WATER
79.77,40.05,82.29,38.43,75.27,157285.8,5.04,83.75,VENTILATE
26.73,7.98,22.21,7.51,25.74,0.0,0.0,16.81,NOT_ABLE_TO_WATER
89.56,40.72,41.26,40.73,33.61,0.0,0.0,30.27,FUNGI_ALERT_EXCESS_WATER
12.68,18.86,73.79,17.56,70.22,157285.8,4.94,15.88,WATER
49.9,40.16,76.26,39.57,84.89,157285.8,4.83,77.64,WATER
66.31,16.87,88.9,15.34,92.01,46489.21,1.32,65.39,OK
12.07,10.72,73.19,11.67,78.74,157285.8,5.28,27.15,WATER
30.33,41.83,80.0,38.27,96.55,580.16,0.0,16.91,NOT_ABLE_TO_WATER
48.29,39.14,50.24,33.64,52.18,157285.8,4.29,42.06,OK
73.6,7.44,28.85,3.99,38.11,0.0,0.0,66.23,LOW_TEMP_ALERT
24.07,26.62,55.85,26.39,60.59,49694.49,2.22,20.73,WATER
16.02,32.32,43.87,30.98,52.49,2324.8,0.0,21.71,NOT_ABLE_TO_WATER
61.24,10.63,17.63,13.43,15.16,0.0,0.0,89.78,NOT_ABLE_TO_WATER
49.04,20.14,21.34,18.0,21.13,157285.8,5.76,52.26,OK
8.86,44.22,25.29,45.61,34.36,4679.82,0.16,17.96,NOT_ABLE_TO_WATER
22.9,27.2,88.91,26.5,100.0,8135.68,0.82,29.71,NOT_ABLE_TO_WATER
45.94,29.14,82.37,25.89,69.56,35968.51,1.98,15.44,FUNGI_ALERT_EXCESS_WATER
25.01,42.35,92.94,46.43,99.84,0.0,0.0,58.28,NOT_ABLE_TO_WATER
87.96,15.36,21.96,15.05,42.27,157285.8,5.18,93.14,OK
25.82,29.45,25.66,27.56,34.3,0.0,0.0,23.35,NOT_ABLE_TO_WATER
